port_name,country,lat,lon,source_file,lat_lon_status,vessel_count_total
Tsuruga,Japan,35.66719379,136.0706107,world_ports_master.csv,REAL,529
Sibolga,Indonesia,1.734969159,98.78171534,world_ports_master.csv,REAL,81
Fangcheng,China,21.61420534,108.3643393,world_ports_master.csv,REAL,1968
Ube,Japan,33.94487467,131.2131838,world_ports_master.csv,REAL,4799
Bluff Harbor,New Zealand,-46.59012995,168.360216,world_ports_master.csv,REAL,240
Tynemouth,United Kingdom,54.98616295,-1.475073161,world_ports_master.csv,REAL,440
Penglai,China,37.79885005,120.7289755,world_ports_master.csv,REAL,180
Misrata,Libya,32.34398379,15.21512828,world_ports_master.csv,REAL,930
Khorramshahr,Iran,30.44360334,48.15439964,world_ports_master.csv,REAL,154
Uno,Japan,34.56607811,133.9734693,world_ports_master.csv,REAL,270
Stagen,Indonesia,-3.279758294,116.1224426,world_ports_master.csv,REAL,399
Nowshahr Port,Iran,36.65505162,51.50857211,world_ports_master.csv,REAL,174
Qingdao Port,China,36.02677905,120.2226181,world_ports_master.csv,REAL,11381
Uwajima,Japan,33.2210061,132.5502829,world_ports_master.csv,REAL,107
Alexandria,Egypt,31.15536502,29.83759053,world_ports_master.csv,REAL,3206
Mina Al Ahmadi,Kuwait,29.0455478,48.14514574,world_ports_master.csv,REAL,509
Wisbech,United Kingdom,52.66901607,0.154648333,world_ports_master.csv,REAL,71
Kitakyushu (Wakamatsu),Japan,33.91060335,130.8126336,world_ports_master.csv,REAL,6205
Dongjiakou,China,35.60931763,119.763278,world_ports_master.csv,REAL,2103
As Suways,Egypt,29.95100833,32.53063921,world_ports_master.csv,REAL,194
Amsterdam,The Netherlands,52.41036165,4.819634112,world_ports_master.csv,REAL,8246
Surabaya,Indonesia,-7.200873409,112.7216675,world_ports_master.csv,REAL,6104
Wakayama-Shimotsu,Japan,34.18417973,135.1334894,world_ports_master.csv,REAL,4517
Hay Point,Australia,-21.28124079,149.287454,world_ports_master.csv,REAL,1091
Workington,United Kingdom,54.65091454,-3.56319396,world_ports_master.csv,REAL,90
Qinzhou,China,21.67876784,108.6383226,world_ports_master.csv,REAL,3588
Gisborne,New Zealand,-38.67590403,178.0277769,world_ports_master.csv,REAL,120
Qinhuangdao,China,39.92645539,119.6500066,world_ports_master.csv,REAL,3049
Tanah Merah,Indonesia,-1.820176741,116.1567239,world_ports_master.csv,REAL,102
San Giorgio,Italy,45.78711073,13.22900917,world_ports_master.csv,REAL,254
Qiwei,China,31.99831756,120.6176242,world_ports_master.csv,REAL,5837
Yatsushiro,Japan,32.52343634,130.5536759,world_ports_master.csv,REAL,897
Morehead City,United States,34.71782416,-76.69601781,world_ports_master.csv,REAL,127
Safaga,Egypt,26.72555551,33.9422311,world_ports_master.csv,REAL,221
Yawatahama,Japan,33.45700083,132.4170745,world_ports_master.csv,REAL,101
Fuzhou,China,25.77760491,119.4743241,world_ports_master.csv,REAL,2718
Yokkaichi,Japan,34.97134904,136.6563083,world_ports_master.csv,REAL,7678
Quanzhou,China,24.84610329,118.7030793,world_ports_master.csv,REAL,710
Tanjung Benete,Indonesia,-8.901785947,116.7448775,world_ports_master.csv,REAL,177
Delfzijl,The Netherlands,53.31497835,6.964153498,world_ports_master.csv,REAL,733
Abidjan,Côte d'Ivoire,5.283956223,-4.010908317,world_ports_master.csv,REAL,1508
Port Said,Egypt,31.24958629,32.30771942,world_ports_master.csv,REAL,857
Rizhao,China,35.34890965,119.5325575,world_ports_master.csv,REAL,3069
Hobart,Australia,-42.84702725,147.3220197,world_ports_master.csv,REAL,157
Yokohama,Japan,35.42755553,139.6688123,world_ports_master.csv,REAL,14372
Tanjung Geren,Indonesia,-5.963722374,105.9991515,world_ports_master.csv,REAL,888
Yokosuka,Japan,35.32099664,139.6535592,world_ports_master.csv,REAL,696
Damietta,Egypt,31.46213686,31.75947248,world_ports_master.csv,REAL,2238
Aktau Port,Kazakhstan,43.60236745,51.22857007,world_ports_master.csv,REAL,1030
San Pedro,Côte d'Ivoire,4.744742838,-6.618654452,world_ports_master.csv,REAL,391
Bautino,Kazakhstan,44.55577479,50.25897914,world_ports_master.csv,REAL,36
Al Adabiyah,Egypt,29.90416291,32.46211563,world_ports_master.csv,REAL,475
Abu Dhabi,United Arab Emirates,24.61243288,54.563683,world_ports_master.csv,REAL,1103
Akureyri,Iceland,65.69501582,-18.09587949,world_ports_master.csv,REAL,128
Ajman,United Arab Emirates,25.41978684,55.45367849,world_ports_master.csv,REAL,363
Djúpivogur,Iceland,64.66058562,-14.28688965,world_ports_master.csv,REAL,7
Al Hamriyah LPG Terminal,United Arab Emirates,25.46752849,55.49501172,world_ports_master.csv,REAL,1194
Eskifjordhur,Iceland,65.04291822,-14.08675648,world_ports_master.csv,REAL,188
Sharjah,United Arab Emirates,25.36312735,55.37623329,world_ports_master.csv,REAL,1364
Reykjavík,Iceland,64.16372639,-21.84320935,world_ports_master.csv,REAL,568
Dubai,United Arab Emirates,25.27337362,55.290821,world_ports_master.csv,REAL,1752
Aqaba,Jordan,29.45171189,34.95864074,world_ports_master.csv,REAL,952
New Bedford,United States,41.62842538,-70.91210615,world_ports_master.csv,REAL,10
Sanshandaocun,China,37.41485613,119.9564727,world_ports_master.csv,REAL,411
Fujairah,United Arab Emirates,25.20017278,56.35942059,world_ports_master.csv,REAL,3462
Shantou,China,23.39769643,116.6032633,world_ports_master.csv,REAL,552
Jabal Az Zannah-Ruways,United Arab Emirates,24.12697586,52.71021364,world_ports_master.csv,REAL,1379
Shanghai,China,31.19179536,121.6441968,world_ports_master.csv,REAL,41093
Khor Fakkan,United Arab Emirates,25.35368858,56.36875484,world_ports_master.csv,REAL,293
Shekou (Shenzhen),China,22.58146762,113.8103377,world_ports_master.csv,REAL,3509
Jebel Ali,United Arab Emirates,24.99941947,55.07781687,world_ports_master.csv,REAL,7734
Shidao Newport,China,36.88099953,122.4025344,world_ports_master.csv,REAL,1110
Mina Saqr,United Arab Emirates,25.96728647,56.06305892,world_ports_master.csv,REAL,1467
Shijing Longxiang,China,24.6609656,118.4382757,world_ports_master.csv,REAL,185
Umm al Qaiwain,United Arab Emirates,25.58810902,55.58024004,world_ports_master.csv,REAL,127
Shougang Jingtang,China,39.00686524,118.4754927,world_ports_master.csv,REAL,4800
Napier,New Zealand,-39.47534995,176.9179294,world_ports_master.csv,REAL,539
Al Basrah,Iraq,30.55796288,47.79778641,world_ports_master.csv,REAL,5
Sarroch Oil Terminal,Italy,39.08586095,9.013000658,world_ports_master.csv,REAL,649
Umm Qasr,Iraq,30.1137845,47.90182168,world_ports_master.csv,REAL,1943
Gaogang,China,32.31346734,119.8111009,world_ports_master.csv,REAL,1010
Ras Lanuf (Al Burayqah),Libya,30.40706634,19.59836261,world_ports_master.csv,REAL,67
Az Zawiyah,Libya,32.78550356,12.70000845,world_ports_master.csv,REAL,182
Latakia,Syria,35.52359965,35.77044914,world_ports_master.csv,REAL,189
Benghazi,Libya,32.1115254,20.04737392,world_ports_master.csv,REAL,526
Ez Zueitina,Libya,30.89542737,20.08311579,world_ports_master.csv,REAL,37
Eemshaven,The Netherlands,53.44141225,6.841979621,world_ports_master.csv,REAL,617
Khoms,Libya,32.67784227,14.24506823,world_ports_master.csv,REAL,249
Mellitah,Libya,32.85456191,12.23806372,world_ports_master.csv,REAL,55
New Haven,United States,41.27574662,-72.89315049,world_ports_master.csv,REAL,169
Marsa Tobruk,Libya,32.06112409,23.98421662,world_ports_master.csv,REAL,114
Tripoli,Libya,32.90465619,13.20058361,world_ports_master.csv,REAL,364
Nelson,New Zealand,-41.26122281,173.2760081,world_ports_master.csv,REAL,324
Palma de Mallorca,Spain,39.55412038,2.632705972,world_ports_master.csv,REAL,234
Acajutla,El Salvador,13.57544007,-89.82967226,world_ports_master.csv,REAL,661
Shui Dong,China,21.47648316,111.0730326,world_ports_master.csv,REAL,623
Savona,Italy,44.31020779,8.493827276,world_ports_master.csv,REAL,704
Acapulco,Mexico,16.84281811,-99.8724081,world_ports_master.csv,REAL,90
Koolan,Australia,-16.14294107,123.7504541,world_ports_master.csv,REAL,31
Sundaomen Wuz,China,38.05634359,118.0393478,world_ports_master.csv,REAL,117
Ålesund,Norway,62.4728339,6.154027256,world_ports_master.csv,REAL,929
Taganrog,Russian Federation,47.20266132,38.95006857,world_ports_master.csv,REAL,431
Gourd Shanzui,China,39.53469957,121.2982468,world_ports_master.csv,REAL,2148
Suzhou (Taicang),China,31.68751575,121.137616,world_ports_master.csv,REAL,8374
Harlingen,The Netherlands,53.1828773,5.428138301,world_ports_master.csv,REAL,248
Abbot Point,Australia,-19.89375525,148.0776204,world_ports_master.csv,REAL,366
Alvika,Norway,62.47917202,6.371692045,world_ports_master.csv,REAL,302
Tangshan (Jingtang),China,39.23528919,119.0212469,world_ports_master.csv,REAL,3492
Mackay,Australia,-21.10734084,149.222819,world_ports_master.csv,REAL,195
Tanjung Sangata,Indonesia,0.534994857,117.6428356,world_ports_master.csv,REAL,396
Tianjin Xin Gang,China,38.9397259,117.7336149,world_ports_master.csv,REAL,11678
New Orleans,United States,29.93003343,-90.13086772,world_ports_master.csv,REAL,5783
Altamira,Mexico,22.48409602,-97.88500212,world_ports_master.csv,REAL,1692
Weifang Port,China,37.26008605,119.0414526,world_ports_master.csv,REAL,982
Teluk Bayur,Indonesia,-1.021178175,100.3880034,world_ports_master.csv,REAL,1138
Coatzacoalcos,Mexico,18.12075961,-94.40048653,world_ports_master.csv,REAL,1148
Guangdong Yangjiang Port,China,21.69554902,111.8415794,world_ports_master.csv,REAL,576
Alger,Algeria,36.76668624,3.06628765,world_ports_master.csv,REAL,1075
Dos Bocas Terminal,Mexico,18.4321946,-93.18303296,world_ports_master.csv,REAL,108
New Plymouth,New Zealand,-39.0583807,174.0315698,world_ports_master.csv,REAL,264
Ensenada,Mexico,31.84956467,-116.6245993,world_ports_master.csv,REAL,365
Vladivostok,Russian Federation,43.09088665,131.8967883,world_ports_master.csv,REAL,4051
Weihai,China,37.45036229,122.2123773,world_ports_master.csv,REAL,868
Taranto,Italy,40.50043567,17.19039046,world_ports_master.csv,REAL,766
IJmuiden,The Netherlands,52.47671569,4.617278256,world_ports_master.csv,REAL,3079
Guaymas,Mexico,27.92331318,-110.8673642,world_ports_master.csv,REAL,400
Årdalstangen,Norway,61.2355915,7.709705946,world_ports_master.csv,REAL,202
Wenzhou,China,28.0006769,120.9135209,world_ports_master.csv,REAL,583
New York-New Jersey,United States,40.63298387,-74.17942126,world_ports_master.csv,REAL,3883
Lazaro Cardenas,Mexico,17.94425213,-102.1843711,world_ports_master.csv,REAL,1620
Xiagong,China,26.56552028,119.7215338,world_ports_master.csv,REAL,1613
Melbourne,Australia,-37.82817816,144.9175597,world_ports_master.csv,REAL,1962
Tg. Sorong,Indonesia,-0.876728719,131.2494015,world_ports_master.csv,REAL,254
Manzanillo,Mexico,19.05626745,-104.2876609,world_ports_master.csv,REAL,1875
Xiamen,China,24.46593394,118.0205536,world_ports_master.csv,REAL,7761
Rotterdam,The Netherlands,51.92228121,4.215144967,world_ports_master.csv,REAL,32584
Broome,Australia,-18.0005002,122.2067394,world_ports_master.csv,REAL,56
Xiuyu,China,25.16527891,118.9870449,world_ports_master.csv,REAL,2353
Guangxi Beibu Gulf Port,China,21.51087873,109.5385338,world_ports_master.csv,REAL,603
Annaba,Algeria,36.89622629,7.76762179,world_ports_master.csv,REAL,435
Mazatlan,Mexico,23.19306025,-106.41681,world_ports_master.csv,REAL,543
Ardal,Norway,59.14645139,6.170705035,world_ports_master.csv,REAL,139
Arzew,Algeria,35.81923502,-0.267622305,world_ports_master.csv,REAL,1147
Yangpu,China,19.7673758,109.1758947,world_ports_master.csv,REAL,1801
Pichilingue,Mexico,24.27059407,-110.3307462,world_ports_master.csv,REAL,424
Trieste,Italy,45.62262646,13.7898372,world_ports_master.csv,REAL,1915
Duba Bulk Plant Tanker Terminal,Saudi Arabia,27.32760527,35.73491023,world_ports_master.csv,REAL,77
Yantai,China,37.55733184,121.4106202,world_ports_master.csv,REAL,1925
Progreso,Mexico,21.34384604,-89.67539375,world_ports_master.csv,REAL,587
Vostochnyy,Russian Federation,42.73190378,133.0528358,world_ports_master.csv,REAL,1365
Rosarito,Mexico,32.37533608,-117.0700294,world_ports_master.csv,REAL,134
Terneuzen,The Netherlands,51.31267679,3.813210078,world_ports_master.csv,REAL,5581
Bunbury,Australia,-33.32230005,115.6645375,world_ports_master.csv,REAL,436
Yantian,China,22.58487742,114.2935158,world_ports_master.csv,REAL,3421
Salina Cruz,Mexico,16.19017688,-95.18846509,world_ports_master.csv,REAL,262
Milner Bay,Australia,-13.85877777,136.4230736,world_ports_master.csv,REAL,144
Yingkou,China,40.72688954,122.0429706,world_ports_master.csv,REAL,1134
Tuban,Indonesia,-6.80448666,111.9012587,world_ports_master.csv,REAL,1000
San Miguel De Cozumel,Mexico,20.57479256,-87.13206904,world_ports_master.csv,REAL,113
Guangzhou (Nansha),China,23.02754052,113.4836,world_ports_master.csv,REAL,9654
Suzhou (Zhangjiagang),China,31.97462356,120.4288102,world_ports_master.csv,REAL,2849
Bejaia,Algeria,36.74560772,5.082295103,world_ports_master.csv,REAL,567
Tampico,Mexico,22.24980975,-97.82483356,world_ports_master.csv,REAL,680
Andoany,Madagascar,-13.40261812,48.21470202,world_ports_master.csv,REAL,21
Zhanjiang,China,21.21212795,110.4084103,world_ports_master.csv,REAL,2532
Topolobampo,Mexico,25.58916703,-109.055862,world_ports_master.csv,REAL,302
Newport News,United States,36.9838661,-76.43537098,world_ports_master.csv,REAL,407
Zhapu,China,30.63688515,121.1568835,world_ports_master.csv,REAL,2196
Jeddah,Saudi Arabia,21.46079659,39.16640594,world_ports_master.csv,REAL,3555
Picton,New Zealand,-41.28305426,174.0027603,world_ports_master.csv,REAL,54
Vyborg,Russian Federation,60.70438213,28.73659691,world_ports_master.csv,REAL,207
Burnie,Australia,-41.05338929,145.9106378,world_ports_master.csv,REAL,165
Bergen,Norway,60.4016113,5.227007273,world_ports_master.csv,REAL,1077
Makassar,Indonesia,-5.11187581,119.4168045,world_ports_master.csv,REAL,2101
Zhouliwang,China,37.70154909,121.0829932,world_ports_master.csv,REAL,1930
Vlissingen,The Netherlands,51.4561153,3.695779737,world_ports_master.csv,REAL,4257
Djen Djen,Algeria,36.82059245,5.886895265,world_ports_master.csv,REAL,385
Zhoushan,China,30.05635032,122.1008368,world_ports_master.csv,REAL,6370
Amuay (Bahia De Amuay),Venezuela,11.74458594,-70.20535531,world_ports_master.csv,REAL,231
Haifeng power,China,22.75341512,115.0438556,world_ports_master.csv,REAL,77
Ghazaouet,Algeria,35.1021977,-1.862537591,world_ports_master.csv,REAL,118
Tuxpan,Mexico,20.95612428,-97.33341544,world_ports_master.csv,REAL,403
Bata,Equatorial Guinea,1.825625916,9.739146968,world_ports_master.csv,REAL,184
Veracruz,Mexico,19.22121795,-96.15433676,world_ports_master.csv,REAL,2061
Aden,Yemen,12.78186553,44.95494325,world_ports_master.csv,REAL,420
Luba,Equatorial Guinea,3.463105583,8.546939103,world_ports_master.csv,REAL,48
Hudaydah (Hodeidah),Yemen,14.8331155,42.94343741,world_ports_master.csv,REAL,283
Malabo,Equatorial Guinea,3.769523972,8.734459388,world_ports_master.csv,REAL,336
Mukalla,Yemen,14.52061091,49.15123019,world_ports_master.csv,REAL,149
Batangas City,Philippines,13.74477092,121.0239173,world_ports_master.csv,REAL,2021
Agadir,Morocco,30.43857835,-9.649161718,world_ports_master.csv,REAL,640
Buco,Philippines,8.517492767,124.752947,world_ports_master.csv,REAL,763
Casablanca,Morocco,33.6066001,-7.578850396,world_ports_master.csv,REAL,2427
Butuan City,Philippines,9.276185803,125.5093629,world_ports_master.csv,REAL,37
Jorf Lasfar,Morocco,33.11351891,-8.609401598,world_ports_master.csv,REAL,1414
Cagayan de Oro,Philippines,8.486794083,124.7083013,world_ports_master.csv,REAL,981
Cebu,Philippines,10.31413032,123.9369534,world_ports_master.csv,REAL,2061
Davao,Philippines,7.17898108,125.6594664,world_ports_master.csv,REAL,1790
General Santos,Philippines,6.060167101,125.1478439,world_ports_master.csv,REAL,739
Mohammedia,Morocco,33.719245,-7.395453829,world_ports_master.csv,REAL,438
Antsiranana (Diego Suarez),Madagascar,-12.26905591,49.28869019,world_ports_master.csv,REAL,58
Iligan,Philippines,8.232619905,124.2274677,world_ports_master.csv,REAL,259
Mostaganem,Algeria,35.93460181,0.076892121,world_ports_master.csv,REAL,251
Oran,Algeria,35.71085451,-0.638375154,world_ports_master.csv,REAL,695
Skikda (Port Methanier),Algeria,36.87271664,6.950761304,world_ports_master.csv,REAL,596
Aliaga,Türkiye,38.80383336,26.93499829,world_ports_master.csv,REAL,795
Port Akdeniz,Türkiye,36.83889937,30.60620066,world_ports_master.csv,REAL,589
Bandirma,Türkiye,40.35306462,27.95774334,world_ports_master.csv,REAL,1025
Botas,Türkiye,36.87671576,35.91857273,world_ports_master.csv,REAL,528
Botas Natural Gas Terminal,Türkiye,40.9957964,27.96150412,world_ports_master.csv,REAL,826
Delta Terminal,Türkiye,36.86084344,36.15048769,world_ports_master.csv,REAL,313
Derince (Izmit-Kocaeli),Türkiye,40.75824677,29.77991916,world_ports_master.csv,REAL,1678
Eregli,Türkiye,41.26435669,31.41680907,world_ports_master.csv,REAL,707
Newcastle,Australia,-32.89445588,151.7577471,world_ports_master.csv,REAL,2196
Port Nador,Morocco,35.28304917,-2.923755551,world_ports_master.csv,REAL,274
Famagusta,Cyprus,35.23242113,33.96802252,world_ports_master.csv,REAL,585
"Jimenez, Ozamis",Philippines,8.260336175,123.8533364,world_ports_master.csv,REAL,80
Safi,Morocco,32.308167,-9.246595804,world_ports_master.csv,REAL,430
Manila,Philippines,14.59160879,120.8723998,world_ports_master.csv,REAL,8297
Tangier-Mediterranean,Morocco,35.87985242,-5.511023901,world_ports_master.csv,REAL,4177
Masao,Philippines,9.527274017,125.8400651,world_ports_master.csv,REAL,91
Åhus,Sweden,55.92880026,14.31794342,world_ports_master.csv,REAL,210
Nasipit Port,Philippines,8.981512096,125.3368598,world_ports_master.csv,REAL,133
Brofjorden,Sweden,58.34819267,11.42568914,world_ports_master.csv,REAL,896
Ormoc,Philippines,11.00605657,124.6025404,world_ports_master.csv,REAL,96
Falkenberg,Sweden,56.89932293,12.46702899,world_ports_master.csv,REAL,236
Puerto Princesa,Philippines,9.736639064,118.7327548,world_ports_master.csv,REAL,86
Gävle,Sweden,60.68762643,17.24581526,world_ports_master.csv,REAL,522
Subic Bay,Philippines,14.80314981,120.2913574,world_ports_master.csv,REAL,868
Göteborg,Sweden,57.70859887,11.88959944,world_ports_master.csv,REAL,3679
Surigao City,Philippines,9.815652287,125.4545559,world_ports_master.csv,REAL,23
Halmstad,Sweden,56.65646298,12.86634913,world_ports_master.csv,REAL,603
Norfolk,United States,36.84962748,-76.33049228,world_ports_master.csv,REAL,1162
Villanueva,Philippines,8.607068203,124.7600253,world_ports_master.csv,REAL,259
Helsingborg,Sweden,55.98575725,12.73910204,world_ports_master.csv,REAL,879
Gemlik,Türkiye,40.41272035,29.10348004,world_ports_master.csv,REAL,1305
Lyttelton,New Zealand,-43.60674767,172.7240293,world_ports_master.csv,REAL,668
Husum,Sweden,63.32298859,19.16519768,world_ports_master.csv,REAL,316
Golcuk,Türkiye,40.71919647,29.86667264,world_ports_master.csv,REAL,1128
Brevik,Norway,59.06385806,9.692281148,world_ports_master.csv,REAL,512
Kalmar,Sweden,56.65789386,16.36932542,world_ports_master.csv,REAL,317
Güllük,Türkiye,37.25373921,27.60607436,world_ports_master.csv,REAL,192
Haikou,China,20.03232283,110.2808268,world_ports_master.csv,REAL,361
Karlshamn,Sweden,56.16106721,14.79940067,world_ports_master.csv,REAL,801
Haydarpasa,Türkiye,41.00022011,29.01540042,world_ports_master.csv,REAL,382
Zamboanga,Philippines,6.908366515,122.0605671,world_ports_master.csv,REAL,189
Ehoala,Madagascar,-25.06680991,46.96379773,world_ports_master.csv,REAL,74
Frederiksvaerk,Denmark,55.96279548,12.01281698,world_ports_master.csv,REAL,412
Luleå,Sweden,65.55560307,22.25011654,world_ports_master.csv,REAL,401
Hopa,Türkiye,41.41066171,41.43080033,world_ports_master.csv,REAL,86
Onslow,Australia,-21.69639497,115.0017981,world_ports_master.csv,REAL,227
Malmö,Sweden,55.62686072,13.02682828,world_ports_master.csv,REAL,786
Iskenderun,Türkiye,36.60077591,36.19312026,world_ports_master.csv,REAL,1113
Batumi,Georgia,41.64860022,41.66863523,world_ports_master.csv,REAL,489
Thamshamm,Norway,63.31399096,9.852052612,world_ports_master.csv,REAL,276
Istanbul,Türkiye,40.96999344,28.73553234,world_ports_master.csv,REAL,9107
Oakland,United States,37.80816366,-122.3088942,world_ports_master.csv,REAL,1060
Moss,Sweden,59.44422932,10.66562711,world_ports_master.csv,REAL,397
Kulevi Oil Terminal,Georgia,42.26971683,41.63981523,world_ports_master.csv,REAL,116
Punta Lobitos,Peru,-10.10231349,-78.17935366,world_ports_master.csv,REAL,89
Izmir,Türkiye,38.4431577,27.15610909,world_ports_master.csv,REAL,1434
Tauranga,New Zealand,-37.66048847,176.1846333,world_ports_master.csv,REAL,1293
Norrköping,Sweden,58.61788863,16.22569715,world_ports_master.csv,REAL,881
Poti,Georgia,42.15927035,41.65710885,world_ports_master.csv,REAL,820
"Wilmington, NC",United States,34.20514713,-77.95014843,world_ports_master.csv,REAL,619
Bajo Grande,Venezuela,10.45828887,-71.58177702,world_ports_master.csv,REAL,129
Gebze,Türkiye,40.76656465,29.54451527,world_ports_master.csv,REAL,807
Nynäshamn,Sweden,58.91643073,17.96255364,world_ports_master.csv,REAL,207
Ancona,Italy,43.62166393,13.50209791,world_ports_master.csv,REAL,451
Bayonne,France,43.52825322,-1.497927789,world_ports_master.csv,REAL,404
Djupviken,Norway,63.75286522,11.30506543,world_ports_master.csv,REAL,412
Oskarshamn,Sweden,57.26745879,16.4672202,world_ports_master.csv,REAL,135
Tromsø,Norway,69.67410683,18.99273463,world_ports_master.csv,REAL,631
Bordeaux,France,44.90197412,-0.533966695,world_ports_master.csv,REAL,531
Karabiga,Türkiye,40.43477315,27.17613452,world_ports_master.csv,REAL,420
Haimen,China,28.83311121,121.5625881,world_ports_master.csv,REAL,399
Oxelösund,Sweden,58.67437856,17.12574089,world_ports_master.csv,REAL,515
Grenaa,Denmark,56.41625529,10.92704029,world_ports_master.csv,REAL,244
Calais,France,50.96799703,1.876083662,world_ports_master.csv,REAL,206
Mersin,Türkiye,36.80918666,34.65352386,world_ports_master.csv,REAL,3334
Majunga,Madagascar,-15.72612557,46.31131115,world_ports_master.csv,REAL,77
Piteå,Sweden,65.25667411,21.56056745,world_ports_master.csv,REAL,294
Aberdeen,United Kingdom,57.13992912,-2.076616768,world_ports_master.csv,REAL,766
Dunkirk,France,51.020683,2.266776649,world_ports_master.csv,REAL,2127
Nemrut Bay,Türkiye,38.75643773,26.93150481,world_ports_master.csv,REAL,4928
Skelleftehamn,Sweden,64.67469283,21.26605932,world_ports_master.csv,REAL,293
Toamasina,Madagascar,-18.15789697,49.4263411,world_ports_master.csv,REAL,398
Samsun,Türkiye,41.26087063,36.41526479,world_ports_master.csv,REAL,2492
Fos,France,43.4375649,4.887000029,world_ports_master.csv,REAL,1281
Skutskär,Sweden,60.64852582,17.39737787,world_ports_master.csv,REAL,112
Tulear (Toliara),Madagascar,-23.37321861,43.66993419,world_ports_master.csv,REAL,61
Tekirdag,Türkiye,40.93188863,27.48687073,world_ports_master.csv,REAL,1646
Salaverry,Peru,-8.22602573,-78.98129178,world_ports_master.csv,REAL,201
La Pallice,France,46.16013916,-1.213359172,world_ports_master.csv,REAL,734
Södertälje,Sweden,59.24029018,17.61919114,world_ports_master.csv,REAL,653
Saint-Brieuc,France,48.52821971,-2.725249362,world_ports_master.csv,REAL,109
Caucedo,Dominican Republic,18.41885296,-69.63329978,world_ports_master.csv,REAL,1059
Pepillo Salcedo (Manzanillo),Dominican Republic,19.70628311,-71.74342548,world_ports_master.csv,REAL,22
Haina,Dominican Republic,18.41384253,-70.02213412,world_ports_master.csv,REAL,1322
Les Sables D' Olonne,France,46.49899037,-1.791610533,world_ports_master.csv,REAL,172
Toros Gubre,Türkiye,36.92590404,35.99101068,world_ports_master.csv,REAL,370
Lorient,France,47.73876259,-3.357400125,world_ports_master.csv,REAL,209
Puerto Plata,Dominican Republic,19.79999101,-70.69821992,world_ports_master.csv,REAL,226
Sölvesborg,Sweden,56.03921167,14.57945022,world_ports_master.csv,REAL,273
Augusta,Italy,37.19392264,15.1839322,world_ports_master.csv,REAL,1398
Stenungsund,Sweden,58.08521924,11.82042199,world_ports_master.csv,REAL,361
San Pedro De Macoris,Dominican Republic,18.44604634,-69.31037894,world_ports_master.csv,REAL,273
Trondheim,Norway,63.43889993,10.38391213,world_ports_master.csv,REAL,536
Stockholm,Sweden,59.32920519,18.10598896,world_ports_master.csv,REAL,350
Rethymnon,Greece,35.37005169,24.48015039,world_ports_master.csv,REAL,136
Marseille,France,43.33147923,5.347777517,world_ports_master.csv,REAL,711
Souda (Chania),Greece,35.5125421,24.06744474,world_ports_master.csv,REAL,226
Santo Domingo,Dominican Republic,18.47043993,-69.88004306,world_ports_master.csv,REAL,256
Hirtshals,Denmark,57.59160796,9.978419259,world_ports_master.csv,REAL,236
Thessaloníki,Greece,40.64127027,22.90726579,world_ports_master.csv,REAL,1705
Montoir,France,47.30270073,-2.128279076,world_ports_master.csv,REAL,1472
Stora Jatterson,Sweden,57.09271571,16.54645435,world_ports_master.csv,REAL,297
Trabzon,Türkiye,41.00369412,39.74137416,world_ports_master.csv,REAL,470
Sundsvall,Sweden,62.39638003,17.3748299,world_ports_master.csv,REAL,303
Yakacik,Türkiye,36.71363081,36.20476888,world_ports_master.csv,REAL,2707
Trelleborg,Sweden,55.37010002,13.15260406,world_ports_master.csv,REAL,108
Yalova,Türkiye,40.70423723,29.45337059,world_ports_master.csv,REAL,416
Umea Hamn,Sweden,63.69509074,20.33709393,world_ports_master.csv,REAL,284
Tsingéli,Greece,39.16431643,22.85294808,world_ports_master.csv,REAL,256
Varberg,Sweden,57.11530681,12.24396958,world_ports_master.csv,REAL,497
Zonguldak,Türkiye,41.50089364,31.87063822,world_ports_master.csv,REAL,521
Anguilla,Anguilla,18.19750881,-63.09072719,world_ports_master.csv,REAL,98
Point Murat,Australia,-21.95777415,114.1385188,world_ports_master.csv,REAL,0
Bristol,United Kingdom,51.49812082,-2.708767368,world_ports_master.csv,REAL,1070
Talara,Peru,-4.581080585,-81.28140118,world_ports_master.csv,REAL,134
Anacortes,United States,48.486777,-122.5688457,world_ports_master.csv,REAL,200
Ponta Delgada,Portugal,37.73642531,-25.66554762,world_ports_master.csv,REAL,478
Bari,Italy,41.13754542,16.86739093,world_ports_master.csv,REAL,564
Port Manatee,United States,27.63344969,-82.55715768,world_ports_master.csv,REAL,311
Vikanes,Norway,60.70621174,5.549629791,world_ports_master.csv,REAL,268
Horten,Norway,59.41280583,10.4900465,world_ports_master.csv,REAL,115
Hobro,Denmark,56.63960347,9.801145659,world_ports_master.csv,REAL,36
Algeciras,Spain,36.16592191,-5.414266528,world_ports_master.csv,REAL,5899
Brindisi,Italy,40.64050446,17.98109688,world_ports_master.csv,REAL,415
Barry,United Kingdom,51.40467255,-3.247119292,world_ports_master.csv,REAL,39
Kalundborg,Denmark,55.66586747,11.10060398,world_ports_master.csv,REAL,813
Baie De Kouaoua,New Caledonia,-21.4003154,165.8330009,world_ports_master.csv,REAL,12
Alicante,Spain,38.33230794,-0.491278006,world_ports_master.csv,REAL,521
Belfast,United Kingdom,54.62301838,-5.892479602,world_ports_master.csv,REAL,1691
Cagliari,Italy,39.23143383,9.084687019,world_ports_master.csv,REAL,899
København,Denmark,55.69510322,12.61533352,world_ports_master.csv,REAL,1341
Baie Ugué,New Caledonia,-21.1475174,165.5568822,world_ports_master.csv,REAL,11
Almeria,Spain,36.83346066,-2.473846781,world_ports_master.csv,REAL,302
Boston,United Kingdom,52.96306208,-0.014253256,world_ports_master.csv,REAL,366
Catania,Italy,37.49462808,15.09248239,world_ports_master.csv,REAL,550
Køge,Denmark,55.46040403,12.19832421,world_ports_master.csv,REAL,485
Antofagasta,Chile,-23.65094409,-70.40489792,world_ports_master.csv,REAL,322
Västerås,Sweden,59.59426145,16.51549534,world_ports_master.csv,REAL,464
Volos,Greece,39.35448209,22.95374679,world_ports_master.csv,REAL,505
Alotau,Papua New Guinea,-10.31565513,150.4560247,world_ports_master.csv,REAL,87
Civitavecchia,Italy,42.10236806,11.77923168,world_ports_master.csv,REAL,428
Gomen,New Caledonia,-20.75973976,164.4042797,world_ports_master.csv,REAL,20
Gela,Italy,37.05185811,14.28098405,world_ports_master.csv,REAL,116
Arrecife,Spain,28.9693625,-13.52807182,world_ports_master.csv,REAL,378
Kolding,Denmark,55.49132293,9.491712357,world_ports_master.csv,REAL,420
Cardiff,United Kingdom,51.46428975,-3.154129894,world_ports_master.csv,REAL,197
Genova,Italy,44.41310049,8.858680068,world_ports_master.csv,REAL,3399
Nyborg,Denmark,55.30151728,10.78688682,world_ports_master.csv,REAL,245
Aviles,Spain,43.5642594,-5.894390535,world_ports_master.csv,REAL,586
Népoui,New Caledonia,-21.33362493,164.988589,world_ports_master.csv,REAL,52
Chatham,United Kingdom,51.4009573,0.546949486,world_ports_master.csv,REAL,92
Gioia Tauro,Italy,38.46339878,15.91363921,world_ports_master.csv,REAL,1692
Odense,Denmark,55.44129887,10.4587983,world_ports_master.csv,REAL,556
Barcelona,Spain,41.33797839,2.146489899,world_ports_master.csv,REAL,4557
Noumea,New Caledonia,-22.25280878,166.4275632,world_ports_master.csv,REAL,535
Paagoumène,New Caledonia,-20.49254527,164.1813198,world_ports_master.csv,REAL,48
Dover,United Kingdom,51.12045226,1.324304804,world_ports_master.csv,REAL,95
La Spezia,Italy,44.09958063,9.845731126,world_ports_master.csv,REAL,846
Cadiz,Spain,36.52041019,-6.263758649,world_ports_master.csv,REAL,753
Randers,Denmark,56.45831688,10.05302321,world_ports_master.csv,REAL,436
Voh,New Caledonia,-21.01103527,164.6829908,world_ports_master.csv,REAL,34
Cartagena,Spain,37.57548974,-0.945398357,world_ports_master.csv,REAL,1675
Falmouth Harbour,United Kingdom,50.15300321,-5.054148128,world_ports_master.csv,REAL,92
Livorno,Italy,43.57138602,10.31567022,world_ports_master.csv,REAL,2828
Skagen,Denmark,57.71782148,10.59426563,world_ports_master.csv,REAL,328
Marigot,Saint Martin,18.08221302,-63.08309292,world_ports_master.csv,REAL,175
Ceuta,Spain,35.89549311,-5.316014758,world_ports_master.csv,REAL,1271
Fawley,United Kingdom,50.83981228,-1.355244911,world_ports_master.csv,REAL,1669
Marina Di Carrara,Italy,44.03290973,10.0428152,world_ports_master.csv,REAL,521
Thyboron,Denmark,56.689866,8.222266954,world_ports_master.csv,REAL,275
Bakar,Croatia,45.28954046,14.54213224,world_ports_master.csv,REAL,155
Aberdeen,United States,46.96598223,-123.8477525,world_ports_master.csv,REAL,86
Felixstowe,United Kingdom,51.95411087,1.29314837,world_ports_master.csv,REAL,1449
Milazzo,Italy,38.2063901,15.26293427,world_ports_master.csv,REAL,648
Omisalj,Croatia,45.21979684,14.53428637,world_ports_master.csv,REAL,70
Anchorage,United States,61.23279292,-149.8743286,world_ports_master.csv,REAL,244
El Grao,Spain,39.95923639,0.008932348,world_ports_master.csv,REAL,1086
Monfalcone,Italy,45.79262537,13.55137535,world_ports_master.csv,REAL,345
Ploce,Croatia,43.04161041,17.43011303,world_ports_master.csv,REAL,191
Finnart Oil Terminal,United Kingdom,56.1138324,-4.833893636,world_ports_master.csv,REAL,75
Baltimore,United States,39.25976037,-76.5569733,world_ports_master.csv,REAL,1792
Ferrol,Spain,43.47534572,-8.235886284,world_ports_master.csv,REAL,382
Monopoli,Italy,40.95763673,17.30506483,world_ports_master.csv,REAL,66
Rijeka,Croatia,45.32801535,14.4314315,world_ports_master.csv,REAL,441
Garston,United Kingdom,53.29145841,-2.893067214,world_ports_master.csv,REAL,1007
Glasgow,United Kingdom,55.87832297,-4.367557997,world_ports_master.csv,REAL,149
Barbor's Point,United States,21.3105197,-158.1040287,world_ports_master.csv,REAL,128
Gijon,Spain,43.56033387,-5.694793057,world_ports_master.csv,REAL,1060
Napoli,Italy,40.83924659,14.27890855,world_ports_master.csv,REAL,1453
Split,Croatia,43.53156754,16.45697144,world_ports_master.csv,REAL,425
Goole,United Kingdom,53.70030449,-0.884905633,world_ports_master.csv,REAL,413
Baton Rouge,United States,30.43704677,-91.20632261,world_ports_master.csv,REAL,331
Olbia,Italy,40.92711908,9.528682131,world_ports_master.csv,REAL,171
Huelva,Spain,37.19312891,-6.914657869,world_ports_master.csv,REAL,1724
Baku Port,Azerbaijan,40.28461052,49.73252397,world_ports_master.csv,REAL,1455
Grangemouth,United Kingdom,56.02124608,-3.689615924,world_ports_master.csv,REAL,800
Bay City,United States,43.62580592,-83.85025342,world_ports_master.csv,REAL,82
Ortona,Italy,42.35331653,14.41338054,world_ports_master.csv,REAL,169
La Coruna,Spain,43.34262513,-8.453196365,world_ports_master.csv,REAL,834
Bangkok,Thailand,13.68350932,100.5725844,world_ports_master.csv,REAL,6579
Map Ta Phut,Thailand,12.68571375,101.1421513,world_ports_master.csv,REAL,4039
Gravesend,United Kingdom,51.4505275,0.348941363,world_ports_master.csv,REAL,1189
Beaumont,United States,30.02582322,-94.03028275,world_ports_master.csv,REAL,1204
Chioggia,Italy,45.21278514,12.26985918,world_ports_master.csv,REAL,268
Las Palmas (de Gran Canaria),Spain,28.14804985,-15.41136132,world_ports_master.csv,REAL,4905
Great Yarmouth,United Kingdom,52.58819977,1.732218299,world_ports_master.csv,REAL,174
Phuket,Thailand,7.823681372,98.40475093,world_ports_master.csv,REAL,77
Bellingham,United States,48.75638842,-122.500255,world_ports_master.csv,REAL,4
Ravenna,Italy,44.45944499,12.25275668,world_ports_master.csv,REAL,2275
Port Giles,Australia,-35.0215595,137.7600461,world_ports_master.csv,REAL,19
Buka,Papua New Guinea,-5.432204414,154.6717326,world_ports_master.csv,REAL,42
Daru,Papua New Guinea,-9.065995282,143.2094952,world_ports_master.csv,REAL,30
Kavieng Harbor,Papua New Guinea,-2.587475462,150.7887674,world_ports_master.csv,REAL,86
Kieta,Papua New Guinea,-6.218768247,155.638399,world_ports_master.csv,REAL,23
Kimbe,Papua New Guinea,-5.550273176,150.1472487,world_ports_master.csv,REAL,190
Lae,Papua New Guinea,-6.736625768,146.9873906,world_ports_master.csv,REAL,657
Madang,Papua New Guinea,-5.208767409,145.8016793,world_ports_master.csv,REAL,121
Oro Bay,Papua New Guinea,-8.897889322,148.4939832,world_ports_master.csv,REAL,74
Port Moresby,Papua New Guinea,-9.400125206,147.0845337,world_ports_master.csv,REAL,767
Put Put,Papua New Guinea,-3.121438197,152.6509937,world_ports_master.csv,REAL,95
Rabaul,Papua New Guinea,-4.203391372,152.1653674,world_ports_master.csv,REAL,220
Vanimo,Papua New Guinea,-2.68011134,141.2970327,world_ports_master.csv,REAL,51
Wewak Harbor,Papua New Guinea,-3.570755554,143.6447385,world_ports_master.csv,REAL,99
Amamapare,Indonesia,-4.806828832,136.8030903,world_ports_master.csv,REAL,563
"Ambon, Molucas",Indonesia,-3.677535195,128.1755216,world_ports_master.csv,REAL,844
Ampenan,Indonesia,-8.664698797,116.0732049,world_ports_master.csv,REAL,439
Atapupu,Indonesia,-8.995671716,124.8626215,world_ports_master.csv,REAL,63
Balikpapan,Indonesia,-1.202534486,116.79598,world_ports_master.csv,REAL,2349
Banjarmasin,Indonesia,-3.288021408,114.562927,world_ports_master.csv,REAL,3747
Banten,Indonesia,-6.016931808,105.9675676,world_ports_master.csv,REAL,1482
Baubau,Indonesia,-5.486087462,122.5843796,world_ports_master.csv,REAL,377
Akita,Japan,39.75669293,140.0561992,world_ports_master.csv,REAL,1068
Ako,Japan,34.74741074,134.3616138,world_ports_master.csv,REAL,1463
Amagasaki,Japan,34.70213108,135.3677953,world_ports_master.csv,REAL,1106
Aomori,Japan,40.84225958,140.7603068,world_ports_master.csv,REAL,622
Chiba,Japan,35.52513992,140.0523392,world_ports_master.csv,REAL,13509
Fukui,Japan,36.18520937,136.115139,world_ports_master.csv,REAL,348
Fukuyama,Japan,34.46287853,133.4385467,world_ports_master.csv,REAL,5266
Funabashi,Japan,35.67485206,139.9681077,world_ports_master.csv,REAL,5058
Fushiki-Toyama,Japan,36.76864401,137.1423732,world_ports_master.csv,REAL,1234
Hachinohe,Japan,40.54513127,141.5108448,world_ports_master.csv,REAL,2655
Hakata,Japan,33.63170193,130.3976497,world_ports_master.csv,REAL,5762
Hakodate,Japan,41.79882813,140.6982447,world_ports_master.csv,REAL,2029
El Sokhna,Egypt,29.64742882,32.35392159,world_ports_master.csv,REAL,613
Hamada,Japan,34.87940375,132.0517356,world_ports_master.csv,REAL,190
Tanjung Sekong,Indonesia,-5.905540925,106.0153659,world_ports_master.csv,REAL,1461
Jubail,Saudi Arabia,27.05573014,49.6603903,world_ports_master.csv,REAL,2195
Hannan,Japan,34.45631451,135.3469588,world_ports_master.csv,REAL,537
Albany,Australia,-35.03402477,117.8971538,world_ports_master.csv,REAL,130
Higashiharima,Japan,34.73068083,134.8134693,world_ports_master.csv,REAL,4669
Larvik,Norway,59.03994928,10.04804178,world_ports_master.csv,REAL,332
Temryuk,Russian Federation,45.32418556,37.3761941,world_ports_master.csv,REAL,752
Tanjung Redeb,Indonesia,2.165959622,117.5010746,world_ports_master.csv,REAL,154
Dammam,Saudi Arabia,26.47626701,50.19439715,world_ports_master.csv,REAL,1622
Port Botany,Australia,-33.98153451,151.2158952,world_ports_master.csv,REAL,1424
Himeji,Japan,34.77579915,134.637859,world_ports_master.csv,REAL,5124
Tuapse,Russian Federation,44.09933265,39.08508651,world_ports_master.csv,REAL,1169
Tanjunguban,Indonesia,1.055761709,104.2025609,world_ports_master.csv,REAL,1006
Duba (Port of Neom),Saudi Arabia,27.55991231,35.5465967,world_ports_master.csv,REAL,111
Brisbane,Australia,-27.40850097,153.1455832,world_ports_master.csv,REAL,2159
Aiyion,Greece,38.33552308,21.84996534,world_ports_master.csv,REAL,143
Leixoes,Portugal,41.19448451,-8.697575118,world_ports_master.csv,REAL,2166
Hiroshima,Japan,34.34744658,132.4557751,world_ports_master.csv,REAL,3497
Hitachi,Japan,36.45195306,140.6158282,world_ports_master.csv,REAL,1558
Hofu,Japan,34.02251033,131.5737176,world_ports_master.csv,REAL,941
Himekawa,Japan,37.03543689,137.8443843,world_ports_master.csv,REAL,561
Hososhima,Japan,32.48242792,131.6706901,world_ports_master.csv,REAL,645
Imabari,Japan,34.06015622,133.0189335,world_ports_master.csv,REAL,677
Ishikariwan-Shinko,Japan,43.20096262,141.2923188,world_ports_master.csv,REAL,624
Ishinomaki,Japan,38.41415253,141.2776946,world_ports_master.csv,REAL,874
Iwakuni,Japan,34.20374226,132.2369598,world_ports_master.csv,REAL,3840
Kagoshima,Japan,31.53284272,130.5424733,world_ports_master.csv,REAL,2282
Kamaishi,Japan,39.26776264,141.8897679,world_ports_master.csv,REAL,474
Kanazawa,Japan,36.61653903,136.6143047,world_ports_master.csv,REAL,888
Kanda,Japan,33.82174515,130.9928633,world_ports_master.csv,REAL,5687
Karatsu,Japan,33.47638831,129.9549216,world_ports_master.csv,REAL,315
Kashima-Ibaraki,Japan,35.91656249,140.6899198,world_ports_master.csv,REAL,6568
Kawasaki,Japan,35.50702517,139.7484705,world_ports_master.csv,REAL,7836
Kiire,Japan,31.38796044,130.5485535,world_ports_master.csv,REAL,335
Kikuma,Japan,34.05365926,132.8621211,world_ports_master.csv,REAL,1470
Kinuura,Japan,34.87387974,136.9534366,world_ports_master.csv,REAL,1935
Kisarazu,Japan,35.35902147,139.8681078,world_ports_master.csv,REAL,3179
Kobe,Japan,34.67293989,135.2293271,world_ports_master.csv,REAL,10594
Kochi,Japan,33.52614791,133.5700824,world_ports_master.csv,REAL,913
Komatsushima,Japan,34.04871279,134.6015754,world_ports_master.csv,REAL,987
Kudamatsu,Japan,33.99810448,131.8683017,world_ports_master.csv,REAL,696
Kure,Japan,34.22708409,132.5652197,world_ports_master.csv,REAL,1833
Kushiro,Japan,42.99054096,144.351317,world_ports_master.csv,REAL,1734
Maizuru,Japan,35.47492079,135.3547219,world_ports_master.csv,REAL,555
Marugame,Japan,34.28925968,133.7615703,world_ports_master.csv,REAL,1933
Matsusaka,Japan,34.64920701,136.5503469,world_ports_master.csv,REAL,600
Matsuyama,Japan,33.81872817,132.6990996,world_ports_master.csv,REAL,2274
Mikawa,Japan,34.73606977,137.2909093,world_ports_master.csv,REAL,2678
Mishima,Japan,34.00594978,133.5551534,world_ports_master.csv,REAL,1641
Mizushima,Japan,34.50033451,133.7242924,world_ports_master.csv,REAL,13746
Muroran,Japan,42.34609537,140.9719408,world_ports_master.csv,REAL,1950
Nagasaki,Japan,32.71445214,129.840702,world_ports_master.csv,REAL,1057
Nagoya,Japan,35.03618543,136.8500784,world_ports_master.csv,REAL,16252
Nanao,Japan,37.0554277,136.9804201,world_ports_master.csv,REAL,251
Naoetsu,Japan,37.1948875,138.265671,world_ports_master.csv,REAL,396
Niigata,Japan,37.96561578,139.1700329,world_ports_master.csv,REAL,2038
Niihama,Japan,33.95565623,133.2185304,world_ports_master.csv,REAL,2331
Noshiro,Japan,40.20511241,139.9967391,world_ports_master.csv,REAL,184
Ofunato,Japan,39.06317108,141.7291447,world_ports_master.csv,REAL,447
Oita,Japan,33.25922967,131.6858125,world_ports_master.csv,REAL,7874
Onahama,Japan,36.93593683,140.8835241,world_ports_master.csv,REAL,1654
Onoda,Japan,33.9749585,131.1684456,world_ports_master.csv,REAL,642
Onomichi-Itozaki,Japan,34.41539534,133.2208673,world_ports_master.csv,REAL,676
Osaka,Japan,34.6449306,135.4300262,world_ports_master.csv,REAL,9214
Otaru,Japan,43.20089912,141.0121456,world_ports_master.csv,REAL,366
Rumoi,Japan,43.95875013,141.6401697,world_ports_master.csv,REAL,212
Saganoseki,Japan,33.25466589,131.8752029,world_ports_master.csv,REAL,569
Sakai,Japan,35.53273365,133.2326172,world_ports_master.csv,REAL,884
Sakai-Semboku,Japan,34.5578402,135.4223815,world_ports_master.csv,REAL,9936
Sakaide,Japan,34.34045119,133.8496122,world_ports_master.csv,REAL,3099
Sakata,Japan,38.94531105,139.8219174,world_ports_master.csv,REAL,412
Sendai-Shiogama,Japan,38.28471956,141.0275541,world_ports_master.csv,REAL,4010
Shibushi,Japan,31.42327287,131.0670993,world_ports_master.csv,REAL,1265
Shimizu,Japan,35.02052569,138.5038458,world_ports_master.csv,REAL,3706
Susaki,Japan,33.39265719,133.2915767,world_ports_master.csv,REAL,1343
Tachibana,Japan,33.87071976,134.6514005,world_ports_master.csv,REAL,634
Tagonoura,Japan,35.14338652,138.6940491,world_ports_master.csv,REAL,796
Takamatsu,Japan,34.35580893,134.0681264,world_ports_master.csv,REAL,635
Takuma,Japan,34.23252565,133.6784882,world_ports_master.csv,REAL,340
Tokachi,Japan,42.29889363,143.3231052,world_ports_master.csv,REAL,421
Tokuyama,Japan,34.03990671,131.7828868,world_ports_master.csv,REAL,7272
Tokyo,Japan,35.60607114,139.7925781,world_ports_master.csv,REAL,9502
Tomakomai,Japan,42.63752185,141.723129,world_ports_master.csv,REAL,5843
Tsukumi,Japan,33.08238663,131.8599519,world_ports_master.csv,REAL,2609
Malaga,Spain,36.70820113,-4.421415559,world_ports_master.csv,REAL,459
Cabedelo,Brazil,-6.969397877,-34.83954753,world_ports_master.csv,REAL,94
Argentia,Canada,47.33890642,-53.93354604,world_ports_master.csv,REAL,126
Gebig,Brazil,-23.05700966,-44.23521542,world_ports_master.csv,REAL,422
Goose Bay,Canada,53.34292072,-60.39999748,world_ports_master.csv,REAL,18
Providence,United States,41.78624139,-71.38334181,world_ports_master.csv,REAL,233
"Portland, OR",United States,45.59523874,-122.7355059,world_ports_master.csv,REAL,544
Cienfuegos,Cuba,22.17631285,-80.4996107,world_ports_master.csv,REAL,229
Praia da Vitoria,Portugal,38.71152974,-27.05278213,world_ports_master.csv,REAL,305
Guaiba Island Terminal,Brazil,-22.91555492,-43.78307644,world_ports_master.csv,REAL,317
Port Hedland,Australia,-20.33066003,118.5643416,world_ports_master.csv,REAL,3251
Kårstø,Norway,59.27511179,5.50523818,world_ports_master.csv,REAL,450
Imbituba,Brazil,-28.23079391,-48.65333432,world_ports_master.csv,REAL,282
Måløy,Norway,61.93640348,5.136930061,world_ports_master.csv,REAL,633
Baie Comeau,Canada,49.24803552,-68.14136189,world_ports_master.csv,REAL,181
Itajaí,Brazil,-26.89391722,-48.66739363,world_ports_master.csv,REAL,849
"Portland, ME",United States,43.63649354,-70.26948213,world_ports_master.csv,REAL,170
Itaqui,Brazil,-2.627113568,-44.35349287,world_ports_master.csv,REAL,1927
Port Adelaide,Australia,-34.81039638,138.5057187,world_ports_master.csv,REAL,369
Macaé,Brazil,-22.38617458,-41.7686552,world_ports_master.csv,REAL,24
Canaport (St. John),Canada,45.21338638,-65.98533043,world_ports_master.csv,REAL,131
Halifax,Canada,44.66623193,-63.57185138,world_ports_master.csv,REAL,1060
Madre De Deus,Brazil,-12.74806227,-38.62015066,world_ports_master.csv,REAL,361
Setubal,Portugal,38.49997283,-8.842115098,world_ports_master.csv,REAL,1368
Detroit,United States,42.28431795,-83.12895689,world_ports_master.csv,REAL,570
Manaus,Brazil,-3.134152922,-59.96029805,world_ports_master.csv,REAL,488
Kristiansand,Norway,58.14563334,8.000787388,world_ports_master.csv,REAL,549
Mariel,Cuba,23.00539885,-82.75527869,world_ports_master.csv,REAL,397
Natal,Brazil,-5.773025379,-35.20520421,world_ports_master.csv,REAL,46
Paranaguá,Brazil,-25.50523872,-48.51713504,world_ports_master.csv,REAL,2079
Port De Aracaju,Brazil,-10.82536946,-36.94053183,world_ports_master.csv,REAL,61
Port De Salvador,Brazil,-12.95652543,-38.50530504,world_ports_master.csv,REAL,1252
Porto Alegre,Brazil,-29.96645881,-51.21938045,world_ports_master.csv,REAL,152
Porto De Maceio,Brazil,-9.679541135,-35.72300929,world_ports_master.csv,REAL,224
Fortaleza (Mucuripe),Brazil,-3.713436299,-38.4715357,world_ports_master.csv,REAL,440
Porto De Suape,Brazil,-8.389473356,-34.97291034,world_ports_master.csv,REAL,1430
Pecem,Brazil,-3.538117253,-38.80469227,world_ports_master.csv,REAL,704
Portocel,Brazil,-19.8395104,-40.05809138,world_ports_master.csv,REAL,257
Recife,Brazil,-8.050103675,-34.86850748,world_ports_master.csv,REAL,123
Rio De Janeiro,Brazil,-22.88267673,-43.19949003,world_ports_master.csv,REAL,2036
Rio Grande,Brazil,-32.08860546,-52.10246586,world_ports_master.csv,REAL,1637
Santos,Brazil,-23.91706787,-46.33656353,world_ports_master.csv,REAL,5258
Sao Francisco,Brazil,-26.210395,-48.62047395,world_ports_master.csv,REAL,404
Grimsby,United Kingdom,53.57779578,-0.076657928,world_ports_master.csv,REAL,531
São Sebastião,Brazil,-23.8024977,-45.40625029,world_ports_master.csv,REAL,672
Tubarao,Brazil,-20.25882714,-40.2378754,world_ports_master.csv,REAL,931
Vitoria,Brazil,-20.32616721,-40.33140066,world_ports_master.csv,REAL,545
Arawak,Barbados,13.28676153,-59.64823157,world_ports_master.csv,REAL,36
Bridgetown,Barbados,13.10661495,-59.62744791,world_ports_master.csv,REAL,638
Arkhangelsk,Russian Federation,64.52521694,40.67633317,world_ports_master.csv,REAL,564
Astrakhan Port,Russian Federation,46.38467723,48.02158851,world_ports_master.csv,REAL,629
Baltiysk,Russian Federation,54.63771376,19.92401592,world_ports_master.csv,REAL,198
Vanino,Russian Federation,49.09019681,140.3006312,world_ports_master.csv,REAL,1033
De Kastri,Russian Federation,51.46889483,140.7782411,world_ports_master.csv,REAL,9
Dudinka,Russian Federation,69.40312102,86.17703837,world_ports_master.csv,REAL,111
Vysotsk,Russian Federation,60.60392223,28.56339825,world_ports_master.csv,REAL,493
Izhevskoye,Russian Federation,54.68428825,20.17492729,world_ports_master.csv,REAL,768
Kaliningrad,Russian Federation,54.6972233,20.45289748,world_ports_master.csv,REAL,717
Kandalaksha,Russian Federation,67.1371914,32.40908464,world_ports_master.csv,REAL,21
Kavkaz,Russian Federation,45.33614508,36.66778576,world_ports_master.csv,REAL,373
Kondopoga,Russian Federation,62.18407331,34.26992148,world_ports_master.csv,REAL,67
Korsakov,Russian Federation,46.62667555,142.8501019,world_ports_master.csv,REAL,714
Makhachkala,Russian Federation,43.00807675,47.47258052,world_ports_master.csv,REAL,456
Murmansk,Russian Federation,68.98887419,33.0490027,world_ports_master.csv,REAL,1410
Nakhodka,Russian Federation,42.80369017,132.8873389,world_ports_master.csv,REAL,1986
Novorossiysk,Russian Federation,44.72345598,37.8087215,world_ports_master.csv,REAL,4438
Taman,Russian Federation,45.14006257,36.67567465,world_ports_master.csv,REAL,534
Primorsk,Russian Federation,60.33694122,28.73119074,world_ports_master.csv,REAL,965
Ust-Luga,Russian Federation,59.68266556,28.40566475,world_ports_master.csv,REAL,2978
Rostov-Na-Donu,Russian Federation,47.19478382,39.67937527,world_ports_master.csv,REAL,3153
Saint Petersburg,Russian Federation,59.89971977,30.11218353,world_ports_master.csv,REAL,4432
Shala Pristan,Russian Federation,61.81211745,35.97607785,world_ports_master.csv,REAL,69
Palm Beach,United States,26.76801713,-80.05581497,world_ports_master.csv,REAL,619
El Guamache,Venezuela,10.87732409,-64.02942039,world_ports_master.csv,REAL,66
Timaru,New Zealand,-44.38543068,171.2560995,world_ports_master.csv,REAL,301
Drammen,Norway,59.73742492,10.2396018,world_ports_master.csv,REAL,564
Panama City,United States,30.1558205,-85.66532945,world_ports_master.csv,REAL,219
Harbor Yeweiju,China,38.0891947,118.9452626,world_ports_master.csv,REAL,1252
El Palito,Venezuela,10.48339577,-68.13572968,world_ports_master.csv,REAL,122
Wellington,New Zealand,-41.25688929,174.8304738,world_ports_master.csv,REAL,411
Pascagoula,United States,30.34688293,-88.52197837,world_ports_master.csv,REAL,397
Finnsnes,Norway,69.22178649,18.08090404,world_ports_master.csv,REAL,102
Huizhou,China,22.73482063,114.5982287,world_ports_master.csv,REAL,1858
Jose Terminal,Venezuela,10.06758499,-64.86795016,world_ports_master.csv,REAL,198
Marsden Point,New Zealand,-35.84238338,174.488189,world_ports_master.csv,REAL,380
Philadelphia,United States,39.90437717,-75.1375391,world_ports_master.csv,REAL,1049
Flekkefjord,Norway,58.27633255,6.889601003,world_ports_master.csv,REAL,304
Jiangyin,China,31.93240385,120.1593407,world_ports_master.csv,REAL,4978
La Guaira,Venezuela,10.60102215,-66.9454799,world_ports_master.csv,REAL,234
Avatiu,Cook Islands,-21.20386458,-159.7842743,world_ports_master.csv,REAL,34
Florø,Norway,61.60373536,5.05720418,world_ports_master.csv,REAL,1004
"Richmond, CA",United States,37.92353428,-122.377093,world_ports_master.csv,REAL,548
Jinzhou,China,40.77754887,121.0180678,world_ports_master.csv,REAL,1514
Maracaibo,Venezuela,10.62424131,-71.60888008,world_ports_master.csv,REAL,47
Aveiro,Portugal,40.62981431,-8.719994046,world_ports_master.csv,REAL,961
Port Aransas,United States,27.84668269,-97.07149676,world_ports_master.csv,REAL,404
Fredrikstad,Norway,59.18636416,10.95743329,world_ports_master.csv,REAL,943
Lanqiao Port,China,35.11048268,119.35685,world_ports_master.csv,REAL,3120
Palua,Venezuela,8.347348578,-62.70946006,world_ports_master.csv,REAL,91
Figueira Da Foz,Portugal,40.14727686,-8.846579476,world_ports_master.csv,REAL,418
Port Arthur,United States,29.88170301,-93.93104818,world_ports_master.csv,REAL,1192
Glomfjord,Norway,66.81004693,13.93684706,world_ports_master.csv,REAL,158
Lianyungang,China,34.74133017,119.4359663,world_ports_master.csv,REAL,4210
Puerto Cabello,Venezuela,10.47252732,-67.99547311,world_ports_master.csv,REAL,403
Port Everglades,United States,26.0810509,-80.12439561,world_ports_master.csv,REAL,2316
"Funchal, Madeira",Portugal,32.74157142,-16.73220974,world_ports_master.csv,REAL,255
Halden,Norway,59.11500065,11.37549555,world_ports_master.csv,REAL,122
Longkou Gang,China,37.6597629,120.2821825,world_ports_master.csv,REAL,1304
Puerto La Cruz,Venezuela,10.2308185,-64.61485225,world_ports_master.csv,REAL,127
Port Hueneme,United States,34.15605249,-119.2094451,world_ports_master.csv,REAL,387
Horta,Portugal,38.53302196,-28.6215437,world_ports_master.csv,REAL,132
Puerto Miranda,Venezuela,10.76438625,-71.53725434,world_ports_master.csv,REAL,27
Hammerfest,Norway,70.66196977,23.62907682,world_ports_master.csv,REAL,234
Longyan Port,China,37.40722471,122.6554029,world_ports_master.csv,REAL,134
Port Lavaca,United States,28.6755734,-96.54433242,world_ports_master.csv,REAL,220
Lisboa,Portugal,38.67789058,-9.120570469,world_ports_master.csv,REAL,1713
Punta Cardón,Venezuela,11.63012884,-70.22457685,world_ports_master.csv,REAL,209
Haroysundet,Norway,62.86216178,7.062589196,world_ports_master.csv,REAL,358
Nantong,China,31.9862854,120.8374438,world_ports_master.csv,REAL,6778
Ningbo,China,29.92076897,121.8818408,world_ports_master.csv,REAL,18455
Bahia De Valparaiso,Chile,-33.03324381,-71.62773895,world_ports_master.csv,REAL,480
Bahia Quintero (Ventanas),Chile,-32.76696313,-71.48395104,world_ports_master.csv,REAL,712
San Vicente,Chile,-36.74287699,-73.1219987,world_ports_master.csv,REAL,528
Caleta Patillos,Chile,-20.78654051,-70.19493411,world_ports_master.csv,REAL,236
Coronel,Chile,-37.02546917,-73.16219888,world_ports_master.csv,REAL,284
Iquique,Chile,-20.20600679,-70.15848484,world_ports_master.csv,REAL,304
Lirquen,Chile,-36.71789667,-72.98212943,world_ports_master.csv,REAL,246
Mejillones,Chile,-23.08182757,-70.39596391,world_ports_master.csv,REAL,903
Puerto Caldera,Chile,-27.05151454,-70.82743332,world_ports_master.csv,REAL,181
Puerto Chanaral,Chile,-26.35566524,-70.64246834,world_ports_master.csv,REAL,72
Puerto Montt,Chile,-41.49309766,-72.97479783,world_ports_master.csv,REAL,893
Puerto San Antonio,Chile,-33.59324528,-71.61885508,world_ports_master.csv,REAL,1004
Rada De Arica,Chile,-18.47334815,-70.32285519,world_ports_master.csv,REAL,295
Tocopilla,Chile,-22.09465265,-70.21203912,world_ports_master.csv,REAL,58
Punta Arenas,Chile,-53.13033106,-70.86785154,world_ports_master.csv,REAL,270
Antwerp,Belgium,51.27935494,4.317802311,world_ports_master.csv,REAL,22760
Bruges,Belgium,51.24504093,3.213400884,world_ports_master.csv,REAL,200
Ghent,Belgium,51.1302898,3.766941707,world_ports_master.csv,REAL,5598
Port Alma,Australia,-23.58481222,150.8601122,world_ports_master.csv,REAL,64
Portmouth,United States,43.09303064,-70.78807027,world_ports_master.csv,REAL,86
Cherry Point,United States,48.85252005,-122.7139354,world_ports_master.csv,REAL,243
Sines,Portugal,37.95680932,-8.83041637,world_ports_master.csv,REAL,1903
Oostende,Belgium,51.21860953,2.963311389,world_ports_master.csv,REAL,94
Rayong,Thailand,12.65890283,101.3121055,world_ports_master.csv,REAL,1553
Zeebrugge,Belgium,51.32626774,3.212225359,world_ports_master.csv,REAL,4809
Kristiansund,Norway,63.10839135,7.75619225,world_ports_master.csv,REAL,1479
Benicia,United States,38.0520371,-122.1319218,world_ports_master.csv,REAL,280
Apia,Samoa,-13.82606943,-171.7602318,world_ports_master.csv,REAL,191
Porto Di Lido-Venezia,Italy,45.45052227,12.24239331,world_ports_master.csv,REAL,2275
Port Bonython,Australia,-32.98889339,137.7693538,world_ports_master.csv,REAL,30
Apra Harbor,Guam,13.4602817,144.6753643,world_ports_master.csv,REAL,311
Asprópirgos,Greece,38.02421337,23.59851111,world_ports_master.csv,REAL,1551
Port Kembla,Australia,-34.46209936,150.8844854,world_ports_master.csv,REAL,789
Presque Isle,United States,46.56113916,-87.39431636,world_ports_master.csv,REAL,168
Aratu,Brazil,-12.78345046,-38.48799058,world_ports_master.csv,REAL,752
Eleusis,Greece,38.04219308,23.53340774,world_ports_master.csv,REAL,1793
Marin,Spain,42.39926144,-8.69703222,world_ports_master.csv,REAL,239
Clarkson,Canada,43.4976782,-79.61775485,world_ports_master.csv,REAL,112
Heraklion,Greece,35.34423683,25.14697526,world_ports_master.csv,REAL,478
Laem Chabang,Thailand,13.0887337,100.8999916,world_ports_master.csv,REAL,5410
Belém,Brazil,-1.500690215,-48.6598586,world_ports_master.csv,REAL,294
La Habana,Cuba,23.12766955,-82.33371675,world_ports_master.csv,REAL,212
Porto do Acu,Brazil,-21.85065621,-41.01992427,world_ports_master.csv,REAL,527
Belawan,Indonesia,3.78854271,98.70736598,world_ports_master.csv,REAL,1330
Kavála,Greece,40.95415861,24.49991079,world_ports_master.csv,REAL,331
Matanzas,Cuba,23.06290735,-81.54256705,world_ports_master.csv,REAL,113
Bell Bay,Australia,-41.12937261,146.8571601,world_ports_master.csv,REAL,158
Benoa,Indonesia,-8.631208267,115.3534602,world_ports_master.csv,REAL,317
Heysham,United Kingdom,54.0346648,-2.913479036,world_ports_master.csv,REAL,279
Markenes,Norway,69.23450096,19.35902448,world_ports_master.csv,REAL,292
Boston,United States,42.37717521,-71.03617154,world_ports_master.csv,REAL,441
Lakselv,Norway,67.36277744,15.5868724,world_ports_master.csv,REAL,189
Hamilton,Canada,43.27190232,-79.81043226,world_ports_master.csv,REAL,529
Malamocco,Italy,45.33112972,12.32719834,world_ports_master.csv,REAL,863
Agioi Oil Terminal,Greece,37.9212018,23.07403802,world_ports_master.csv,REAL,1379
Bitung,Indonesia,1.440344333,125.1768685,world_ports_master.csv,REAL,879
Whiffen Head,Canada,47.78874083,-54.00048293,world_ports_master.csv,REAL,303
Motril,Spain,36.7213301,-3.521956091,world_ports_master.csv,REAL,277
Prince Rupert,Canada,54.26668285,-130.3377598,world_ports_master.csv,REAL,514
Blanglancang,Indonesia,5.230939806,97.06571881,world_ports_master.csv,REAL,122
Songkhla,Thailand,7.228638224,100.5712733,world_ports_master.csv,REAL,532
San Diego,United States,32.68538625,-117.1471772,world_ports_master.csv,REAL,289
Ormos Aliveriou,Greece,38.37512451,24.06395338,world_ports_master.csv,REAL,168
Moa,Cuba,20.65247128,-74.90892689,world_ports_master.csv,REAL,88
Bontang LNG Terminal,Indonesia,0.096886557,117.4925674,world_ports_master.csv,REAL,907
Immingham,United Kingdom,53.64188521,-0.226276065,world_ports_master.csv,REAL,5830
Patras,Greece,38.24088918,21.72775773,world_ports_master.csv,REAL,473
Cilacap,Indonesia,-7.710107441,109.0388343,world_ports_master.csv,REAL,813
Oristano,Italy,39.8641519,8.560153432,world_ports_master.csv,REAL,148
Port Latta,Australia,-40.85183205,145.3820495,world_ports_master.csv,REAL,39
Piraeus,Greece,37.95244597,23.60374677,world_ports_master.csv,REAL,5354
Cirebon,Indonesia,-6.73590951,108.5915104,world_ports_master.csv,REAL,267
Bridgeport (US-CT),United States,41.16904771,-73.16965077,world_ports_master.csv,REAL,3
Donggala,Indonesia,-0.745020664,119.8288951,world_ports_master.csv,REAL,457
Bilbao,Spain,43.34131008,-3.045961217,world_ports_master.csv,REAL,2352
Dumai,Indonesia,1.717388504,101.4188235,world_ports_master.csv,REAL,2583
Nuevitas Bay,Cuba,21.55374735,-77.22955586,world_ports_master.csv,REAL,77
Thathong,Thailand,9.17586433,99.36651889,world_ports_master.csv,REAL,680
Ende,Indonesia,-8.850508971,121.6538749,world_ports_master.csv,REAL,113
Harmac,Canada,49.14104031,-123.8657233,world_ports_master.csv,REAL,225
Ipswich,United Kingdom,52.03702132,1.161808504,world_ports_master.csv,REAL,475
Gorontalo,Indonesia,0.505022857,123.0648939,world_ports_master.csv,REAL,201
Mo i Rana,Norway,66.3086432,14.13848724,world_ports_master.csv,REAL,670
Palermo,Italy,38.1302104,13.36777406,world_ports_master.csv,REAL,423
Gresik,Indonesia,-7.140468238,112.644235,world_ports_master.csv,REAL,4835
San Francisco,United States,37.75519022,-122.3870814,world_ports_master.csv,REAL,50
Brownsville (US-PA),United States,25.95858285,-97.38156647,world_ports_master.csv,REAL,230
Carboneras,Spain,36.9694298,-1.907726358,world_ports_master.csv,REAL,138
Garrucha,Spain,37.18231033,-1.817859986,world_ports_master.csv,REAL,274
Banjul,The Gambia,13.44443552,-16.57415168,world_ports_master.csv,REAL,184
Inverness,United Kingdom,57.49032353,-4.232214132,world_ports_master.csv,REAL,107
Porto Torres,Italy,40.83365381,8.359909225,world_ports_master.csv,REAL,173
Brunswick,United States,31.13185217,-81.51967886,world_ports_master.csv,REAL,515
Bizerte,Tunisia,37.25993301,9.873087666,world_ports_master.csv,REAL,369
Pasajes,Spain,43.31889411,-1.908167738,world_ports_master.csv,REAL,860
King's Lynn,United Kingdom,52.76469449,0.392431366,world_ports_master.csv,REAL,175
Buffington,United States,41.64111669,-87.41011484,world_ports_master.csv,REAL,38
Gabes,Tunisia,33.91881609,10.08893967,world_ports_master.csv,REAL,282
Puerto Del Rosario,Spain,28.49501101,-13.85621562,world_ports_master.csv,REAL,330
Hull,United Kingdom,53.74056585,-0.263784773,world_ports_master.csv,REAL,1886
Burns Harbour,United States,41.63256448,-87.14127024,world_ports_master.csv,REAL,196
Port Lincoln,Australia,-34.72199883,135.8701998,world_ports_master.csv,REAL,76
Indonesia Morowali Industrial Park,Indonesia,-2.821666592,122.1691428,world_ports_master.csv,REAL,852
Santiago De Cuba,Cuba,20.01383068,-75.85638962,world_ports_master.csv,REAL,200
Sfax,Tunisia,34.72756548,10.77188258,world_ports_master.csv,REAL,459
La Baie (Port Alfred),Canada,48.3648556,-70.85540004,world_ports_master.csv,REAL,193
Tanjung Priok,Indonesia,-6.100544627,106.9054876,world_ports_master.csv,REAL,9315
Leith,United Kingdom,55.98291752,-3.17422235,world_ports_master.csv,REAL,124
Mongstad,Norway,60.82173558,5.044241787,world_ports_master.csv,REAL,1903
Indiana Harbor,United States,41.66731564,-87.44841938,world_ports_master.csv,REAL,181
Sagunto,Spain,39.64480991,-0.223272004,world_ports_master.csv,REAL,1059
Sandusky,United States,41.45831439,-82.72983385,world_ports_master.csv,REAL,201
Jayapura,Indonesia,-2.535491567,140.7191664,world_ports_master.csv,REAL,231
Calumet Harbor,United States,41.68270148,-87.55852758,world_ports_master.csv,REAL,97
Port Pirie,Australia,-33.16703826,138.0094962,world_ports_master.csv,REAL,70
Kasim Terminal,Indonesia,-1.313951861,131.0264411,world_ports_master.csv,REAL,56
Skhira,Tunisia,34.33734226,10.1445815,world_ports_master.csv,REAL,91
Bahia De Las Minas,Panama,9.389723107,-79.82035594,world_ports_master.csv,REAL,216
Kendari,Indonesia,-3.978833534,122.6045044,world_ports_master.csv,REAL,474
Kota Baru,Indonesia,-3.245141628,116.2294128,world_ports_master.csv,REAL,457
Kupang,Indonesia,-10.19659728,123.5282089,world_ports_master.csv,REAL,445
LNG Tangguh,Indonesia,-2.439776422,133.1287574,world_ports_master.csv,REAL,184
Lafarge,Indonesia,5.452012951,95.24432071,world_ports_master.csv,REAL,32
Lingkas,Indonesia,3.286518484,117.5934411,world_ports_master.csv,REAL,191
Manokwari Road,Indonesia,-0.915338044,134.0531939,world_ports_master.csv,REAL,349
Maumere,Indonesia,-8.624805573,122.2412169,world_ports_master.csv,REAL,170
Merak Mas Terminal,Indonesia,-5.93656194,106.0960201,world_ports_master.csv,REAL,858
Merauke,Indonesia,-8.476708723,140.3924246,world_ports_master.csv,REAL,172
PLTU Semen Tonasa,Indonesia,-4.815964628,119.5000805,world_ports_master.csv,REAL,290
Palembang,Indonesia,-2.986159534,104.8251794,world_ports_master.csv,REAL,2568
Panjang,Indonesia,-5.493013574,105.3301717,world_ports_master.csv,REAL,1986
Parepare,Indonesia,-4.002997065,119.6260057,world_ports_master.csv,REAL,103
Pelabuhan Tanjung Wangi,Indonesia,-8.141007884,114.3975522,world_ports_master.csv,REAL,456
PelabuhanRatuCoalPowerPlant,Indonesia,-6.953376613,106.2464415,world_ports_master.csv,REAL,202
Pomalaa,Indonesia,-4.12903305,121.5893849,world_ports_master.csv,REAL,47
Pontianak,Indonesia,0.006325197,109.294324,world_ports_master.csv,REAL,1340
Probolinggo,Indonesia,-7.71711305,113.4157124,world_ports_master.csv,REAL,247
Pulau Baai,Indonesia,-3.912624289,102.2899162,world_ports_master.csv,REAL,390
Samarinda,Indonesia,-0.551281498,117.1922256,world_ports_master.csv,REAL,2380
Sampit,Indonesia,-2.50712718,112.9748253,world_ports_master.csv,REAL,465
Sekupang,Indonesia,1.130810535,103.9555474,world_ports_master.csv,REAL,1648
Semarang,Indonesia,-6.949628052,110.4241286,world_ports_master.csv,REAL,1310
Basuo,China,19.07869612,108.6293529,world_ports_master.csv,REAL,549
Cairns,Australia,-16.94121568,145.7731995,world_ports_master.csv,REAL,174
Bayuquan,China,40.26513,122.0668421,world_ports_master.csv,REAL,3819
Uleelheue,Indonesia,5.59637662,95.52598222,world_ports_master.csv,REAL,50
Yeysk,Russian Federation,46.72761087,38.27383154,world_ports_master.csv,REAL,834
Beihai,China,21.47255148,109.0671522,world_ports_master.csv,REAL,201
Dampier,Australia,-20.6266866,116.7424761,world_ports_master.csv,REAL,1419
Shoaiba,Saudi Arabia,20.65258296,39.54249452,world_ports_master.csv,REAL,113
Waingapu,Indonesia,-9.639093157,120.2494941,world_ports_master.csv,REAL,158
Jacksonville,United States,30.3833261,-81.58303357,world_ports_master.csv,REAL,1322
Huanghua,China,38.32313123,117.8672445,world_ports_master.csv,REAL,4356
Ashdod,Israel,31.83630909,34.66849998,world_ports_master.csv,REAL,2187
Darwin,Australia,-12.49794668,130.9019044,world_ports_master.csv,REAL,775
Juaymah,Saudi Arabia,26.80319051,49.97698013,world_ports_master.csv,REAL,921
Amirabad Port,Iran,36.85068189,53.36527113,world_ports_master.csv,REAL,501
Ashkelon,Israel,31.64077392,34.53913441,world_ports_master.csv,REAL,50
Lake Charles,United States,30.19064745,-93.31148796,world_ports_master.csv,REAL,808
Suzhou (Changshu),China,31.75778041,120.9642729,world_ports_master.csv,REAL,701
Yanbu (King Fahd Port),Saudi Arabia,23.95087468,38.27170365,world_ports_master.csv,REAL,1424
Devonport,Australia,-41.1826581,146.3659077,world_ports_master.csv,REAL,204
Bandar-e Anzali,Iran,37.47515153,49.46995908,world_ports_master.csv,REAL,415
Esperance,Australia,-33.87217366,121.9007373,world_ports_master.csv,REAL,189
Los Angeles-Long Beach,United States,33.75569193,-118.2437881,world_ports_master.csv,REAL,3793
Rabigh,Saudi Arabia,22.63873353,39.05376029,world_ports_master.csv,REAL,400
Changzhou,China,31.9742313,119.9982754,world_ports_master.csv,REAL,1468
Bandar-E Pars Terminal,Iran,27.56361956,52.51242998,world_ports_master.csv,REAL,476
Fremantle,Australia,-32.15203252,115.7705242,world_ports_master.csv,REAL,1440
Manitowoc,United States,44.09318552,-87.66330562,world_ports_master.csv,REAL,1
Ras Al Mishab,Saudi Arabia,27.88827937,48.81709477,world_ports_master.csv,REAL,17
Chaozhou,China,23.56807273,117.1093332,world_ports_master.csv,REAL,379
Bandar Shahid Rajaee,Iran,27.13960482,56.06282679,world_ports_master.csv,REAL,958
Geelong,Australia,-38.09529265,144.3653725,world_ports_master.csv,REAL,516
Haifa,Israel,32.81051127,35.0350231,world_ports_master.csv,REAL,2765
Menominee,United States,45.09677605,-87.60249552,world_ports_master.csv,REAL,4
Ras Al Khafji,Saudi Arabia,27.54005494,49.18719288,world_ports_master.csv,REAL,288
Piombino,Italy,42.93701819,10.54495084,world_ports_master.csv,REAL,246
Chiwan,China,19.96273734,110.0339897,world_ports_master.csv,REAL,267
Geraldton,Australia,-28.77609449,114.5941933,world_ports_master.csv,REAL,410
Ras Tanura,Saudi Arabia,26.67168923,50.12291543,world_ports_master.csv,REAL,672
Bandar Abbas,Iran,27.14750008,56.20294512,world_ports_master.csv,REAL,278
Papeete,French Polynesia,-17.53199754,-149.5738771,world_ports_master.csv,REAL,428
Miami,United States,25.77821728,-80.1832659,world_ports_master.csv,REAL,1222
Dalian,China,38.9870355,121.770301,world_ports_master.csv,REAL,6968
Pozzuoli,Italy,40.82286509,14.11641496,world_ports_master.csv,REAL,36
Gladstone,Australia,-23.81907969,151.2155277,world_ports_master.csv,REAL,1817
Yanbu (Yanbu city),Saudi Arabia,24.07715154,38.07030618,world_ports_master.csv,REAL,165
Bandar Khomeini,Iran,30.4356647,49.06761425,world_ports_master.csv,REAL,508
Milwaukee,United States,43.01799491,-87.90758406,world_ports_master.csv,REAL,89
Vado Ligure,Italy,44.27052527,8.437281339,world_ports_master.csv,REAL,429
Uturoa,French Polynesia,-16.73103838,-151.440829,world_ports_master.csv,REAL,178
Shuwaikh,Kuwait,29.35210588,47.92389677,world_ports_master.csv,REAL,625
Bushehr,Iran,28.99153747,50.83467263,world_ports_master.csv,REAL,363
Gorgon LNG,Australia,-20.79232174,115.4597616,world_ports_master.csv,REAL,223
Dandong,China,39.81024914,124.1468591,world_ports_master.csv,REAL,548
Auckland,New Zealand,-36.84280038,174.773952,world_ports_master.csv,REAL,914
Chabahar,Iran,25.2960398,60.61107983,world_ports_master.csv,REAL,83
Gove,Australia,-12.19695558,136.7166954,world_ports_master.csv,REAL,216
Salerno,Italy,40.67414577,14.74602948,world_ports_master.csv,REAL,1176
Mobile,United States,30.66503638,-88.06673452,world_ports_master.csv,REAL,1155
Savannah,United States,32.10402454,-81.10052022,world_ports_master.csv,REAL,2274
Montreal,Canada,45.54455368,-73.53480189,world_ports_master.csv,REAL,1150
Port Walcott,Australia,-20.60828612,117.1656515,world_ports_master.csv,REAL,1031
Namsos,Norway,64.4610397,11.5068927,world_ports_master.csv,REAL,123
Balboa,Panama,8.95532195,-79.56547193,world_ports_master.csv,REAL,2348
Portland,Australia,-38.35404187,141.6171851,world_ports_master.csv,REAL,246
Searsport,United States,44.45613077,-68.90260152,world_ports_master.csv,REAL,58
New Westminster,Canada,49.17510525,-122.9775675,world_ports_master.csv,REAL,493
Narvik,Norway,68.42231695,17.41102647,world_ports_master.csv,REAL,246
Charco Azul,Panama,8.206367894,-82.87824453,world_ports_master.csv,REAL,101
Sydney,Australia,-33.85321045,151.1856172,world_ports_master.csv,REAL,130
Seattle,United States,47.57185015,-122.3457616,world_ports_master.csv,REAL,574
Port Angeles,Canada,48.12879898,-123.454329,world_ports_master.csv,REAL,223
Odda,Norway,60.08969455,6.535188651,world_ports_master.csv,REAL,219
Chiriquí Grande,Panama,8.954239787,-82.12102129,world_ports_master.csv,REAL,109
South Louisiana,United States,30.12379526,-90.86781072,world_ports_master.csv,REAL,2450
Channel-Port aux Basques,Canada,47.58178167,-59.1410866,world_ports_master.csv,REAL,23
Thevenard,Australia,-32.14851384,133.64844,world_ports_master.csv,REAL,89
Bayside Charlotte,Canada,45.16295904,-67.13762395,world_ports_master.csv,REAL,25
Stockton,United States,37.94796903,-121.3108829,world_ports_master.csv,REAL,216
Manzanillo,Panama,9.367894427,-79.88215481,world_ports_master.csv,REAL,2312
Townsville,Australia,-19.25646588,146.8364116,world_ports_master.csv,REAL,529
Port Cartier,Canada,50.02986924,-66.80000199,world_ports_master.csv,REAL,438
Oslo,Norway,59.89670372,10.74298651,world_ports_master.csv,REAL,1193
Duluth,United States,46.71928735,-92.09100101,world_ports_master.csv,REAL,622
Colon,Panama,9.373324629,-79.87879174,world_ports_master.csv,REAL,1035
Wallaroo,Australia,-33.9300709,137.619583,world_ports_master.csv,REAL,27
Port Dover,Canada,42.80815077,-80.09860633,world_ports_master.csv,REAL,291
Swanport,United States,61.08345856,-146.3836034,world_ports_master.csv,REAL,215
Porsgrunn,Norway,59.11512823,9.595305249,world_ports_master.csv,REAL,1551
Puerto Cristobal,Panama,9.345538334,-79.90654356,world_ports_master.csv,REAL,997
Weipa,Australia,-12.6538801,141.8764767,world_ports_master.csv,REAL,573
Quebec,Canada,46.79533437,-71.20615815,world_ports_master.csv,REAL,833
Western Port,Australia,-38.30737612,145.2124934,world_ports_master.csv,REAL,109
Rørvik,Norway,64.85936906,11.28243829,world_ports_master.csv,REAL,468
Sydney,United States,46.17600891,-60.21659641,world_ports_master.csv,REAL,97
Matarani,Peru,-17.00463341,-72.10778779,world_ports_master.csv,REAL,440
Sarnia,Canada,42.95496401,-82.41332422,world_ports_master.csv,REAL,561
Whyalla,Australia,-33.00851704,137.5902021,world_ports_master.csv,REAL,76
Sandnessjøen,Norway,66.02360624,12.65364034,world_ports_master.csv,REAL,200
Tacoma,United States,47.2535658,-122.3912123,world_ports_master.csv,REAL,868
San Nicolas,Peru,-15.25817877,-75.23949267,world_ports_master.csv,REAL,155
Sept Iles,Canada,50.17802481,-66.41080854,world_ports_master.csv,REAL,395
Sauda,Norway,59.64619296,6.360780684,world_ports_master.csv,REAL,239
Åbenrå,Denmark,55.04254248,9.428136552,world_ports_master.csv,REAL,359
Tampa Port,United States,27.89834075,-82.41979139,world_ports_master.csv,REAL,930
Conchan Oil Terminal,Peru,-12.2489924,-76.92678342,world_ports_master.csv,REAL,155
Saint John,Canada,45.2723998,-66.03688907,world_ports_master.csv,REAL,644
Aalborg,Denmark,57.05441309,9.991278757,world_ports_master.csv,REAL,733
Texas City,United States,29.37581007,-94.91276462,world_ports_master.csv,REAL,724
Paita,Peru,-5.081938312,-81.10649294,world_ports_master.csv,REAL,439
Slagentangen,Norway,59.31819836,10.51438098,world_ports_master.csv,REAL,360
Saint John's,Canada,47.56031799,-52.70436538,world_ports_master.csv,REAL,190
Aarhus,Denmark,56.15113463,10.2292507,world_ports_master.csv,REAL,1610
Toledo,United States,41.679919,-83.46756215,world_ports_master.csv,REAL,267
Bayovar,Peru,-5.801063431,-81.05847886,world_ports_master.csv,REAL,163
Stavanger,Norway,58.94526233,5.726419355,world_ports_master.csv,REAL,1154
Thunder Bay,Canada,48.3841793,-89.24340302,world_ports_master.csv,REAL,447
Two Harbors,United States,47.20061114,-91.39263596,world_ports_master.csv,REAL,300
Esbjerg,Denmark,55.46312208,8.467057901,world_ports_master.csv,REAL,1044
Toronto,Canada,43.65153488,-79.39048026,world_ports_master.csv,REAL,156
Steinkjer,Norway,64.00404595,11.3360945,world_ports_master.csv,REAL,178
Chimbote,Peru,-9.085460638,-78.58851611,world_ports_master.csv,REAL,88
Stura,Norway,60.59355708,4.86580481,world_ports_master.csv,REAL,318
Fredericia,Denmark,55.55789496,9.746943976,world_ports_master.csv,REAL,899
Vancouver,United States,45.63802271,-122.7274124,world_ports_master.csv,REAL,360
Trois Rivieres,Canada,46.33296537,-72.55306824,world_ports_master.csv,REAL,108
Callao,Peru,-12.04730879,-77.14023094,world_ports_master.csv,REAL,2157
Tananger,Norway,58.92416802,5.591875675,world_ports_master.csv,REAL,1149
Frederikshavn,Denmark,57.4384782,10.54588059,world_ports_master.csv,REAL,206
"Wilmington, DE",United States,39.70485674,-75.52165536,world_ports_master.csv,REAL,811
Vancouver,Canada,49.28996399,-123.0289044,world_ports_master.csv,REAL,2054
Ilo,Peru,-17.61873151,-71.35768762,world_ports_master.csv,REAL,280
Liverpool,United Kingdom,53.42928626,-3.009155853,world_ports_master.csv,REAL,2257
Santa Cruz De La Palma,Spain,28.67612458,-17.76700891,world_ports_master.csv,REAL,190
Canaveral Harbor,United States,28.41097835,-80.61594935,world_ports_master.csv,REAL,197
Sousse,Tunisia,35.82451281,10.64508158,world_ports_master.csv,REAL,349
London,United Kingdom,51.48682241,0.154356441,world_ports_master.csv,REAL,2148
Santa Cruz De Tenerife,Spain,28.47777935,-16.23572334,world_ports_master.csv,REAL,1684
Charleston,United States,32.8992962,-79.92115799,world_ports_master.csv,REAL,1754
Tunis,Tunisia,36.80638815,10.28334439,world_ports_master.csv,REAL,706
London Gateway,United Kingdom,51.51025908,0.516336392,world_ports_master.csv,REAL,1931
Santander,Spain,43.42618793,-3.821288327,world_ports_master.csv,REAL,1190
Zarzis,Tunisia,33.48197839,11.11418322,world_ports_master.csv,REAL,121
Chester,United States,39.8528822,-75.34091924,world_ports_master.csv,REAL,149
Bar,Montenegro,42.08849912,19.08454828,world_ports_master.csv,REAL,254
Londonderry,United Kingdom,55.03992055,-7.253793152,world_ports_master.csv,REAL,302
Seville,Spain,37.31910604,-5.994782412,world_ports_master.csv,REAL,777
Barranquilla,Colombia,10.99598314,-74.77946097,world_ports_master.csv,REAL,1064
Cleveland,United States,41.47381881,-81.67511756,world_ports_master.csv,REAL,274
Medway,United Kingdom,51.42671953,0.746922127,world_ports_master.csv,REAL,658
Tarragona,Spain,41.10257906,1.202306235,world_ports_master.csv,REAL,2106
Buenaventura,Colombia,3.894388566,-77.06649613,world_ports_master.csv,REAL,1198
Corpus Christi,United States,27.84122725,-97.37990791,world_ports_master.csv,REAL,1723
Medway City,United Kingdom,51.39262543,0.514237808,world_ports_master.csv,REAL,160
Torrevieja,Spain,37.97481074,-0.696812944,world_ports_master.csv,REAL,38
Cartagena,Colombia,10.33500602,-75.51291158,world_ports_master.csv,REAL,3462
Davisville Depot,United States,41.60836202,-71.41914669,world_ports_master.csv,REAL,196
Milford Haven,United Kingdom,51.70054285,-5.023498674,world_ports_master.csv,REAL,1123
Valencia,Spain,39.44220953,-0.322345205,world_ports_master.csv,REAL,3897
Covenas Offshore Term.,Colombia,9.404219878,-75.69862757,world_ports_master.csv,REAL,207
EL Segundo,United States,33.91490744,-118.4019797,world_ports_master.csv,REAL,206
Vigo,Spain,42.24149326,-8.723487947,world_ports_master.csv,REAL,1209
New Holland,United Kingdom,53.70359433,-0.359116194,world_ports_master.csv,REAL,330
Puerto Bolivar,Colombia,12.25028035,-71.96257031,world_ports_master.csv,REAL,217
Empire,United States,43.42715709,-124.2592301,world_ports_master.csv,REAL,54
Villagarcia De Arosa,Spain,42.59628594,-8.778904461,world_ports_master.csv,REAL,291
Newport,United Kingdom,51.56168472,-2.978991429,world_ports_master.csv,REAL,428
Puerto Nuevo,Colombia,11.05031925,-74.21920934,world_ports_master.csv,REAL,381
Everett (US-WA),United States,47.97713083,-122.2236917,world_ports_master.csv,REAL,97
Peterhead,United Kingdom,57.49317555,-1.786873448,world_ports_master.csv,REAL,136
Santa Marta,Colombia,11.25145763,-74.21500894,world_ports_master.csv,REAL,717
Fourchon,United States,29.13034343,-90.20534334,world_ports_master.csv,REAL,98
Basseterre,St. Kitts and Nevis,17.28735648,-62.70846699,world_ports_master.csv,REAL,267
Plymouth,United Kingdom,50.37787084,-4.155978733,world_ports_master.csv,REAL,393
Freeport (US-FL),United States,28.94393738,-95.32605,world_ports_master.csv,REAL,1075
Charlestown,St. Kitts and Nevis,17.10979491,-62.6229819,world_ports_master.csv,REAL,109
Poole,United Kingdom,50.71636883,-1.990203839,world_ports_master.csv,REAL,299
Galveston,United States,29.30976119,-94.80456985,world_ports_master.csv,REAL,614
Portland Harbour,United Kingdom,50.57057977,-2.437413367,world_ports_master.csv,REAL,253
Gary,United States,41.61965319,-87.33955446,world_ports_master.csv,REAL,131
Portsmouth Harbour,United Kingdom,50.80555434,-1.107423076,world_ports_master.csv,REAL,397
Shoreham Harbour,United Kingdom,50.82917772,-0.22507695,world_ports_master.csv,REAL,227
Grand Haven,United States,43.05103116,-86.21280848,world_ports_master.csv,REAL,53
Southampton,United Kingdom,50.90206161,-1.429531609,world_ports_master.csv,REAL,2026
Green Bay,United States,44.52266572,-88.02002332,world_ports_master.csv,REAL,87
Gulfport,United States,30.35563981,-89.0929267,world_ports_master.csv,REAL,142
Sunderland,United Kingdom,54.91039934,-1.361674386,world_ports_master.csv,REAL,174
Hilo,United States,19.72773724,-155.0556259,world_ports_master.csv,REAL,44
Honolulu,United States,21.32896919,-157.9035129,world_ports_master.csv,REAL,465
Teesport,United Kingdom,54.60371827,-1.149996819,world_ports_master.csv,REAL,2607
Houston (US-TX),United States,29.72023114,-95.13978774,world_ports_master.csv,REAL,7358
Thamesport,United Kingdom,51.43787633,0.685666354,world_ports_master.csv,REAL,421
Tilbury,United Kingdom,51.45852614,0.34246757,world_ports_master.csv,REAL,1558
Dung Quat,Vietnam,15.40466501,108.8018653,world_ports_master.csv,REAL,1657
Da Nang,Vietnam,16.11513801,108.2296467,world_ports_master.csv,REAL,1549
Hai Phong,Vietnam,20.84406939,106.7474848,world_ports_master.csv,REAL,7340
Hon Gai,Vietnam,20.99454236,107.0548395,world_ports_master.csv,REAL,668
Nghe Tinh,Vietnam,19.21524656,105.762275,world_ports_master.csv,REAL,436
Cai Mep,Vietnam,10.57169836,107.02606,world_ports_master.csv,REAL,4183
Can Tho,Vietnam,10.11224068,105.7023004,world_ports_master.csv,REAL,346
Quy Nhon,Vietnam,13.7761055,109.2444482,world_ports_master.csv,REAL,707
Saigon,Vietnam,10.73624058,106.766152,world_ports_master.csv,REAL,9332
Vung Tau,Vietnam,10.39088089,107.0917354,world_ports_master.csv,REAL,365
Cap Haitien,Haiti,19.75954418,-72.19569507,world_ports_master.csv,REAL,133
Port Au Prince,Haiti,18.62806777,-72.35783182,world_ports_master.csv,REAL,614
Vaasa,Finland,63.08748865,21.56159548,world_ports_master.csv,REAL,182
Saint-Marc,Haiti,19.10948777,-72.70279036,world_ports_master.csv,REAL,39
Cape Town,South Africa,-33.91543197,18.4482289,world_ports_master.csv,REAL,957
Varkaus,Finland,62.31449887,27.90646723,world_ports_master.csv,REAL,17
Durban,South Africa,-29.88212961,31.02302243,world_ports_master.csv,REAL,2506
East London,South Africa,-33.02810636,27.90088104,world_ports_master.csv,REAL,239
Port Elizabeth,South Africa,-33.90336755,25.62262529,world_ports_master.csv,REAL,1260
Richards Bay,South Africa,-28.79239882,32.03937272,world_ports_master.csv,REAL,1472
Saldanha Bay,South Africa,-32.99778093,18.00771256,world_ports_master.csv,REAL,545
Castries,St. Lucia,13.99444111,-61.00927372,world_ports_master.csv,REAL,540
Vieux Fort,St. Lucia,13.72190274,-60.95298317,world_ports_master.csv,REAL,121
Gdansk,Poland,54.37579704,18.69364423,world_ports_master.csv,REAL,3059
Charlotte,United States Virgin Islands,18.33384953,-64.93840481,world_ports_master.csv,REAL,613
Gdynia,Poland,54.53556218,18.52451098,world_ports_master.csv,REAL,2495
Swinoujscie,Poland,53.90299121,14.27525427,world_ports_master.csv,REAL,864
Szczecin,Poland,53.43782148,14.5872664,world_ports_master.csv,REAL,2066
Limetree Bay,United States Virgin Islands,17.70567396,-64.75672295,world_ports_master.csv,REAL,822
Georgetown,Cayman Islands,19.29629306,-81.38380906,world_ports_master.csv,REAL,253
Nantes,France,47.19235088,-1.616274255,world_ports_master.csv,REAL,187
Keelung,Taiwan Province of China,25.14717994,121.7520059,world_ports_master.csv,REAL,3510
Georgetown,Guyana,6.798369039,-58.1695519,world_ports_master.csv,REAL,1236
Hualien,Taiwan Province of China,23.98211049,121.6278977,world_ports_master.csv,REAL,226
Linden,Guyana,5.999990699,-58.30264842,world_ports_master.csv,REAL,116
Nice,France,43.69433071,7.284023851,world_ports_master.csv,REAL,70
Kaohsiung,Taiwan Province of China,22.5615278,120.3226847,world_ports_master.csv,REAL,13044
New Amsterdam,Guyana,6.228603762,-57.51924758,world_ports_master.csv,REAL,90
Ajaccio,France,41.92388712,8.741036419,world_ports_master.csv,REAL,69
Mailiao,Taiwan Province of China,23.79148547,120.1959404,world_ports_master.csv,REAL,1194
Caen,France,49.22460845,-0.291330056,world_ports_master.csv,REAL,94
Honiara,Solomon Islands,-9.422319397,159.994644,world_ports_master.csv,REAL,207
Port Jerome,France,49.48181288,0.532279573,world_ports_master.csv,REAL,1287
Taichung,Taiwan Province of China,24.25457118,120.5049668,world_ports_master.csv,REAL,5808
Mbulo,Solomon Islands,-9.643438343,160.6376964,world_ports_master.csv,REAL,6
Port Saint Louis Du Rhone,France,43.41140572,4.836492074,world_ports_master.csv,REAL,1216
Taipei,Taiwan Province of China,25.15663144,121.3807189,world_ports_master.csv,REAL,2782
Ndora,Solomon Islands,-8.390354426,157.5560072,world_ports_master.csv,REAL,12
Le Havre,France,49.47206132,0.209381547,world_ports_master.csv,REAL,3720
Chittagong,Bangladesh,22.2812458,91.81385427,world_ports_master.csv,REAL,2330
Noro,Solomon Islands,-8.228420496,157.1989919,world_ports_master.csv,REAL,155
Rouen,France,49.3977546,1.043595854,world_ports_master.csv,REAL,1401
Dhaka,Bangladesh,23.6624176,90.44870639,world_ports_master.csv,REAL,51
Seghe,Solomon Islands,-8.58688616,157.9341434,world_ports_master.csv,REAL,3
Port-De-Bouc,France,43.38879043,5.009200025,world_ports_master.csv,REAL,1047
Mongla,Bangladesh,22.50341944,89.58968406,world_ports_master.csv,REAL,248
Golfito,Costa Rica,8.63699262,-83.16710592,world_ports_master.csv,REAL,63
Port-La-Nouvelle,France,43.02315902,3.054141069,world_ports_master.csv,REAL,79
Puerto Caldera,Costa Rica,9.91248316,-84.71585362,world_ports_master.csv,REAL,530
Payra,Bangladesh,21.99789333,90.30570117,world_ports_master.csv,REAL,54
Puerto Moin,Costa Rica,10.00152272,-83.08925317,world_ports_master.csv,REAL,1242
Brest,France,48.38534559,-4.460255696,world_ports_master.csv,REAL,406
Kralendijk,"Bonaire, Saint Eustatius and Saba",12.14853793,-68.27703344,world_ports_master.csv,REAL,125
Kingstown,St. Vincent and the Grenadines,13.1589419,-61.23551139,world_ports_master.csv,REAL,439
Oranjestad,"Bonaire, Saint Eustatius and Saba",17.47773288,-62.98630044,world_ports_master.csv,REAL,378
Saint-Malo,France,48.64519607,-2.017868311,world_ports_master.csv,REAL,223
Grand Turk,Turks and Caicos Islands,21.43520362,-71.14781935,world_ports_master.csv,REAL,55
Clifton Pier,The Bahamas,25.00515191,-77.54462513,world_ports_master.csv,REAL,230
Sete,France,43.41579621,3.727373723,world_ports_master.csv,REAL,706
Providenciales,Turks and Caicos Islands,21.74055089,-72.279852,world_ports_master.csv,REAL,210
Freeport,The Bahamas,26.52451521,-78.76266581,world_ports_master.csv,REAL,1139
St Nazaire,France,47.28306049,-2.203072872,world_ports_master.csv,REAL,126
Gustavia,Saint-Barthélemy,17.90299026,-62.85264581,world_ports_master.csv,REAL,138
Georgetown,The Bahamas,23.50673765,-75.76789417,world_ports_master.csv,REAL,55
Gwadar,Pakistan,25.10895254,62.33856519,world_ports_master.csv,REAL,9
Beirut,Lebanon,33.90234183,35.52852626,world_ports_master.csv,REAL,1308
Matthew Town,The Bahamas,21.04685691,-73.64616407,world_ports_master.csv,REAL,53
Karachi,Pakistan,24.82327471,66.98321718,world_ports_master.csv,REAL,1359
Sayda,Lebanon,33.60355327,35.39507828,world_ports_master.csv,REAL,225
Nassau,The Bahamas,25.08066367,-77.34195784,world_ports_master.csv,REAL,634
Muhammad Bin Qasim,Pakistan,24.80838458,67.32181857,world_ports_master.csv,REAL,990
Tripoli,Lebanon,34.45398765,35.82667304,world_ports_master.csv,REAL,485
Nicholls Town,The Bahamas,25.1757543,-78.02701829,world_ports_master.csv,REAL,24
Hong Kong,Hong Kong SAR,22.33510926,114.0966519,world_ports_master.csv,REAL,16306
Berdyansk,Ukraine,46.75247146,36.77656918,world_ports_master.csv,REAL,116
Coles Bay Oil Terminal,Sint Maarten,18.02424968,-63.08061627,world_ports_master.csv,REAL,88
Kâmpóng Saôm,Cambodia,10.67900004,103.5274566,world_ports_master.csv,REAL,893
Chornomorsk,Ukraine,46.33159947,30.65656622,world_ports_master.csv,REAL,711
Philipsburg,Sint Maarten,18.01164829,-63.04526569,world_ports_master.csv,REAL,692
Sitrah,Bahrain,26.18935646,50.66794163,world_ports_master.csv,REAL,1495
Kerch,Ukraine,45.33753599,36.46393399,world_ports_master.csv,REAL,547
Colombo,Sri Lanka,6.949982173,79.8397869,world_ports_master.csv,REAL,3918
Lamu,Kenya,-2.196462578,40.91448117,world_ports_master.csv,REAL,127
Mariupol,Ukraine,47.05435393,37.50507939,world_ports_master.csv,REAL,274
Hambantota,Sri Lanka,6.128669137,81.09465896,world_ports_master.csv,REAL,320
Mombasa,Kenya,-4.048091983,39.6344671,world_ports_master.csv,REAL,1444
Mykolaiv,Ukraine,46.93947485,32.01556028,world_ports_master.csv,REAL,366
Trincomalee,Sri Lanka,8.562149056,81.1988085,world_ports_master.csv,REAL,113
Kiritimati,Kiribati,2.007167486,-157.486216,world_ports_master.csv,REAL,16
Odessa,Ukraine,46.50128328,30.73807121,world_ports_master.csv,REAL,692
Yap,Micronesia,9.515369659,138.125052,world_ports_master.csv,REAL,50
Betio (Tarawa),Kiribati,1.363509834,172.9338362,world_ports_master.csv,REAL,49
Pivdennyi,Ukraine,46.63334721,31.01805742,world_ports_master.csv,REAL,597
Kosrae,Micronesia,5.35152142,162.9563918,world_ports_master.csv,REAL,43
Koper,Slovenia,45.55731693,13.74846693,world_ports_master.csv,REAL,1368
Beira,Mozambique,-19.8110704,34.83983895,world_ports_master.csv,REAL,598
Chuuk,Micronesia,7.445425405,151.8403104,world_ports_master.csv,REAL,39
Malakal,Palau,7.332261621,134.4564328,world_ports_master.csv,REAL,57
Maputo,Mozambique,-25.95563087,32.52103798,world_ports_master.csv,REAL,864
Pohnpei,Micronesia,6.979563879,158.2021926,world_ports_master.csv,REAL,66
Lumut,Brunei Darussalam,4.672209645,114.4727127,world_ports_master.csv,REAL,49
Nacala,Mozambique,-14.53535059,40.65118404,world_ports_master.csv,REAL,394
Conakry,Guinea,9.51414336,-13.71524095,world_ports_master.csv,REAL,643
Muara,Brunei Darussalam,5.011106351,115.0902845,world_ports_master.csv,REAL,528
Pemba,Mozambique,-12.96679021,40.48677495,world_ports_master.csv,REAL,83
Kamsar,Guinea,10.64818175,-14.60681317,world_ports_master.csv,REAL,437
Kunda,Estonia,59.52036316,26.54450791,world_ports_master.csv,REAL,370
Belize City,Belize,17.48149658,-88.20242778,world_ports_master.csv,REAL,185
Constantza,Romania,44.13174253,28.64843862,world_ports_master.csv,REAL,3440
Muuga-Port of Tallinn,Estonia,59.49390125,24.96895069,world_ports_master.csv,REAL,1005
Big Creek,Belize,16.51539604,-88.403639,world_ports_master.csv,REAL,80
Midia,Romania,44.3416871,28.65923939,world_ports_master.csv,REAL,546
Paldiski,Estonia,59.34784057,24.06453297,world_ports_master.csv,REAL,556
Berbera,Somalia,10.4329427,44.9969791,world_ports_master.csv,REAL,316
Corinto,Nicaragua,12.48100933,-87.16901027,world_ports_master.csv,REAL,434
Pärnu,Estonia,58.39560686,24.49398768,world_ports_master.csv,REAL,270
La Plata,Argentina,-34.87191068,-57.9076772,world_ports_master.csv,REAL,386
Bahia Blanca,Argentina,-38.78214152,-62.28346451,world_ports_master.csv,REAL,726
Puerto Madryn,Argentina,-42.72883466,-65.04440497,world_ports_master.csv,REAL,79
San Martin,Argentina,-32.65666374,-60.75037431,world_ports_master.csv,REAL,1575
Quequén,Argentina,-38.57504499,-58.70710219,world_ports_master.csv,REAL,305
Rosario,Argentina,-33.04856538,-60.57348089,world_ports_master.csv,REAL,1794
San Nicolas,Argentina,-33.39126531,-60.12831101,world_ports_master.csv,REAL,276
Zarate,Argentina,-34.03111542,-59.10228422,world_ports_master.csv,REAL,483
Bullen Baai,Curaçao,12.18941721,-69.02057948,world_ports_master.csv,REAL,6
Caracasbaai,Curaçao,12.07258785,-68.86187968,world_ports_master.csv,REAL,2
Willemstad,Curaçao,12.12376332,-68.93000054,world_ports_master.csv,REAL,446
Burgas,Bulgaria,42.46948481,27.48226628,world_ports_master.csv,REAL,1513
Varna,Bulgaria,43.19226667,27.90808003,world_ports_master.csv,REAL,570
Butinge Oil Terminal,Lithuania,56.05982885,21.10657671,world_ports_master.csv,REAL,52
Klaipeda,Lithuania,55.6842213,21.13812098,world_ports_master.csv,REAL,3476
Kolkata (Syama Prasad Mookerje Port),India,22.53574401,88.29958111,world_ports_master.csv,REAL,642
Chennai (Madras),India,13.10046724,80.29425074,world_ports_master.csv,REAL,1511
Dahej,India,21.70299817,72.57511466,world_ports_master.csv,REAL,735
Dhamra Port,India,20.82773698,86.9595015,world_ports_master.csv,REAL,367
Haldia,India,22.0577906,88.10419444,world_ports_master.csv,REAL,1433
Jaigad Port,India,17.29523509,73.21867272,world_ports_master.csv,REAL,584
Kakinada,India,16.98707395,82.27189263,world_ports_master.csv,REAL,741
Kamarajar Port,India,13.27933099,80.33854581,world_ports_master.csv,REAL,798
Kandla,India,23.0091192,70.21565487,world_ports_master.csv,REAL,1967
Karaikal,India,10.84053369,79.84255847,world_ports_master.csv,REAL,111
Cochin (Kochi),India,9.969351911,76.25922208,world_ports_master.csv,REAL,1037
Krishnapatnam Port,India,14.26065023,80.11792197,world_ports_master.csv,REAL,916
Magdalla,India,21.13429214,72.67743533,world_ports_master.csv,REAL,724
Mormugao,India,15.40731887,73.80153102,world_ports_master.csv,REAL,367
Mumbai,India,18.91732276,72.93965039,world_ports_master.csv,REAL,6559
Mundra,India,22.76296998,69.6220188,world_ports_master.csv,REAL,2815
Navlakhi,India,22.95724298,70.45245138,world_ports_master.csv,REAL,64
New Mangalore,India,12.93776393,74.81887955,world_ports_master.csv,REAL,1135
Paradip,India,20.28045307,86.64892168,world_ports_master.csv,REAL,1267
Pipavav Port,India,20.90789389,71.46568355,world_ports_master.csv,REAL,875
Sikka,India,22.36483725,69.80786454,world_ports_master.csv,REAL,488
Tuticorin,India,8.765928225,78.18889725,world_ports_master.csv,REAL,1253
Visakhapatnam,India,17.65545047,83.23140922,world_ports_master.csv,REAL,1850
Port of Sohar,Oman,24.51168743,56.6127179,world_ports_master.csv,REAL,1967
Esmeraldas,Ecuador,0.990456202,-79.65069729,world_ports_master.csv,REAL,59
Qalhat LNG Terminal,Oman,22.65195684,59.41585249,world_ports_master.csv,REAL,162
Massawa,Eritrea,15.59947972,39.46163976,world_ports_master.csv,REAL,96
Guayaquil,Ecuador,-2.261145668,-79.91891512,world_ports_master.csv,REAL,1895
Montevideo,Uruguay,-34.88809074,-56.213813,world_ports_master.csv,REAL,1164
La Libertad,Ecuador,-2.222869498,-80.9004573,world_ports_master.csv,REAL,423
Moroni,Comoros,-11.70541816,43.2469507,world_ports_master.csv,REAL,90
Manta,Ecuador,-0.936619925,-80.72399912,world_ports_master.csv,REAL,194
Mutsamudu,Comoros,-12.16776101,44.39240197,world_ports_master.csv,REAL,79
Puerto Bolivar,Ecuador,-3.259294792,-79.99877388,world_ports_master.csv,REAL,224
Nauru,Nauru,-0.530581175,166.9108008,world_ports_master.csv,REAL,26
Neiafu,Tonga,-18.65204266,-173.9849551,world_ports_master.csv,REAL,39
Gibraltar,Gibraltar,36.13663072,-5.359921567,world_ports_master.csv,REAL,838
Nuku'alofa,Tonga,-21.13871037,-175.1811695,world_ports_master.csv,REAL,198
Falmouth,Jamaica,18.493441,-77.64899659,world_ports_master.csv,REAL,5
Nouadhibou,Mauritania,20.84893872,-17.04643501,world_ports_master.csv,REAL,387
Kingston,Jamaica,17.98290381,-76.80443675,world_ports_master.csv,REAL,2418
Nouakchott,Mauritania,17.99243027,-16.0255999,world_ports_master.csv,REAL,451
Okaram,Turkmenistan,38.04736897,53.83628132,world_ports_master.csv,REAL,55
Montego Bay,Jamaica,18.46070857,-77.93335097,world_ports_master.csv,REAL,191
Turkmenbashi Port,Turkmenistan,40.00960239,53.00617704,world_ports_master.csv,REAL,743
Ocho Rios,Jamaica,18.40948489,-77.11482411,world_ports_master.csv,REAL,21
Oranjestad-Barcadera,Aruba,12.49781601,-70.01342292,world_ports_master.csv,REAL,296
Port Esquivel,Jamaica,17.89281983,-77.13154378,world_ports_master.csv,REAL,116
Sint Nicolaas Baai,Aruba,12.43187931,-69.90619664,world_ports_master.csv,REAL,16
Rio Bueno,Jamaica,18.46316958,-77.43323066,world_ports_master.csv,REAL,32
Pago Pago Harbor,American Samoa,-14.28001556,-170.6831834,world_ports_master.csv,REAL,139
Fort De France,Martinique,14.60175429,-61.04695623,world_ports_master.csv,REAL,584
Palmeira,Cabo Verde,16.75446077,-22.98364675,world_ports_master.csv,REAL,232
Freetown,Sierra Leone,8.486640908,-13.20186719,world_ports_master.csv,REAL,611
Port Vale Knights,Cabo Verde,14.92112319,-24.50354708,world_ports_master.csv,REAL,97
Funafuti,Tuvalu,-8.502722899,179.1953024,world_ports_master.csv,REAL,23
Turku,Finland,60.44475295,22.18746959,world_ports_master.csv,REAL,249
Porto Da Praia,Cabo Verde,14.91004982,-23.4996856,world_ports_master.csv,REAL,398
Fredrikshamn,Finland,60.53317456,27.16309587,world_ports_master.csv,REAL,660
Porto Grande,Cabo Verde,16.89422079,-24.99565966,world_ports_master.csv,REAL,595
Hanko,Finland,59.82011054,22.92974015,world_ports_master.csv,REAL,1130
Sal Rei,Cabo Verde,16.17932575,-22.92482194,world_ports_master.csv,REAL,145
Helsinki,Finland,60.1858635,25.04678893,world_ports_master.csv,REAL,916
Paramaribo,Suriname,5.784349723,-55.15777475,world_ports_master.csv,REAL,657
Imatra,Finland,61.23687322,28.83198598,world_ports_master.csv,REAL,122
Guayanilla,Puerto Rico,17.99604873,-66.74920125,world_ports_master.csv,REAL,124
Inkoo,Finland,60.01761237,23.92754542,world_ports_master.csv,REAL,255
Puerto Yabucoa,Puerto Rico,18.04780668,-65.84150836,world_ports_master.csv,REAL,46
Jakobstad,Finland,63.7070198,22.70384732,world_ports_master.csv,REAL,259
San Juan,Puerto Rico,18.43781552,-66.1159749,world_ports_master.csv,REAL,1241
Joensuu,Finland,62.58351672,29.75262891,world_ports_master.csv,REAL,51
Point Noire,Republic of Congo,-4.785478217,11.83585414,world_ports_master.csv,REAL,955
Pointe A Pitre,Guadeloupe,16.23054802,-61.5486927,world_ports_master.csv,REAL,687
Joutseno,Finland,61.13348446,28.46124009,world_ports_master.csv,REAL,52
Port Est,Réunion,-20.93088407,55.30742425,world_ports_master.csv,REAL,474
Kaskinen,Finland,62.35643769,21.21897575,world_ports_master.csv,REAL,226
Kyaukpyu,Myanmar,19.36256828,93.68246844,world_ports_master.csv,REAL,11
Kaukas,Finland,61.06932264,28.2371602,world_ports_master.csv,REAL,73
Yangon,Myanmar,16.71604961,96.21277607,world_ports_master.csv,REAL,1498
Kemi,Finland,65.66568485,24.52414249,world_ports_master.csv,REAL,337
Port Louis,Mauritius,-20.14941789,57.49585987,world_ports_master.csv,REAL,923
Kokkola,Finland,63.85519828,23.03928255,world_ports_master.csv,REAL,562
Port Sudan,Sudan,19.603933,37.23334445,world_ports_master.csv,REAL,535
Kotka,Finland,60.46241713,26.92644204,world_ports_master.csv,REAL,1576
Suakin,Sudan,19.1159604,37.34948178,world_ports_master.csv,REAL,283
Mäntyluoto,Finland,61.61259472,21.4540934,world_ports_master.csv,REAL,455
Puerto Quetzal,Guatemala,13.92640929,-90.79003767,world_ports_master.csv,REAL,1275
Naantali,Finland,60.45473146,22.06271566,world_ports_master.csv,REAL,483
Puerto Barrios,Guatemala,15.70940032,-88.60823053,world_ports_master.csv,REAL,1391
Oulu,Finland,64.99817095,25.42524624,world_ports_master.csv,REAL,378
Ras Laffan,Qatar,25.90850676,51.59049926,world_ports_master.csv,REAL,1790
Skoldvik,Finland,60.31212422,25.53603861,world_ports_master.csv,REAL,1134
Raahe,Finland,64.65804796,24.40747643,world_ports_master.csv,REAL,339
Al Ruwais,Qatar,26.14559103,51.20530511,world_ports_master.csv,REAL,66
Rauma,Finland,61.12113289,21.46092763,world_ports_master.csv,REAL,874
Doha-Umm Said,Qatar,24.96358831,51.56713164,world_ports_master.csv,REAL,1078
Torneå,Finland,65.76808593,24.17036226,world_ports_master.csv,REAL,441
Road Harbor,British Virgin Islands,18.42260523,-64.60402002,world_ports_master.csv,REAL,261
Roseau,Dominica,15.3119678,-61.38909145,world_ports_master.csv,REAL,249
Rota,Northern Mariana Islands,14.13525179,145.1338618,world_ports_master.csv,REAL,16
Saipan,Northern Mariana Islands,15.22514305,145.7349106,world_ports_master.csv,REAL,163
Tinian,Northern Mariana Islands,14.96507238,145.6203032,world_ports_master.csv,REAL,15
Sao Tome,São Tomé and Príncipe,0.352160125,6.652341024,world_ports_master.csv,REAL,28
Sekondi,Ghana,4.938594581,-1.702414171,world_ports_master.csv,REAL,6
Takoradi,Ghana,4.891730059,-1.741934421,world_ports_master.csv,REAL,403
Tema,Ghana,5.626168215,0.000789623,world_ports_master.csv,REAL,1397
Serangoon Harbor,Singapore,1.358261773,104.0345309,world_ports_master.csv,REAL,3165
Singapore,Singapore,1.271989257,103.7074816,world_ports_master.csv,REAL,44369
Port of Saint John's,Antigua and Barbuda,17.12392658,-61.85103052,world_ports_master.csv,REAL,437
Saint George's,Grenada,12.04075574,-61.7479609,world_ports_master.csv,REAL,364
Victoria,Seychelles,-4.622741734,55.46227513,world_ports_master.csv,REAL,164
Bossaso,Somalia,11.2906123,49.18112783,world_ports_master.csv,REAL,81
Puerto Cabezas,Nicaragua,14.0223709,-83.38873222,world_ports_master.csv,REAL,1
Tallinn,Estonia,59.44859983,24.71265827,world_ports_master.csv,REAL,557
Mogadishu,Somalia,2.024425203,45.33463075,world_ports_master.csv,REAL,220
Cork,Ireland,51.87249837,-8.360436822,world_ports_master.csv,REAL,1157
Ebeye,Marshall Islands,8.728953524,167.7360696,world_ports_master.csv,REAL,30
Bintulu,Malaysia,3.271023549,113.077426,world_ports_master.csv,REAL,811
Drogheda,Ireland,53.71699842,-6.339268261,world_ports_master.csv,REAL,214
Majuro,Marshall Islands,7.084937245,171.3650739,world_ports_master.csv,REAL,99
Johor,Malaysia,1.457450535,103.9199042,world_ports_master.csv,REAL,4273
Dublin,Ireland,53.34632538,-6.204935593,world_ports_master.csv,REAL,2362
Puerto Castilla,Honduras,16.00713483,-85.96831037,world_ports_master.csv,REAL,101
Kemaman Harbor,Malaysia,4.257503129,103.4591111,world_ports_master.csv,REAL,481
Foynes,Ireland,52.61827216,-9.073834332,world_ports_master.csv,REAL,300
Kirteh Oil Terminal,Malaysia,4.574618296,103.452834,world_ports_master.csv,REAL,125
Puerto Cortes,Honduras,15.84451204,-87.94856446,world_ports_master.csv,REAL,1373
Galway,Ireland,53.26969446,-9.04415906,world_ports_master.csv,REAL,98
Kota Kinabalu,Malaysia,5.994756636,116.081712,world_ports_master.csv,REAL,163
San Lorenzo (Henecan),Honduras,13.40229522,-87.42549031,world_ports_master.csv,REAL,191
Limerick,Ireland,52.65618894,-8.647990868,world_ports_master.csv,REAL,109
Kuantan,Malaysia,3.981726241,103.3931808,world_ports_master.csv,REAL,1646
Lautoka,Fiji,-17.60674719,177.4412092,world_ports_master.csv,REAL,356
Warren Point,United Kingdom,54.10329186,-6.264554426,world_ports_master.csv,REAL,345
Kuching,Malaysia,1.566258403,110.4216778,world_ports_master.csv,REAL,396
Levuka,Fiji,-17.68633414,178.8367224,world_ports_master.csv,REAL,55
Waterford,Ireland,52.26732278,-7.040144357,world_ports_master.csv,REAL,376
Lahad Datu,Malaysia,5.021070498,118.3600911,world_ports_master.csv,REAL,171
Malau,Fiji,-16.36408559,179.3629264,world_ports_master.csv,REAL,48
Cotonou,Benin,6.345724287,2.422923872,world_ports_master.csv,REAL,895
Lumut,Malaysia,4.227365727,100.6433762,world_ports_master.csv,REAL,669
Suva,Fiji,-18.11693144,178.4249763,world_ports_master.csv,REAL,369
Daesan,Korea,37.01322694,126.4036728,world_ports_master.csv,REAL,3590
Sandakan,Malaysia,5.805288589,118.0602551,world_ports_master.csv,REAL,265
Port Gentil,Gabon,-0.686920225,8.771981264,world_ports_master.csv,REAL,224
Gwangyang (Kwangyang),Korea,34.87669716,127.7165533,world_ports_master.csv,REAL,9586
Pelabuhan Sungai Udang,Malaysia,2.263627014,102.1357975,world_ports_master.csv,REAL,632
Port Owendo,Gabon,0.297269824,9.499877013,world_ports_master.csv,REAL,480
Incheon,Korea,37.44435778,126.6200824,world_ports_master.csv,REAL,6873
Port Dickson,Malaysia,2.549916819,101.7895789,world_ports_master.csv,REAL,472
Liepaja,Latvia,56.5355915,21.01765515,world_ports_master.csv,REAL,1119
Gunsan,Korea,35.97369768,126.5946012,world_ports_master.csv,REAL,748
Port Klang,Malaysia,2.972594826,101.3403063,world_ports_master.csv,REAL,11273
Riga,Latvia,57.01806495,24.08662097,world_ports_master.csv,REAL,2683
Masan,Korea,35.20010332,128.645445,world_ports_master.csv,REAL,547
Penang,Malaysia,5.379749741,100.3899815,world_ports_master.csv,REAL,1789
Pohang,Korea,36.03523852,129.4087348,world_ports_master.csv,REAL,2234
Ventspils,Latvia,57.40540164,21.57705747,world_ports_master.csv,REAL,687
Busan,Korea,35.08955067,128.9385952,world_ports_master.csv,REAL,19994
Port of Sabah,Malaysia,6.074811315,116.1258948,world_ports_master.csv,REAL,730
Lobito,Angola,-12.34349429,13.56555783,world_ports_master.csv,REAL,215
Pyeongtaek,Korea,36.97512759,126.7846279,world_ports_master.csv,REAL,5022
Tanjung Pelepas,Malaysia,1.349982803,103.5464032,world_ports_master.csv,REAL,5473
Luanda,Angola,-8.781235499,13.28810369,world_ports_master.csv,REAL,1232
Donghae,Korea,37.4880914,129.1384589,world_ports_master.csv,REAL,933
Tg Mani,Malaysia,2.150721317,111.3371532,world_ports_master.csv,REAL,66
Malongo,Angola,-5.39313631,12.20437817,world_ports_master.csv,REAL,17
Ulsan,Korea,35.48647294,129.3780838,world_ports_master.csv,REAL,11795
Victoria,Malaysia,5.25942875,115.2377077,world_ports_master.csv,REAL,386
Namibe,Angola,-15.15855926,12.13506095,world_ports_master.csv,REAL,146
Dakar,Senegal,14.6834604,-17.42610193,world_ports_master.csv,REAL,1505
Bissau,Guinea-Bissau,11.85997214,-15.5761805,world_ports_master.csv,REAL,169
Soyo Angola LNG Terminal,Angola,-6.122821698,12.33723744,world_ports_master.csv,REAL,240
Dar Es Salaam,Tanzania,-6.843548595,39.29619624,world_ports_master.csv,REAL,907
Bonny,Nigeria,4.420690388,7.157020932,world_ports_master.csv,REAL,333
Lome,Togo,6.144824676,1.282708954,world_ports_master.csv,REAL,1409
Zanzibar,Tanzania,-6.156445914,39.19253473,world_ports_master.csv,REAL,267
Calabar,Nigeria,5.007882924,8.325139169,world_ports_master.csv,REAL,144
Luderitz Bay,Namibia,-26.64124097,15.15325258,world_ports_master.csv,REAL,72
Degrad Des Cannes,French Guiana,4.857107667,-52.27523014,world_ports_master.csv,REAL,214
Koko,Nigeria,5.999492393,5.460395648,world_ports_master.csv,REAL,141
Walvis Bay,Namibia,-22.95358268,14.48950621,world_ports_master.csv,REAL,536
Saint-Laurent-du-Maroni,French Guiana,5.494341708,-54.03546538,world_ports_master.csv,REAL,9
Lagos,Nigeria,6.447337,3.334134321,world_ports_master.csv,REAL,2054
Luganville,Vanuatu,-15.51471654,167.1900857,world_ports_master.csv,REAL,65
Vassiliko,Cyprus,34.72313086,33.31349019,world_ports_master.csv,REAL,545
Onne,Nigeria,4.688025553,7.158459417,world_ports_master.csv,REAL,335
Port Vila,Vanuatu,-17.75583988,168.3019318,world_ports_master.csv,REAL,122
Port Harcourt,Nigeria,4.765986905,7.006065503,world_ports_master.csv,REAL,258
Larnaca,Cyprus,34.92954956,33.64155775,world_ports_master.csv,REAL,364
Sapele,Nigeria,5.921430709,5.647356031,world_ports_master.csv,REAL,127
Macau,Macao SAR,22.15538395,113.5578462,world_ports_master.csv,REAL,314
Limassol,Cyprus,34.65066808,33.01521264,world_ports_master.csv,REAL,1094
Warri,Nigeria,5.516631504,5.721271738,world_ports_master.csv,REAL,249
Male,Maldives,4.188648639,73.49198324,world_ports_master.csv,REAL,610
Dili,Timor-Leste,-8.548699467,125.561537,world_ports_master.csv,REAL,92
Brades,Montserrat,16.80337933,-62.20515712,world_ports_master.csv,REAL,67
Marsaxlokk,Malta,35.821634,14.53796169,world_ports_master.csv,REAL,2548
Hera port,Timor-Leste,-8.536869778,125.6890104,world_ports_master.csv,REAL,12
Plymouth,Montserrat,16.70433595,-62.22183849,world_ports_master.csv,REAL,10
Valletta,Malta,35.87751281,14.49900138,world_ports_master.csv,REAL,1278
Djibouti,Djibouti,11.59746443,43.10371866,world_ports_master.csv,REAL,1296
Brake,Germany,53.34359213,8.489910106,world_ports_master.csv,REAL,954
Douala,Cameroon,4.052880865,9.683368801,world_ports_master.csv,REAL,925
Matadi,Democratic Republic of the Congo,-5.827041369,13.44436672,world_ports_master.csv,REAL,424
Port De Kribi,Cameroon,2.724930864,9.861209106,world_ports_master.csv,REAL,251
Bremen,Germany,53.09476546,8.777095691,world_ports_master.csv,REAL,1106
Port Sultan Qaboos,Oman,23.62884171,58.56595296,world_ports_master.csv,REAL,94
Durres,Albania,41.34064126,19.4439999,world_ports_master.csv,REAL,295
Bremerhaven,Germany,53.54944124,8.555056667,world_ports_master.csv,REAL,4555
Salalah,Oman,16.94229498,54.0083198,world_ports_master.csv,REAL,1645
Vlora,Albania,40.4627,19.46680195,world_ports_master.csv,REAL,58
Brunsbuettel,Germany,53.90367488,9.185432327,world_ports_master.csv,REAL,2629
Duqm,Oman,19.67066724,57.71736119,world_ports_master.csv,REAL,332
Port de Longoni,Mayotte,-12.72484002,45.16784536,world_ports_master.csv,REAL,131
Cuxhaven,Germany,53.85279364,8.721034288,world_ports_master.csv,REAL,998
Emden,Germany,53.34580452,7.18370007,world_ports_master.csv,REAL,1018
Hamburg,Germany,53.51640056,9.964294338,world_ports_master.csv,REAL,6740
Husum,Germany,54.47157026,9.036434712,world_ports_master.csv,REAL,138
Kiel,Germany,54.3251823,10.15896988,world_ports_master.csv,REAL,421
Lubeck-Travemunde,Germany,53.94223397,10.8560553,world_ports_master.csv,REAL,1195
Rostock,Germany,54.13941739,12.11018087,world_ports_master.csv,REAL,2140
Sassnitz,Germany,54.4854516,13.58980771,world_ports_master.csv,REAL,205
Wilhelmshaven,Germany,53.58031398,8.124443685,world_ports_master.csv,REAL,1231
Wismar,Germany,53.90490174,11.45383655,world_ports_master.csv,REAL,654
Brighton,Trinidad and Tobago,10.24717124,-61.62976162,world_ports_master.csv,REAL,49
Chaguaramas,Trinidad and Tobago,10.68085281,-61.64037575,world_ports_master.csv,REAL,50
Galeota Point Terminal,Trinidad and Tobago,10.13808371,-61.00209707,world_ports_master.csv,REAL,0
Point Fortin,Trinidad and Tobago,10.18175591,-61.6896661,world_ports_master.csv,REAL,136
Point Lisas,Trinidad and Tobago,10.39707382,-61.48116584,world_ports_master.csv,REAL,1209
Pointe A Pierre,Trinidad and Tobago,10.32409682,-61.45449435,world_ports_master.csv,REAL,573
Port of Spain,Trinidad and Tobago,10.65273439,-61.52018429,world_ports_master.csv,REAL,769
Buchanan,Liberia,5.865644367,-10.04409801,world_ports_master.csv,REAL,125
Monrovia,Liberia,6.341981659,-10.79402873,world_ports_master.csv,REAL,250
Buenos Aires,Argentina,-34.61975015,-58.35237171,world_ports_master.csv,REAL,1376
Campana,Argentina,-34.15942511,-58.94803117,world_ports_master.csv,REAL,845
Comodoro Rivadavia,Argentina,-45.83393149,-67.44977008,world_ports_master.csv,REAL,247
Izmail,Ukraine,45.3361036815363,28.809837102212,world_ports_master.csv,REAL,483
Reni,Ukraine,45.4240515296119,28.2901221207608,world_ports_master.csv,REAL,407
Olvia,Ukraine,46.8100467793335,31.9543977064548,world_ports_master.csv,REAL,422
Kherson,Ukraine,46.6179021362684,32.5989873359488,world_ports_master.csv,REAL,344
Giurgiulesti Port,Moldova,45.4707205964173,28.206595262686,world_ports_master.csv,REAL,253
Tulcea,Romania,45.1920103931536,28.7886705598508,world_ports_master.csv,REAL,26
Galati,Romania,45.4379403448606,28.0734618468282,world_ports_master.csv,REAL,73
Romportmet,Romania,45.3953256724457,28.0203945312693,world_ports_master.csv,REAL,210
Braila,Romania,45.2824621701414,27.9871222166606,world_ports_master.csv,REAL,129
Azov,Russian Federation,47.1194455879615,39.3816632115377,world_ports_master.csv,REAL,1555
Otago,New Zealand,-45.8476195945422,170.590031129251,world_ports_master.csv,REAL,330
Khalifa Bin Salman,Bahrain,26.2546428806082,50.6789666064565,world_ports_master.csv,REAL,1
Puerto Limon,Costa Rica,9.98826473647318,-83.0245088550091,world_ports_master.csv,REAL,46
Holyhead,United Kingdom,53.3181889475652,-4.62866147589909,world_ports_master.csv,REAL,75
Trapani,Italy,38.0113167053456,12.5073974867508,world_ports_master.csv,REAL,66
Eilat,Israel,29.5318039070984,34.9422234742842,world_ports_master.csv,REAL,76
Moji,Japan,33.9568605158736,130.985351393628,world_ports_master.csv,REAL,2119
Ronne,Denmark,55.0927407885952,14.6904805769816,world_ports_master.csv,REAL,180
Dongguan,China,22.8895469826739,113.584833339607,world_ports_master.csv,REAL,1152
Nanjing,China,32.1959101173504,119.050359343128,world_ports_master.csv,REAL,1173
Jiaxing,China,30.6878561089801,121.270628815618,world_ports_master.csv,REAL,890
Rosslare,Ireland,52.2543483480501,-6.33909785766805,world_ports_master.csv,REAL,124
Bantry Bay,Ireland,51.6806888202889,-9.46015800565171,world_ports_master.csv,REAL,0
Larne,United Kingdom,54.8448615116484,-5.79205088381862,world_ports_master.csv,REAL,66
Khalifa Port,United Arab Emirates,24.8063011338021,54.6931452546069,world_ports_master.csv,REAL,2299
Hamad Port,Qatar,25.0199084210527,51.6189139089543,world_ports_master.csv,REAL,1248
Shanghai (Yangshan),China,30.6150855074278,122.074785341805,world_ports_master.csv,REAL,5266
Mawan,China,22.4789636055732,113.873818471647,world_ports_master.csv,REAL,4187
Dachan Bay,China,22.546940821745,113.85636713537,world_ports_master.csv,REAL,537
Qianhai Bay,China,22.5172621132649,113.871572497511,world_ports_master.csv,REAL,34
King Abdullah Port,Saudi Arabia,22.5180255857748,39.0951887006265,world_ports_master.csv,REAL,751
Posorja,Ecuador,-2.69339409519944,-80.2479460324887,world_ports_master.csv,REAL,235
Port of Yeosu,Korea,34.7505094880521,127.760942471547,world_ports_master.csv,REAL,415
Yarimca,Türkiye,40.7608107893611,29.7488694654866,world_ports_master.csv,REAL,2786
Itapoa,Brazil,-26.1828954289828,-48.6043273827437,world_ports_master.csv,REAL,684
Siam Seaport,Thailand,13.1198552915062,100.889379400773,world_ports_master.csv,REAL,4572
Diliskelesi,Türkiye,40.7678043374208,29.5283064825096,world_ports_master.csv,REAL,4301
Kattupalli,India,13.3028360623488,80.3478454189246,world_ports_master.csv,REAL,357
Hazira,India,21.0867418434348,72.646256828019,world_ports_master.csv,REAL,1238
Naha,Japan,26.2326412690527,127.66954585426,world_ports_master.csv,REAL,1727
Omaezaki,Japan,34.6250476792131,138.219962363022,world_ports_master.csv,REAL,399
Chu Lai,Vietnam,15.4738614798003,108.639054619355,world_ports_master.csv,REAL,186
Borusan,Türkiye,40.4131247962243,29.0881976177508,world_ports_master.csv,REAL,1875
El Dekheila,Egypt,31.14295533289,29.8103749314518,world_ports_master.csv,REAL,1615
Porto de Itaguai,Brazil,-22.9363023408376,-43.8183637077484,world_ports_master.csv,REAL,899
Vila Do Conde,Brazil,-1.53781657469435,-48.7345342973385,world_ports_master.csv,REAL,1039
Rades (La Goulette),Tunisia,36.8146759471096,10.2984800220361,world_ports_master.csv,REAL,390
Almirante,Panama,9.28642792699186,-82.3897241224871,world_ports_master.csv,REAL,100
Ambarli,Türkiye,40.965797949643,28.6729728083661,world_ports_master.csv,REAL,3490
Angra Dos Reis,Brazil,-23.0128503762572,-44.3144741630998,world_ports_master.csv,REAL,8
Cam Pha,Vietnam,21.0502255319232,107.371424851142,world_ports_master.csv,REAL,135
Cape Flattery,Australia,-14.9730575833507,145.339482781973,world_ports_master.csv,REAL,52
Chicago,United States,41.6822313735937,-87.5624950701724,world_ports_master.csv,REAL,77
Coquimbo,Chile,-29.9500494383848,-71.3314143801603,world_ports_master.csv,REAL,56
Iloilo,Philippines,10.7085785079489,122.59006959958,world_ports_master.csv,REAL,426
Karumba,Australia,-17.4908860977605,140.832039903067,world_ports_master.csv,REAL,6
Hibikinada,Japan,33.941937840797,130.795011704055,world_ports_master.csv,REAL,1603
Launceston,Australia,-41.4313788427337,147.125886413452,world_ports_master.csv,REAL,4
Melilla,Spain,35.2868620535435,-2.93050098948725,world_ports_master.csv,REAL,37
Mina Salman,Bahrain,26.1915358163903,50.6100103379679,world_ports_master.csv,REAL,113
Mourilyan,Australia,-17.6000425684945,146.122146080819,world_ports_master.csv,REAL,23
Nanaimo,Canada,49.1617229180209,-123.926189514121,world_ports_master.csv,REAL,32
Ngqura,South Africa,-33.8069513827286,25.6944148119478,world_ports_master.csv,REAL,612
Nordenham,Germany,53.4979311862011,8.50507620214729,world_ports_master.csv,REAL,943
Okrika,Nigeria,4.72272091472972,7.08654006264632,world_ports_master.csv,REAL,17
Port of Virginia,United States,36.9364539978554,-76.3200234036896,world_ports_master.csv,REAL,1275
Shuaiba,Kuwait,29.0394783129701,48.1670519806477,world_ports_master.csv,REAL,1345
Stralsund,Germany,54.3053792428804,13.1068211619353,world_ports_master.csv,REAL,190
Sullom Voe,United Kingdom,60.4544256661783,-1.28282481532811,world_ports_master.csv,REAL,35
Wallhamn,Sweden,58.011733063392,11.7024164015154,world_ports_master.csv,REAL,143
Ust-Danube,Ukraine,45.4662009182142,29.7064870208289,world_ports_master.csv,REAL,0
Port of Skadovsk,Ukraine,46.1058683253467,32.9115025917419,world_ports_master.csv,REAL,1
Kismayo,Somalia,-0.373401277064594,42.54931257818,world_ports_master.csv,REAL,54
Jazan,Saudi Arabia,16.8797436617626,42.5430314066133,world_ports_master.csv,REAL,16
Orkney,United Kingdom,58.9919835061103,-2.96908937022578,world_ports_master.csv,REAL,122
Escravos (Oil Terminal),Nigeria,5.61400785901825,5.19640769993147,world_ports_master.csv,REAL,44
Bilhorod-Dnistrovskyi,Ukraine,46.1804036974437,30.3750211015391,world_ports_master.csv,REAL,7
Alexandroupoli,Greece,40.8403616309158,25.887359441583,world_ports_master.csv,REAL,65
Gizo,Solomon Islands,-8.09952979820565,156.846438882596,world_ports_master.csv,REAL,0
Ringgi,Solomon Islands,-8.12224498693555,157.111182514454,world_ports_master.csv,REAL,6
Savusavu,Fiji,-16.7759189322337,179.334325122034,world_ports_master.csv,REAL,4
Nabouwalu,Fiji,-16.9405230422117,178.660563505589,world_ports_master.csv,REAL,5
Lughughi,Solomon Islands,-11.6236126215107,160.081157490295,world_ports_master.csv,REAL,2
Rennell Island,Solomon Islands,-11.6848509209843,160.299320283363,world_ports_master.csv,REAL,12
Cat Lai (Saigon New Port),Vietnam,10.7683557993276,106.802314203887,world_ports_master.csv,REAL,4635
Cherbourg,France,49.655379095774,-1.61847914589287,world_ports_master.csv,REAL,134
Dundee,United Kingdom,56.4637207666989,-2.94450417948409,world_ports_master.csv,REAL,90
Rosyth,United Kingdom,56.0214856619621,-3.44313459625687,world_ports_master.csv,REAL,79
Kirkcaldy,United Kingdom,56.1147755265155,-3.14971603713671,world_ports_master.csv,REAL,33
Burntisland,United Kingdom,56.0560945117685,-3.23638613968683,world_ports_master.csv,REAL,5
Methil,United Kingdom,56.1822586394065,-3.00765099412697,world_ports_master.csv,REAL,23
South Riding Point,The Bahamas,26.6210271283921,-78.2241285413328,world_ports_master.csv,REAL,0
Sillamae,Estonia,59.4226297894933,27.7338600315862,world_ports_master.csv,REAL,421
Petropavlovsk-Kamchatskiy,Russian Federation,53.0332619164265,158.631048363351,world_ports_master.csv,REAL,324
Ponce,Puerto Rico,17.9733223862256,-66.6152344721323,world_ports_master.csv,REAL,23
Tanga,Tanzania,-5.0560326269058,39.1171123545215,world_ports_master.csv,REAL,115
Ras Al Khafji,Saudi Arabia,28.4147323996188,48.5244701173789,world_ports_master.csv,REAL,0
La Romana,Dominican Republic,18.4160730915466,-68.9593187195149,world_ports_master.csv,REAL,20
Key West,United States,24.5548014733239,-81.8100568709545,world_ports_master.csv,REAL,2
Charlottetown,Canada,46.2316967110366,-63.1166534319293,world_ports_master.csv,REAL,33
Pula,Croatia,44.8741700251469,13.8392530036061,world_ports_master.csv,REAL,32
Zadar,Croatia,44.0897130462853,15.2607865309825,world_ports_master.csv,REAL,96
Porto Santo,Portugal,33.0605860945201,-16.3133803337206,world_ports_master.csv,REAL,39
Mossel Bay,South Africa,-34.1781985568769,22.1465413863415,world_ports_master.csv,REAL,0
Sasebo,Japan,33.1557424704352,129.713785297223,world_ports_master.csv,REAL,391
Wyndham,Australia,-15.4511143497895,128.102970768958,world_ports_master.csv,REAL,34
Talcahuano,Chile,-36.6983629713831,-73.1020863242871,world_ports_master.csv,REAL,58
Haugesund,Norway,59.4147786597557,5.2552680463389,world_ports_master.csv,REAL,48
Honningsvag,Norway,70.9836257610763,25.9680488043574,world_ports_master.csv,REAL,12
Kirkenes,Norway,69.7287053076888,30.0649131338882,world_ports_master.csv,REAL,21
Mangalia,Romania,43.8005305276448,28.5799822807141,world_ports_master.csv,REAL,107
Zirku Island,United Arab Emirates,24.8851758085943,53.0746754938844,world_ports_master.csv,REAL,139
Sidi Kerir,Egypt,31.0958825329663,29.6187321299824,world_ports_master.csv,REAL,365
Romano,Albania,41.3810167971348,19.4173810928145,world_ports_master.csv,REAL,205
Rosales,Argentina,-38.9248396352984,-62.0517066076161,world_ports_master.csv,REAL,0
Punta Loyola,Argentina,-51.6047139479164,-69.0085335960805,world_ports_master.csv,REAL,14
Del Guazu,Argentina,-33.9022236109114,-58.8801658248711,world_ports_master.csv,REAL,98
Fray Bentos,Uruguay,-33.1162789404565,-58.2807492676191,world_ports_master.csv,REAL,40
Punta Pereira,Uruguay,-34.222531984962,-58.0606068017207,world_ports_master.csv,REAL,118
Nueva Palmira,Uruguay,-33.8819295815197,-58.4179178084523,world_ports_master.csv,REAL,346
Guamare,Brazil,-5.10520576884598,-36.3162482112367,world_ports_master.csv,REAL,0
Itacoatiara,Brazil,-3.1499933769484,-58.4416954597526,world_ports_master.csv,REAL,213
Limboh,Cameroon,4.00584729245621,9.12945300765468,world_ports_master.csv,REAL,73
Point Tupper,Canada,45.5880112918144,-61.3472479982897,world_ports_master.csv,REAL,144
Lewisporte,Canada,49.2489131508019,-55.0487713005087,world_ports_master.csv,REAL,17
Gaspe,Canada,48.8262003819533,-64.4423492187465,world_ports_master.csv,REAL,33
Holyrood,Canada,47.4261735404774,-53.1127992310698,world_ports_master.csv,REAL,6
Guayacan,Chile,-29.9696592017806,-71.3554962475977,world_ports_master.csv,REAL,78
Pulandian,China,39.3752863333034,121.731583051574,world_ports_master.csv,REAL,9
Qushan Island,China,30.4565874342441,122.28231082736,world_ports_master.csv,REAL,273
Zhuhai,China,21.9493590971629,113.200731191862,world_ports_master.csv,REAL,2414
Gulei,China,23.7909562617756,117.600010342984,world_ports_master.csv,REAL,582
Guangao,China,23.2306071713215,116.762324970768,world_ports_master.csv,REAL,811
Luanjiakou,China,37.7862459853249,120.639330162113,world_ports_master.csv,REAL,222
Dafeng,China,33.2334089562871,120.808235191763,world_ports_master.csv,REAL,582
Lushun,China,38.8066972023242,121.12785864757,world_ports_master.csv,REAL,228
Luoyuan,China,34.6020028619169,119.588884233258,world_ports_master.csv,REAL,868
Tumaco,Colombia,1.81800783227047,-78.739999979684,world_ports_master.csv,REAL,19
Banana,Democratic Republic of the Congo,-6.01089224336675,12.4026443090903,world_ports_master.csv,REAL,29
Punta Morales,Costa Rica,10.0635741973388,-84.9658228624696,world_ports_master.csv,REAL,10
Dhekelia,Cyprus,34.9781071046976,33.7426797885656,world_ports_master.csv,REAL,11
Stigsnaes,Denmark,55.2100713784248,11.2596223057961,world_ports_master.csv,REAL,203
Barahona,Dominican Republic,18.2085243026209,-71.087694858661,world_ports_master.csv,REAL,23
Puerto Viejo,Dominican Republic,18.345111098521,-70.8355266999162,world_ports_master.csv,REAL,14
Ras Gharib,Egypt,28.3445642535532,33.1097191315154,world_ports_master.csv,REAL,0
Zeit Bay,Egypt,27.8161621640394,33.5801485093014,world_ports_master.csv,REAL,4
Ras Shukheir,Egypt,28.1285102857574,33.2826172757473,world_ports_master.csv,REAL,0
Runavik,Faroe Islands,62.1182180024117,-6.72550779737778,world_ports_master.csv,REAL,56
Fuglafjordur,Faroe Islands,62.2306455903381,-6.79519354623625,world_ports_master.csv,REAL,126
Berre,France,43.4568801912925,5.14852279621845,world_ports_master.csv,REAL,47
Antifer,France,49.6582872779937,0.138068294076236,world_ports_master.csv,REAL,30
Gamba,Gabon,-2.82327283921813,9.99937842338455,world_ports_master.csv,REAL,24
Supsa,Georgia,42.0240988103469,41.7295724208667,world_ports_master.csv,REAL,23
Stade,Germany,53.6442906538775,9.50698894126009,world_ports_master.csv,REAL,1207
Hvalfjordur,Iceland,64.3943275968169,-21.4425365961286,world_ports_master.csv,REAL,2
Helguvik,Iceland,64.0047518023801,-22.5478138352957,world_ports_master.csv,REAL,32
Vizhinjam,India,8.36856104748015,76.993736641428,world_ports_master.csv,REAL,55
Karwar,India,14.7698923706459,74.1341444434512,world_ports_master.csv,REAL,63
Port Blair,India,11.676789659007,92.7224725576251,world_ports_master.csv,REAL,149
Kharg Island,Iran,29.2430727915583,50.335074434646,world_ports_master.csv,REAL,91
Lavan,Iran,26.7905436961137,53.3501575546447,world_ports_master.csv,REAL,53
Tarbert,Ireland,52.5877265070623,-9.3686722868087,world_ports_master.csv,REAL,28
Santa Panagia,Italy,37.1122670681517,15.2635698674245,world_ports_master.csv,REAL,237
Falconara,Italy,43.6427024844064,13.3868650013902,world_ports_master.csv,REAL,66
Vasto,Italy,42.1712347009254,14.7151306826349,world_ports_master.csv,REAL,57
Gaeta,Italy,41.2278193884162,13.5725796752305,world_ports_master.csv,REAL,200
Torre Annunziata,Italy,40.7435129959628,14.4540497893323,world_ports_master.csv,REAL,88
Port Kaiser,Jamaica,17.8589155733473,-77.6035712685255,world_ports_master.csv,REAL,4
Okpo (Geoje),Korea,34.8851935777372,128.7070472034,world_ports_master.csv,REAL,252
Puerto Sandino,Nicaragua,12.1656483441302,-86.7680670560747,world_ports_master.csv,REAL,44
Tan Tan,Morocco,28.4734197765415,-11.3549935335566,world_ports_master.csv,REAL,21
Bijela,Montenegro,42.4477169652261,18.6534339688346,world_ports_master.csv,REAL,1
Baie De Prony,New Caledonia,-22.353635768907,166.890361409355,world_ports_master.csv,REAL,80
Derna,Libya,32.761648007927,22.6551138745386,world_ports_master.csv,REAL,7
Hadera,Israel,32.4710776765136,34.8798724076142,world_ports_master.csv,REAL,35
Chekka,Lebanon,34.3255970067883,35.7193112068275,world_ports_master.csv,REAL,64
Aamchit,Lebanon,34.1401653025321,35.6295826821323,world_ports_master.csv,REAL,45
Mokpo,Korea,34.7610418298541,126.396902105949,world_ports_master.csv,REAL,444
Jinhae,Korea,35.1368098108452,128.663986056492,world_ports_master.csv,REAL,44
Taboguilla,Panama,8.8088374617976,-79.5576068221251,world_ports_master.csv,REAL,2330
Bialla,Papua New Guinea,-5.30561773305497,151.000062959131,world_ports_master.csv,REAL,16
Pisco (General San Martin),Peru,-13.7688698506776,-76.2436575686978,world_ports_master.csv,REAL,148
La Pampilla,Peru,-11.9263168057,-77.1484338156767,world_ports_master.csv,REAL,179
Eten,Peru,-6.97221703809285,-79.864560387107,world_ports_master.csv,REAL,45
Mollendo,Peru,-17.0411936418092,-72.0057844359403,world_ports_master.csv,REAL,94
Supe,Peru,-10.7978359836361,-77.7505978682411,world_ports_master.csv,REAL,31
Slavyanka,Russian Federation,42.8715243743688,131.397897326689,world_ports_master.csv,REAL,294
Sabetta,Russian Federation,71.2685422977887,72.1109553363133,world_ports_master.csv,REAL,349
Salif,Yemen,15.3169166182557,42.6736742475775,world_ports_master.csv,REAL,70
Shuqaiq,Saudi Arabia,17.6283957836864,42.0779551591398,world_ports_master.csv,REAL,33
Rota,Spain,36.6190523750678,-6.32415841030005,world_ports_master.csv,REAL,15
Mahon,Spain,39.8927402634657,4.26637309349765,world_ports_master.csv,REAL,25
San Ciprian,Spain,43.7085215885856,-7.45958444373281,world_ports_master.csv,REAL,161
Galle,Sri Lanka,6.0316176410085,80.2267827964668,world_ports_master.csv,REAL,41
Bashayer,Sudan,19.3907845405067,37.3178703686159,world_ports_master.csv,REAL,236
Landskrona,Sweden,55.8630689874397,12.8309863736997,world_ports_master.csv,REAL,255
Tartous,Syria,34.9033691141865,35.8689365887395,world_ports_master.csv,REAL,109
Baniyas,Syria,35.1858646499974,35.9421606838848,world_ports_master.csv,REAL,3
Anping,Taiwan Province of China,22.9744474218755,120.160318140284,world_ports_master.csv,REAL,221
Suao,Taiwan Province of China,24.5953552721171,121.86932576231,world_ports_master.csv,REAL,167
Mtwara,Tanzania,-10.2608605099218,40.2042547130292,world_ports_master.csv,REAL,76
Feodosiya,Ukraine,45.0293823831506,35.3924866301352,world_ports_master.csv,REAL,2
Canakkale,Türkiye,40.103456196747,26.3800824445946,world_ports_master.csv,REAL,161
Jebel Dhanna,United Arab Emirates,24.174505328853,52.5910418293556,world_ports_master.csv,REAL,144
Das Island,United Arab Emirates,25.1459398379326,52.8754554358407,world_ports_master.csv,REAL,335
Catia La Mar,Venezuela,10.5976081963712,-67.0567861684697,world_ports_master.csv,REAL,27
La Salina,Venezuela,10.3696516319543,-71.4585019048218,world_ports_master.csv,REAL,34
Van Phong,Vietnam,12.5040628840733,109.283625429454,world_ports_master.csv,REAL,281
Ash Shihr,Yemen,14.6944993583033,49.5436480987972,world_ports_master.csv,REAL,2
Rudum Terminal,Yemen,13.9931436850754,47.914459003825,world_ports_master.csv,REAL,6
Ras Isa Terminal,Yemen,15.2506749411968,42.6176409513343,world_ports_master.csv,REAL,29
Mokha,Yemen,13.2999773445722,43.2338128020907,world_ports_master.csv,REAL,0
Pengerang,Malaysia,1.3409833539977,104.161861035667,world_ports_master.csv,REAL,2094
Kimanis,Malaysia,5.69823512877678,115.810788401596,world_ports_master.csv,REAL,87
Kunak,Malaysia,4.69406464844105,118.256394118897,world_ports_master.csv,REAL,44
Tawau,Malaysia,4.25500727463273,117.870156155841,world_ports_master.csv,REAL,259
Isabel,Philippines,10.9016363100407,124.435542094056,world_ports_master.csv,REAL,172
Amlan,Philippines,9.43641763273019,123.239191695115,world_ports_master.csv,REAL,79
Calaca,Philippines,13.9185658619298,120.815044368299,world_ports_master.csv,REAL,304
Balayan,Philippines,13.9338211230468,120.747827620769,world_ports_master.csv,REAL,23
Pachi,Greece,37.9696159587141,23.3816454307986,world_ports_master.csv,REAL,88
Lavrion,Greece,37.7047701201238,24.061820872762,world_ports_master.csv,REAL,139
Chalkis,Greece,38.4560580996744,23.5895460303669,world_ports_master.csv,REAL,78
Kali Limenes,Greece,34.9285278588392,24.8048231924303,world_ports_master.csv,REAL,57
Atherinolakos,Greece,35.0038689611542,26.1418512438075,world_ports_master.csv,REAL,6
Psakhna,Greece,38.5642654328339,23.5967771337502,world_ports_master.csv,REAL,46
San Nicolas,Greece,38.3543626726989,22.6787373051707,world_ports_master.csv,REAL,119
Henza Island,Japan,26.3607518705613,127.966400053085,world_ports_master.csv,REAL,299
Namikata,Japan,34.1196075765848,132.935391919819,world_ports_master.csv,REAL,442
Kanokawa,Japan,34.1831070337709,132.430998786464,world_ports_master.csv,REAL,172
Nakagusukuwan,Japan,26.2233693144092,127.787555078582,world_ports_master.csv,REAL,138
Mutsure,Japan,33.9744124326445,130.866156798389,world_ports_master.csv,REAL,219
Chofu,Japan,34.0095394269591,131.006350386306,world_ports_master.csv,REAL,262
Kinwan,Japan,26.4211708877825,127.842058562891,world_ports_master.csv,REAL,227
Saiki,Japan,32.9813660016647,131.905714426269,world_ports_master.csv,REAL,512
Owase,Japan,34.0714440465658,136.210395464368,world_ports_master.csv,REAL,51
Karimun,Indonesia,1.06318536647826,103.317664793112,world_ports_master.csv,REAL,151
Muntok,Indonesia,-2.07402944030294,105.170642224652,world_ports_master.csv,REAL,1
Sungai Pakning,Indonesia,1.34826369615872,102.157879941684,world_ports_master.csv,REAL,96
Padang,Indonesia,-8.51191030976715,115.513227073498,world_ports_master.csv,REAL,301
Sabang,Indonesia,5.88491841895616,95.3208123004595,world_ports_master.csv,REAL,4
Pulau Sambu,Indonesia,1.16080828783621,103.899648281736,world_ports_master.csv,REAL,133
Kuala Tanjung,Indonesia,3.37206298625255,99.4558614311782,world_ports_master.csv,REAL,150
Bula,Indonesia,-3.10101745349884,130.504710648562,world_ports_master.csv,REAL,40
Kijing,Indonesia,0.513514898115065,108.915660358245,world_ports_master.csv,REAL,51
Amurang,Indonesia,1.1817008749589,124.473237226909,world_ports_master.csv,REAL,31
Luwuk,Indonesia,-0.949080688856557,122.808357296821,world_ports_master.csv,REAL,131
Hound Point,United Kingdom,56.0018375139033,-3.35887423231441,world_ports_master.csv,REAL,69
Flotta,United Kingdom,58.8363226064973,-3.11996230918531,world_ports_master.csv,REAL,22
Douglas,United Kingdom,54.1468436275529,-4.46817810584293,world_ports_master.csv,REAL,23
Cromarty,United Kingdom,57.6997269693355,-4.02959766650529,world_ports_master.csv,REAL,68
Macduff,United Kingdom,57.6713438986857,-2.49719379566753,world_ports_master.csv,REAL,0
Loch Striven,United Kingdom,55.8867280234061,-5.04485497464846,world_ports_master.csv,REAL,7
Faslane,United Kingdom,56.0643738045419,-4.82529229378135,world_ports_master.csv,REAL,0
Campbeltown,United Kingdom,55.4214906086236,-5.58409366427179,world_ports_master.csv,REAL,52
Delaware,United States,39.5836795779323,-75.6030676738374,world_ports_master.csv,REAL,101
Rodeo,United States,38.0475271930771,-122.257971529925,world_ports_master.csv,REAL,125
Kalama,United States,46.0273657254777,-122.862427309442,world_ports_master.csv,REAL,278
Erie,United States,42.150052962337,-80.0983112353327,world_ports_master.csv,REAL,26
Nikiski,United States,60.6983652294442,-151.357572066497,world_ports_master.csv,REAL,68
Marcus Hook,United States,39.8166842561933,-75.4112571037832,world_ports_master.csv,REAL,662
Albany,United States,42.6216733773329,-73.7551907460014,world_ports_master.csv,REAL,55
Manchester,United States,47.5623177380008,-122.543065072613,world_ports_master.csv,REAL,3
Dutch Harbor,United States,53.8930536363471,-166.51680685919,world_ports_master.csv,REAL,135
Conneaut,United States,41.96601332354232,-80.54767839331956,world_ports_master.csv,REAL,71
Fairless Hills,United States,40.13793131673273,-74.74856975897411,world_ports_master.csv,REAL,84
Longview,United States,46.11077309520158,-122.9442444313803,world_ports_master.csv,REAL,401
Ashtabula,United States,41.90727127828861,-80.78703197101717,world_ports_master.csv,REAL,74
Fairport,United States,41.75558735992676,-81.27480005594211,world_ports_master.csv,REAL,72
Monroe,United States,41.898049171634526,-83.34975295242701,world_ports_master.csv,REAL,65
Garacad,Somalia,6.930975790932465,49.32399864394876,world_ports_master.csv,REAL,4
Chancay,Peru,-11.59190683259616,-77.27907206053236,world_ports_master.csv,REAL,62
Fernandina,United States,30.69332357133872,-81.45224563684486,world_ports_master.csv,REAL,42
Madero,Mexico,14.700005809133987,-92.40776173180058,world_ports_master.csv,REAL,41
Deseado,Argentina,-47.75452033207676,-65.90897633681332,world_ports_master.csv,REAL,35
San Antonio Este,Argentina,-40.79817740556941,-64.88186997355537,world_ports_master.csv,REAL,18
Chacabuco,Chile,-45.46313257402253,-72.8226627271358,world_ports_master.csv,REAL,169
San Andres,Colombia,12.57257157082485,-81.70107324650651,world_ports_master.csv,REAL,202
Cumarebo,Venezuela,11.508558603353563,-69.32839630505957,world_ports_master.csv,REAL,0
Guaranao,Venezuela,11.692208860561776,-70.21283757222142,world_ports_master.csv,REAL,49
Guanta,Venezuela,10.2470228644195,-64.59268503340354,world_ports_master.csv,REAL,79
Uusikaupunki,Finland,60.79201245123225,21.35611024079948,world_ports_master.csv,REAL,479
Moerdijk,The Netherlands,51.68192262470657,4.580214707102393,world_ports_master.csv,REAL,3597
Jeju,Korea,33.52425331533851,126.544232261988,world_ports_master.csv,REAL,301
Seogwipo,Korea,33.23884278231272,126.56558045670108,world_ports_master.csv,REAL,11
Wando,Korea,34.31907518125215,126.75799895484316,world_ports_master.csv,REAL,2
Zhongshan,China,22.57762219478311,113.5022564115573,world_ports_master.csv,REAL,87
Ushuaia,Argentina,-54.81096080656699,-68.30037836344027,world_ports_master.csv,REAL,29
Abashiri,Japan,44.01462492846456,144.29092508055206,world_ports_master.csv,REAL,61
Aburatsu,Japan,31.563115222402672,131.39489295563263,world_ports_master.csv,REAL,146
Al Hoceima,Morocco,35.24538342228755,-3.9197106199827054,world_ports_master.csv,REAL,0
Beppu,Japan,33.32514981726958,131.51299889595052,world_ports_master.csv,REAL,156
Biak,Indonesia,-1.185612648857857,136.07630032135648,world_ports_master.csv,REAL,115
Bunati,Indonesia,-3.8289082860484616,115.70611918130768,world_ports_master.csv,REAL,766
Cesme,Türkiye,38.3233235904712,26.29553244879024,world_ports_master.csv,REAL,174
Fukue,Japan,32.69415701599888,128.85463789882223,world_ports_master.csv,REAL,34
Funagawa,Japan,39.87532795300711,139.8654380824682,world_ports_master.csv,REAL,142
Gonoura,Japan,33.74315451129555,129.67332418815153,world_ports_master.csv,REAL,79
Gopalpur,India,19.29112737743345,84.95741871367457,world_ports_master.csv,REAL,130
PLTU Nagan Raya,Indonesia,4.057399276639193,96.14969048642013,world_ports_master.csv,REAL,198
Hidaka,Japan,33.85671844945321,135.1532259887527,world_ports_master.csv,REAL,63
Hirara,Japan,24.81895543041971,125.27721380497792,world_ports_master.csv,REAL,234
Imari,Japan,33.32268165897947,129.83628648393872,world_ports_master.csv,REAL,963
Ishigaki,Japan,24.33944486890168,124.13698423939594,world_ports_master.csv,REAL,143
Izuhara,Japan,34.19291122405697,129.29159008690695,world_ports_master.csv,REAL,37
Jetty Coalindo,Indonesia,0.8056557623156951,117.8924483275618,world_ports_master.csv,REAL,300
Sakarya (Karasu),Türkiye,41.12116419273007,30.67915898650193,world_ports_master.csv,REAL,144
Sendai,Japan,31.85317710805988,130.19685246990127,world_ports_master.csv,REAL,379
Kenitra,Morocco,34.29111087114013,-6.619822731700385,world_ports_master.csv,REAL,0
Xishengxu,China,32.17397181622414,118.87603849915324,world_ports_master.csv,REAL,1013
Kuji,Japan,40.19834976535369,141.82060574281832,world_ports_master.csv,REAL,91
Kumamoto,Japan,32.76652257475955,130.58904721204593,world_ports_master.csv,REAL,72
La Libertad,El Salvador,13.48540839578887,-89.31795089301116,world_ports_master.csv,REAL,0
Miike,Japan,33.020158859963246,130.41010982935757,world_ports_master.csv,REAL,514
"Misumi, Kumamoto",Japan,32.60011192411926,130.4695249014171,world_ports_master.csv,REAL,233
"Misumi, Shimane",Japan,34.79407459216538,131.9338211959745,world_ports_master.csv,REAL,206
Miyako,Japan,39.62975691749148,141.97055391457394,world_ports_master.csv,REAL,62
Miyazaki,Japan,31.90210767220479,131.46484946558158,world_ports_master.csv,REAL,225
Monbetsu,Japan,44.346216923829175,143.37581347628597,world_ports_master.csv,REAL,24
Mutsu-Ogawara,Japan,40.95224332506539,141.40761667792702,world_ports_master.csv,REAL,192
Nakatsu,Japan,33.62125784660368,131.22991656170424,world_ports_master.csv,REAL,321
Naze,Japan,28.396039386648745,129.50379402510032,world_ports_master.csv,REAL,80
Nemuro,Japan,43.34537212575575,145.57774979837896,world_ports_master.csv,REAL,0
Nishinoomote,Japan,30.73435638877616,130.9874900722335,world_ports_master.csv,REAL,173
North Abaco,The Bahamas,26.89096397455886,-77.53222145988055,world_ports_master.csv,REAL,2
Ogi,Japan,37.8146025305689,138.29040681790565,world_ports_master.csv,REAL,5
Okayama,Japan,34.57961538361874,133.99324530906782,world_ports_master.csv,REAL,751
Tuzla (Pendik),Türkiye,40.859215326162925,29.264536890231355,world_ports_master.csv,REAL,800
Plaquemines,United States,29.6246467591855,-89.90439665429324,world_ports_master.csv,REAL,351
Port Rhoades,Jamaica,18.461459256969945,-77.40681994180962,world_ports_master.csv,REAL,55
Porto Sul,Brazil,-14.773801461927476,-39.02898119969663,world_ports_master.csv,REAL,23
Rocky Point,Jamaica,17.812591962362013,-77.14414497125027,world_ports_master.csv,REAL,62
Rugao,China,32.06846972283425,120.52885289191636,world_ports_master.csv,REAL,1026
Ryotsu,Japan,38.0942970660059,138.4572638356692,world_ports_master.csv,REAL,274
Safi Atlantique,Morocco,32.16524204788094,-9.275043915127467,world_ports_master.csv,REAL,39
Saigo,Japan,36.205489350938514,133.33775086771973,world_ports_master.csv,REAL,41
Shimonoseki,Japan,33.94243743862432,130.92835087973242,world_ports_master.csv,REAL,1228
Soma,Japan,37.84101971439648,140.97694782787576,world_ports_master.csv,REAL,505
Sukumowan,Japan,32.91553739375891,132.7051430961867,world_ports_master.csv,REAL,35
Taixing,China,32.13815045063475,119.9300484081644,world_ports_master.csv,REAL,1088
Tasucu,Türkiye,36.31230342918748,33.88939444764967,world_ports_master.csv,REAL,51
Tottori,Japan,35.54127234784807,134.18919251392327,world_ports_master.csv,REAL,62
Toyo,Japan,33.9509557148789,133.14451324882086,world_ports_master.csv,REAL,1122
Tuna,India,22.90565652157253,70.10859578301307,world_ports_master.csv,REAL,113
Unten,Japan,26.66127228055712,128.01248282246996,world_ports_master.csv,REAL,25
Wahana Jetty,Indonesia,-3.936068695073808,115.49272321395092,world_ports_master.csv,REAL,121
Wakkanai,Japan,45.41282459710791,141.70218643891474,world_ports_master.csv,REAL,124
Xieqiao,China,32.04257956163418,120.39983483323336,world_ports_master.csv,REAL,1533
Yangzhou,China,32.27021674982553,119.43120161828364,world_ports_master.csv,REAL,727
Yihua,China,32.254510556314095,119.12673198146332,world_ports_master.csv,REAL,626
Zhenjiang,China,32.19167436975261,119.31488684948292,world_ports_master.csv,REAL,902
Zhenjiang New Area,China,32.20101824006198,119.63932374760748,world_ports_master.csv,REAL,2623
Areia Branca,Brazil,-4.821011203186009,-37.04589404657474,world_ports_master.csv,REAL,52
Carinhoso,Brazil,-3.080007796843925,-59.85620705101419,world_ports_master.csv,REAL,0
Coari,Brazil,-4.025218759400398,-63.12183622585124,world_ports_master.csv,REAL,93
Concepcion del Uruguay,Argentina,-32.49049955445169,-58.21971683997612,world_ports_master.csv,REAL,59
Correa,Brazil,-19.00175586228028,-57.59562205322626,world_ports_master.csv,REAL,2
Estaleiro Jurong,Brazil,-19.865787475483145,-40.06434687198997,world_ports_master.csv,REAL,2
Itahum,Brazil,-21.71017922989673,-57.90361123457201,world_ports_master.csv,REAL,0
Itaituba,Brazil,-4.323058915674796,-56.0247403778297,world_ports_master.csv,REAL,0
Juruti,Brazil,-2.1663238158967024,-56.10779599769451,world_ports_master.csv,REAL,122
Munguba,Brazil,-0.923462536371614,-52.4264494721364,world_ports_master.csv,REAL,12
Murtinho,Brazil,-21.690978596823,-57.883201824350856,world_ports_master.csv,REAL,0
Norte Capixaba,Brazil,-18.97685586193735,-39.70098566743419,world_ports_master.csv,REAL,21
Osorio,Brazil,-30.00903759917348,-50.10588536536458,world_ports_master.csv,REAL,163
Pelotas,Brazil,-31.78402496801919,-52.32896562826021,world_ports_master.csv,REAL,0
Paracuru,Brazil,-3.399744593922471,-39.01317347761413,world_ports_master.csv,REAL,0
Ponta Ubu,Brazil,-20.78163223748859,-40.57181796031063,world_ports_master.csv,REAL,76
Porto Velho,Brazil,-8.753275357770134,-63.90908801348336,world_ports_master.csv,REAL,0
Portuário Novo Remanso,Brazil,-3.2323185239892487,-58.99381250744777,world_ports_master.csv,REAL,21
Santana,Brazil,-0.0371065293831883,-51.18048883236113,world_ports_master.csv,REAL,57
Santarem,Brazil,-2.402722779834859,-54.74913232644696,world_ports_master.csv,REAL,226
Trombetas,Brazil,-1.4574836582442292,-56.38702827917076,world_ports_master.csv,REAL,229
Boryeong LNG Terminal,Korea,36.4034370641251,126.489358026811,world_ports_master.csv,REAL,147
Chugoku Yanai LNG Terminal,Japan,33.954122285010044,132.12215979674394,world_ports_master.csv,REAL,43
Costa Azul LNG Terminal,Mexico,31.987308320514245,-116.85190775818606,world_ports_master.csv,REAL,4
Dhabol LNG Terminal,India,17.533679505186317,73.14709066767129,world_ports_master.csv,REAL,16
Dominion Cove Point,United States,38.39271789820683,-76.38902776776149,world_ports_master.csv,REAL,65
Donggi Senoro LNG Terminal,Indonesia,-1.2491735635193313,122.60246888215032,world_ports_master.csv,REAL,63
Dongguan LNG Terminal,China,22.950090353838224,113.55846369487617,world_ports_master.csv,REAL,1922
Escobar LNG Terminal,Argentina,-34.24209991937602,-58.76005938687225,world_ports_master.csv,REAL,122
Guangdong Dapeng LNG Terminal,China,22.581784172818544,114.44171478330917,world_ports_master.csv,REAL,166
Pagbilao LNG Terminal,Philippines,13.89415158437552,121.74331249925454,world_ports_master.csv,REAL,28
Peru LNG Terminal,Peru,-13.26202704562233,-76.30734169561661,world_ports_master.csv,REAL,54
Revithoussa LNG Terminal,Greece,37.960310610130925,23.401960166606223,world_ports_master.csv,REAL,44
Rudong Jiangsu LNG Terminal,China,32.52938810707759,121.41493623806116,world_ports_master.csv,REAL,229
Sabine Pass,United States,29.745253719133864,-93.88596237635302,world_ports_master.csv,REAL,605
Samalaju,Malaysia,3.5969822732535586,113.33062755584083,world_ports_master.csv,REAL,169
Samcheok LNG Terminal,Korea,37.17440233055741,129.3551261307286,world_ports_master.csv,REAL,61
Tongyeong LNG Terminal,Korea,34.94819664355178,128.43396537704476,world_ports_master.csv,REAL,96
Yemen LNG Terminal,Yemen,13.9800595915785,48.17745534387917,world_ports_master.csv,REAL,0
Yuedong LNG Terminal,China,22.925088742725315,116.37617809717943,world_ports_master.csv,REAL,33
Yung-An LNG Terminal,Taiwan Province of China,22.839938702762733,120.19987776161608,world_ports_master.csv,REAL,220
Bacolod,Philippines,10.698979639568163,122.94462224143132,world_ports_master.csv,REAL,410
Christiansted,United States Virgin Islands,17.74998981329927,-64.69775089890321,world_ports_master.csv,REAL,55
Egersund,Norway,58.43578130534888,5.98980590289863,world_ports_master.csv,REAL,303
Fusa,Norway,60.20389504886872,5.60119649766657,world_ports_master.csv,REAL,26
Futong,Indonesia,0.8118875727998486,102.40670193597956,world_ports_master.csv,REAL,114
Greenock,United Kingdom,55.948416622599744,-4.739284492958417,world_ports_master.csv,REAL,295
Guangzhou (Huangpu),China,23.043240016366543,113.51257145262622,world_ports_master.csv,REAL,3347
Kodiak,United States,57.78198222487451,-152.42352962997015,world_ports_master.csv,REAL,83
Lekki,Nigeria,6.402232725986366,4.058123897592126,world_ports_master.csv,REAL,110
Mar del Plata,Argentina,-38.04500503622433,-57.531154851713,world_ports_master.csv,REAL,62
Nghi Son,Vietnam,19.347948207291083,105.810270320808,world_ports_master.csv,REAL,1874
Pozzallo,Italy,36.71461545984809,14.835372975974192,world_ports_master.csv,REAL,187
Turbo,Colombia,8.073042206867283,-76.72899059336534,world_ports_master.csv,REAL,0
Basse Terre,Guadeloupe,15.994093663191606,-61.73328394672887,world_ports_master.csv,REAL,23
Borkum,Germany,53.56472456769847,6.751967863440217,world_ports_master.csv,REAL,8
El Sauzal,Mexico,31.893398978619416,-116.70225488544328,world_ports_master.csv,REAL,0
Funchal,Portugal,32.644511808570456,-16.90908344359087,world_ports_master.csv,REAL,4
Gonghyeonjin,Korea,38.361864059547,128.51344783653732,world_ports_master.csv,REAL,0
Gushan,China,30.38517133165109,120.9157488611209,world_ports_master.csv,REAL,2
Haiyan,China,30.462428004061685,120.94417470837196,world_ports_master.csv,REAL,25
Huangdun,China,29.475746941298745,121.50695037884876,world_ports_master.csv,REAL,216
Iquitos,Peru,-3.726086915393308,-73.24102943580486,world_ports_master.csv,REAL,0
King Island,Australia,-40.06145548244566,144.06730672699769,world_ports_master.csv,REAL,60
Kyrenia,Cyprus,35.34298667943288,33.33181693497462,world_ports_master.csv,REAL,21
Morelos,Mexico,20.847145764558142,-86.87260532664415,world_ports_master.csv,REAL,45
Santa Fe,Argentina,-31.648486163576468,-60.69378490122583,world_ports_master.csv,REAL,35
Taizhou (Damaiyu),China,28.085601396361657,121.145848216685,world_ports_master.csv,REAL,281
Taizhou (Jiantiao),China,29.04381847479629,121.62825486032824,world_ports_master.csv,REAL,54
Taizhou (Wenling),China,28.409425930955084,121.6596135530483,world_ports_master.csv,REAL,37
Toumen,China,28.692958815701967,121.76221039291563,world_ports_master.csv,REAL,87
Wischhafen,Germany,53.7812601571632,9.3347904845889,world_ports_master.csv,REAL,18
Yueqing,China,28.18412158830965,121.10648599932168,world_ports_master.csv,REAL,218
Brazil - Offshore Oil Terminal 1,Brazil,-21.339,-40.058,world_ports_master.csv,REAL,20
Brazil - Offshore Oil Terminal 10,Brazil,-24.776,-42.72,world_ports_master.csv,REAL,20
Brazil - Offshore Oil Terminal 11,Brazil,-24.951,-42.468,world_ports_master.csv,REAL,44
Brazil - Offshore Oil Terminal 12,Brazil,-25.49,-42.78,world_ports_master.csv,REAL,74
Brazil - Offshore Oil Terminal 13,Brazil,-22.229,-40.334,world_ports_master.csv,REAL,4
Brazil - Offshore Oil Terminal 14,Brazil,-24.583,-42.256,world_ports_master.csv,REAL,33
Brazil - Offshore Oil Terminal 15,Brazil,-21.885,-39.858,world_ports_master.csv,REAL,16
Brazil - Offshore Oil Terminal 16,Brazil,-22.952,-40.725,world_ports_master.csv,REAL,35
Brazil - Offshore Oil Terminal 17,Brazil,-25.517,-43.465,world_ports_master.csv,REAL,18
Brazil - Offshore Oil Terminal 18,Brazil,-12.814,-38.68,world_ports_master.csv,REAL,26
Brazil - Offshore Oil Terminal 19,Brazil,-25.226,-42.57,world_ports_master.csv,REAL,56
Brazil - Offshore Oil Terminal 2,Brazil,-25.393,-42.76,world_ports_master.csv,REAL,57
Brazil - Offshore Oil Terminal 20,Brazil,-23.135,-41.073,world_ports_master.csv,REAL,13
Brazil - Offshore Oil Terminal 21,Brazil,-24.787,-42.508,world_ports_master.csv,REAL,66
Brazil - Offshore Oil Terminal 22,Brazil,-25.672,-43.205,world_ports_master.csv,REAL,60
Brazil - Offshore Oil Terminal 23,Brazil,-22.495,-39.937,world_ports_master.csv,REAL,14
Brazil - Offshore Oil Terminal 24,Brazil,-24.687,-42.505,world_ports_master.csv,REAL,71
Brazil - Offshore Oil Terminal 25,Brazil,-24.648,-42.513,world_ports_master.csv,REAL,72
Brazil - Offshore Oil Terminal 26,Brazil,-24.301,-42.714,world_ports_master.csv,REAL,8
Brazil - Offshore Oil Terminal 27,Brazil,-25.657,-42.859,world_ports_master.csv,REAL,66
Brazil - Offshore Oil Terminal 28,Brazil,-23.317,-41.258,world_ports_master.csv,REAL,30
Brazil - Offshore Oil Terminal 29,Brazil,-25.798,-43.263,world_ports_master.csv,REAL,56
Brazil - Offshore Oil Terminal 3,Brazil,-22.462,-40.057,world_ports_master.csv,REAL,6
Brazil - Offshore Oil Terminal 30,Brazil,-21.214,-39.997,world_ports_master.csv,REAL,43
Brazil - Offshore Oil Terminal 31,Brazil,-25.14,-42.943,world_ports_master.csv,REAL,72
Brazil - Offshore Oil Terminal 32,Brazil,-22.132,-39.967,world_ports_master.csv,REAL,17
Brazil - Offshore Oil Terminal 33,Brazil,-25.543,-42.838,world_ports_master.csv,REAL,31
Brazil - Offshore Oil Terminal 34,Brazil,-22.392,-40.053,world_ports_master.csv,REAL,0
Brazil - Offshore Oil Terminal 35,Brazil,-21.939,-39.785,world_ports_master.csv,REAL,17
Brazil - Offshore Oil Terminal 36,Brazil,-22.55,-40.258,world_ports_master.csv,REAL,22
Brazil - Offshore Oil Terminal 37,Brazil,-25.328,-42.692,world_ports_master.csv,REAL,70
Brazil - Offshore Oil Terminal 38,Brazil,-24.558,-42.187,world_ports_master.csv,REAL,3
Brazil - Offshore Oil Terminal 39,Brazil,-23.513,-41.064,world_ports_master.csv,REAL,14
Brazil - Offshore Oil Terminal 4,Brazil,-22.486,-40.096,world_ports_master.csv,REAL,0
Brazil - Offshore Oil Terminal 40,Brazil,-24.63,-42.265,world_ports_master.csv,REAL,15
Brazil - Offshore Oil Terminal 41,Brazil,-22.344,-40.195,world_ports_master.csv,REAL,23
Brazil - Offshore Oil Terminal 42,Brazil,-22.428,-40.029,world_ports_master.csv,REAL,0
Brazil - Offshore Oil Terminal 43,Brazil,-25.202,-42.878,world_ports_master.csv,REAL,62
Brazil - Offshore Oil Terminal 44,Brazil,-22.662,-40.238,world_ports_master.csv,REAL,15
Brazil - Offshore Oil Terminal 45,Brazil,-21.993,-39.739,world_ports_master.csv,REAL,0
Brazil - Offshore Oil Terminal 5,Brazil,-24.685,-42.293,world_ports_master.csv,REAL,9
Brazil - Offshore Oil Terminal 6,Brazil,-22.439,-40.069,world_ports_master.csv,REAL,6
Brazil - Offshore Oil Terminal 7,Brazil,-22.158,-40.147,world_ports_master.csv,REAL,73
Brazil - Offshore Oil Terminal 8,Brazil,-20.042,-39.523,world_ports_master.csv,REAL,5
Brazil - Offshore Oil Terminal 9,Brazil,-21.208,-39.743,world_ports_master.csv,REAL,17
Equatorial Guinea - Offshore Oil Terminal 1,Equatorial Guinea,3.375,9.14,world_ports_master.csv,REAL,12
Equatorial Guinea - Offshore Oil Terminal 2,Equatorial Guinea,3.802,8.078,world_ports_master.csv,REAL,12
Equatorial Guinea - Offshore Oil Terminal 3,Equatorial Guinea,1.409,9.228,world_ports_master.csv,REAL,0
Guyana - Offshore Oil Terminal 1,Guyana,8.008,-56.913,world_ports_master.csv,REAL,43
Guyana - Offshore Oil Terminal 2,Guyana,8.195,-57.003,world_ports_master.csv,REAL,24
Guyana - Offshore Oil Terminal 3,Guyana,8.01,-56.992,world_ports_master.csv,REAL,39
Guyana - Offshore Oil Terminal 4,Guyana,7.957,-56.717,world_ports_master.csv,REAL,4
Angola - Offshore Oil Terminal 1,Angola,-7.5930000000000035,12.110000000000008,world_ports_master.csv,REAL,1
Angola - Offshore Oil Terminal 2,Angola,-7.235000000000002,11.285000000000002,world_ports_master.csv,REAL,19
Angola - Offshore Oil Terminal 3,Angola,-7.463000000000004,11.568000000000003,world_ports_master.csv,REAL,0
Angola - Offshore Oil Terminal 4,Angola,-5.38,11.442999999999996,world_ports_master.csv,REAL,0
Angola - Offshore Oil Terminal 5,Angola,-5.637000000000001,11.852000000000007,world_ports_master.csv,REAL,12
Angola - Offshore Oil Terminal 6,Angola,-6.139,11.029999999999998,world_ports_master.csv,REAL,27
Angola - Offshore Oil Terminal 7,Angola,-7.543,12.169,world_ports_master.csv,REAL,1
Australia - Offshore Oil Terminal 1,Australia,-13.964999999999998,123.31500000000004,world_ports_master.csv,REAL,30
Australia - Offshore Oil Terminal 2,Australia,-12.660000000000004,124.54300000000003,world_ports_master.csv,REAL,11
Australia - Offshore Oil Terminal 3,Australia,-19.58799999999999,116.44699999999996,world_ports_master.csv,REAL,6
Australia - Offshore Oil Terminal 4,Australia,-21.540000000000003,114.11600000000008,world_ports_master.csv,REAL,7
Australia - Offshore Oil Terminal 5,Australia,-21.4325,114.067,world_ports_master.csv,REAL,15
Bangladesh - Offshore Oil Terminal 1,Bangladesh,21.53699999999999,91.81799999999993,world_ports_master.csv,REAL,27
Cameroon - Offshore Oil Terminal 1,Cameroon,2.923,9.801000000000002,world_ports_master.csv,REAL,47
Canada - Offshore Oil Terminal 1,Canada,46.475,-48.481,world_ports_master.csv,REAL,13
China - Offshore Oil Terminal 1,China,22.155999999999988,113.9639999999999,world_ports_master.csv,REAL,5
China - Offshore Oil Terminal 2,China,21.352999999999994,114.735,world_ports_master.csv,REAL,15
China - Offshore Oil Terminal 3,China,21.643,116.045,world_ports_master.csv,REAL,35
China - Offshore Oil Terminal 4,China,38.392,120.07999999999991,world_ports_master.csv,REAL,36
Côte d'Ivoire - Offshore Oil Terminal 1,Côte d'Ivoire,4.737000000000004,-3.5649999999999995,world_ports_master.csv,REAL,6
Democratic Republic of the Congo - Offshore Oil Terminal 1,Democratic Republic of the Congo,-6.240999999999999,10.730999999999996,world_ports_master.csv,REAL,25
Democratic Republic of the Congo - Offshore Oil Terminal 2,Democratic Republic of the Congo,-5.971999999999999,12.108,world_ports_master.csv,REAL,14
Democratic Republic of the Congo - Offshore Oil Terminal 3,Democratic Republic of the Congo,-6.321000000000001,11.278,world_ports_master.csv,REAL,11
Democratic Republic of the Congo - Offshore Oil Terminal 4,Democratic Republic of the Congo,-6.068999999999999,11.358,world_ports_master.csv,REAL,21
Gabon - Offshore Oil Terminal 1,Gabon,-4.246999999999999,10.817,world_ports_master.csv,REAL,8
Gabon - Offshore Oil Terminal 2,Gabon,-3.885000000000001,10.929999999999998,world_ports_master.csv,REAL,6
Gabon - Offshore Oil Terminal 3,Gabon,-0.6320000000000006,8.71700000000001,world_ports_master.csv,REAL,49
Ghana - Offshore Oil Terminal 1,Ghana,4.598999999999999,-2.891000000000001,world_ports_master.csv,REAL,20
Ghana - Offshore Oil Terminal 2,Ghana,4.5900000000000025,-3.137000000000001,world_ports_master.csv,REAL,11
Ghana - Offshore Oil Terminal 3,Ghana,4.468,-2.5540000000000007,world_ports_master.csv,REAL,14
India - Offshore Oil Terminal 1,India,16.553,82.59500000000001,world_ports_master.csv,REAL,0
India - Offshore Oil Terminal 2,India,16.37,82.32199999999999,world_ports_master.csv,REAL,3
India - Offshore Oil Terminal 3,India,18.58699999999999,71.03500000000001,world_ports_master.csv,REAL,9
India - Offshore Oil Terminal 4,India,19.012,71.78499999999997,world_ports_master.csv,REAL,4
Indonesia - Offshore Oil Terminal 1,Indonesia,-6.139999999999999,107.742,world_ports_master.csv,REAL,10
Indonesia - Offshore Oil Terminal 10,Indonesia,-6.649000000000002,111.97800000000008,world_ports_master.csv,REAL,62
Indonesia - Offshore Oil Terminal 11,Indonesia,-7.371000000000005,113.27800000000003,world_ports_master.csv,REAL,10
Indonesia - Offshore Oil Terminal 12,Indonesia,-6.710000000000002,112.21700000000004,world_ports_master.csv,REAL,70
Indonesia - Offshore Oil Terminal 13,Indonesia,-0.917,104.06800000000004,world_ports_master.csv,REAL,14
Indonesia - Offshore Oil Terminal 14,Indonesia,-0.9180000000000004,104.08300000000004,world_ports_master.csv,REAL,55
Indonesia - Offshore Oil Terminal 15,Indonesia,4.130999999999999,105.12799999999994,world_ports_master.csv,REAL,12
Indonesia - Offshore Oil Terminal 2,Indonesia,-7.252000000000007,114.91800000000006,world_ports_master.csv,REAL,0
Indonesia - Offshore Oil Terminal 3,Indonesia,5.022999999999999,105.95199999999998,world_ports_master.csv,REAL,1
Indonesia - Offshore Oil Terminal 4,Indonesia,-5.443,106.24499999999998,world_ports_master.csv,REAL,1
Indonesia - Offshore Oil Terminal 5,Indonesia,-5.975,106.79900000000002,world_ports_master.csv,REAL,33
Indonesia - Offshore Oil Terminal 6,Indonesia,-5.439999999999997,105.93999999999993,world_ports_master.csv,REAL,5
Indonesia - Offshore Oil Terminal 7,Indonesia,5.222000000000002,105.60500000000002,world_ports_master.csv,REAL,1
Indonesia - Offshore Oil Terminal 8,Indonesia,4.1670000000000025,106.22800000000004,world_ports_master.csv,REAL,0
Indonesia - Offshore Oil Terminal 9,Indonesia,1.1900000000000004,102.21800000000005,world_ports_master.csv,REAL,41
Israel - Offshore Oil Terminal 1,Israel,33.20299999999998,34.283000000000015,world_ports_master.csv,REAL,2
Italy - Offshore Oil Terminal 1,Italy,42.19999999999999,14.938,world_ports_master.csv,REAL,2
Italy - Offshore Oil Terminal 2,Italy,36.55799999999999,14.639000000000005,world_ports_master.csv,REAL,17
Jamaica - Offshore Oil Terminal 1,Jamaica,17.842999999999996,-77.11700000000002,world_ports_master.csv,REAL,85
Libya - Offshore Oil Terminal 1,Libya,33.902,12.669000000000004,world_ports_master.csv,REAL,9
Malaysia - Offshore Oil Terminal 1,Malaysia,1.2600000000000005,103.46500000000006,world_ports_master.csv,REAL,324
Malaysia - Offshore Oil Terminal 10,Malaysia,3.538,112.81500000000004,world_ports_master.csv,REAL,7
Malaysia - Offshore Oil Terminal 11,Malaysia,7.120000000000002,103.43499999999996,world_ports_master.csv,REAL,1
Malaysia - Offshore Oil Terminal 12,Malaysia,4.268000000000002,103.51300000000003,world_ports_master.csv,REAL,2
Malaysia - Offshore Oil Terminal 13,Malaysia,5.874999999999999,114.298,world_ports_master.csv,REAL,6
Malaysia - Offshore Oil Terminal 14,Malaysia,5.173000000000001,115.39800000000002,world_ports_master.csv,REAL,0
Malaysia - Offshore Oil Terminal 15,Malaysia,7.384000000000001,115.85399999999996,world_ports_master.csv,REAL,1
Malaysia - Offshore Oil Terminal 16,Malaysia,1.2900000000000007,103.40100000000008,world_ports_master.csv,REAL,315
Malaysia - Offshore Oil Terminal 17,Malaysia,4.787,113.496,world_ports_master.csv,REAL,2
Malaysia - Offshore Oil Terminal 18,Malaysia,4.297000000000002,104.89100000000003,world_ports_master.csv,REAL,1
Malaysia - Offshore Oil Terminal 2,Malaysia,2.2555,102.101,world_ports_master.csv,REAL,19
Malaysia - Offshore Oil Terminal 3,Malaysia,6.447000000000002,115.43500000000004,world_ports_master.csv,REAL,11
Malaysia - Offshore Oil Terminal 4,Malaysia,6.366999999999998,103.81799999999998,world_ports_master.csv,REAL,3
Malaysia - Offshore Oil Terminal 5,Malaysia,1.2525000000000004,103.55050000000006,world_ports_master.csv,REAL,993
Malaysia - Offshore Oil Terminal 6,Malaysia,1.2720000000000011,103.4190000000001,world_ports_master.csv,REAL,304
Malaysia - Offshore Oil Terminal 7,Malaysia,1.272000000000001,103.4455,world_ports_master.csv,REAL,145
Malaysia - Offshore Oil Terminal 8,Malaysia,1.2759999999999998,103.433,world_ports_master.csv,REAL,213
Malaysia - Offshore Oil Terminal 9,Malaysia,1.2549999999999994,103.48,world_ports_master.csv,REAL,465
Mauritania - Offshore Oil Terminal 1,Mauritania,16.068000000000005,-16.883,world_ports_master.csv,REAL,0
Mexico - Offshore Oil Terminal 1,Mexico,18.402999999999995,-93.77199999999996,world_ports_master.csv,REAL,9
Mozambique - Offshore Oil Terminal 1,Mozambique,-11.213,41.13699999999999,world_ports_master.csv,REAL,23
New Zealand - Offshore Oil Terminal 1,New Zealand,-39.97300000000001,173.29799999999997,world_ports_master.csv,REAL,4
Nigeria - Offshore Oil Terminal 1,Nigeria,4.558000000000002,4.616,world_ports_master.csv,REAL,0
Nigeria - Offshore Oil Terminal 10,Nigeria,5.528000000000001,4.860000000000004,world_ports_master.csv,REAL,13
Nigeria - Offshore Oil Terminal 11,Nigeria,4.033999999999999,7.525,world_ports_master.csv,REAL,11
Nigeria - Offshore Oil Terminal 12,Nigeria,3.049999999999999,6.697,world_ports_master.csv,REAL,1
Nigeria - Offshore Oil Terminal 13,Nigeria,3.461999999999999,5.559999999999998,world_ports_master.csv,REAL,0
Nigeria - Offshore Oil Terminal 14,Nigeria,5.387999999999999,4.590999999999998,world_ports_master.csv,REAL,2
Nigeria - Offshore Oil Terminal 15,Nigeria,3.5730000000000004,7.393000000000001,world_ports_master.csv,REAL,2
Nigeria - Offshore Oil Terminal 16,Nigeria,5.354999999999998,4.342,world_ports_master.csv,REAL,0
Nigeria - Offshore Oil Terminal 17,Nigeria,4.003,7.784000000000001,world_ports_master.csv,REAL,1
Nigeria - Offshore Oil Terminal 18,Nigeria,4.102,8.174000000000001,world_ports_master.csv,REAL,7
Nigeria - Offshore Oil Terminal 2,Nigeria,5.115000000000001,5.222,world_ports_master.csv,REAL,155
Nigeria - Offshore Oil Terminal 3,Nigeria,4.222000000000001,8.335999999999999,world_ports_master.csv,REAL,0
Nigeria - Offshore Oil Terminal 4,Nigeria,5.0980000000000025,5.209,world_ports_master.csv,REAL,84
Nigeria - Offshore Oil Terminal 5,Nigeria,3.137999999999998,6.822000000000001,world_ports_master.csv,REAL,4
Nigeria - Offshore Oil Terminal 6,Nigeria,4.403000000000003,7.828000000000002,world_ports_master.csv,REAL,23
Nigeria - Offshore Oil Terminal 7,Nigeria,3.990999999999999,7.290999999999999,world_ports_master.csv,REAL,0
Nigeria - Offshore Oil Terminal 8,Nigeria,4.218999999999999,7.392,world_ports_master.csv,REAL,59
Nigeria - Offshore Oil Terminal 9,Nigeria,4.803999999999999,5.313000000000001,world_ports_master.csv,REAL,7
Norway - Offshore Oil Terminal 1,Norway,64.272,7.251,world_ports_master.csv,REAL,10
Norway - Offshore Oil Terminal 2,Norway,59.56699999999999,1.995,world_ports_master.csv,REAL,49
Norway - Offshore Oil Terminal 3,Norway,60.498000000000005,2.075,world_ports_master.csv,REAL,14
Norway - Offshore Oil Terminal 4,Norway,65.13199999999999,6.866,world_ports_master.csv,REAL,51
Norway - Offshore Oil Terminal 5,Norway,65.34400000000002,7.364999999999998,world_ports_master.csv,REAL,22
Oman - Offshore Oil Terminal 1,Oman,19.918000000000013,58.080000000000005,world_ports_master.csv,REAL,16
Philippines - Offshore Oil Terminal 1,Philippines,13.62,121.08300000000004,world_ports_master.csv,REAL,7
Republic of Congo - Offshore Oil Terminal 1,Republic of Congo,-4.472999999999999,11.089999999999996,world_ports_master.csv,REAL,11
Republic of Congo - Offshore Oil Terminal 2,Republic of Congo,-4.893000000000002,11.882000000000003,world_ports_master.csv,REAL,2
Republic of Congo - Offshore Oil Terminal 3,Republic of Congo,-5.247000000000002,11.577999999999996,world_ports_master.csv,REAL,9
Russian Federation - Offshore Oil Terminal 1,Russian Federation,44.425,49.027,world_ports_master.csv,REAL,99
Russian Federation - Offshore Oil Terminal 2,Russian Federation,53.262000000000015,159.80200000000002,world_ports_master.csv,REAL,5
Saudi Arabia - Offshore Oil Terminal 1,Saudi Arabia,28.16699999999999,49.917,world_ports_master.csv,REAL,0
Senegal - Offshore Oil Terminal 1,Senegal,13.723000000000006,-17.528000000000013,world_ports_master.csv,REAL,8
Senegal - Offshore Oil Terminal 2,Senegal,14.668000000000005,-17.41,world_ports_master.csv,REAL,49
Singapore - Offshore Oil Terminal 1,Singapore,1.2350384776679677,103.57171135573516,world_ports_master.csv,REAL,1661
Thailand - Offshore Oil Terminal 1,Thailand,8.256999999999996,101.79199999999996,world_ports_master.csv,REAL,6
Thailand - Offshore Oil Terminal 2,Thailand,8.067000000000004,102.337,world_ports_master.csv,REAL,21
Thailand - Offshore Oil Terminal 3,Thailand,11.737000000000004,100.55700000000004,world_ports_master.csv,REAL,3
Thailand - Offshore Oil Terminal 4,Thailand,10.505000000000006,100.273,world_ports_master.csv,REAL,2
Thailand - Offshore Oil Terminal 5,Thailand,10.519999999999998,101.25799999999995,world_ports_master.csv,REAL,7
Timor-Leste - Offshore Oil Terminal 1,Timor-Leste,-11.049,126.619,world_ports_master.csv,REAL,7
Tunisia - Offshore Oil Terminal 1,Tunisia,35.925000000000004,11.567,world_ports_master.csv,REAL,1
United Kingdom - Offshore Oil Terminal 1,United Kingdom,59.92499999999998,1.293,world_ports_master.csv,REAL,13
United Kingdom - Offshore Oil Terminal 2,United Kingdom,59.608,1.0769999999999995,world_ports_master.csv,REAL,21
United Kingdom - Offshore Oil Terminal 3,United Kingdom,58.10100000000002,-1.4380000000000004,world_ports_master.csv,REAL,4
United Kingdom - Offshore Oil Terminal 4,United Kingdom,58.352,0.8620000000000003,world_ports_master.csv,REAL,5
United Kingdom - Offshore Oil Terminal 5,United Kingdom,59.358,1.5680000000000005,world_ports_master.csv,REAL,9
United Kingdom - Offshore Oil Terminal 6,United Kingdom,60.180000000000014,-3.87,world_ports_master.csv,REAL,4
United States - Offshore Oil Terminal 1,United States,26.426999999999992,-90.81199999999998,world_ports_master.csv,REAL,21
Venezuela - Offshore Oil Terminal 1,Venezuela,10.246999999999996,-62.151,world_ports_master.csv,REAL,2
Vietnam - Offshore Oil Terminal 1,Vietnam,10.133,108.56800000000004,world_ports_master.csv,REAL,3
Vietnam - Offshore Oil Terminal 2,Vietnam,8.477000000000006,108.692,world_ports_master.csv,REAL,2
Vietnam - Offshore Oil Terminal 3,Vietnam,7.345000000000004,108.31300000000006,world_ports_master.csv,REAL,4
Dapilon,Guinea,10.841710036327802,-14.500653639991873,world_ports_master.csv,REAL,14
Katougouma,Guinea,10.877680463789307,-14.464485308886042,world_ports_master.csv,REAL,1
Taressa,Guinea,10.751048601438422,-14.560301735752551,world_ports_master.csv,REAL,142
Alang,India,21.41073417390952,72.19845818658709,world_ports_master.csv,REAL,6
Anadyr,Russian Federation,64.73374550316446,177.52551002255433,world_ports_master.csv,REAL,26
Awajikoryunotsubasa,Japan,34.43746212985809,134.9169145012391,world_ports_master.csv,REAL,47
BOPEC terminal,"Bonaire, Saint Eustatius and Saba",12.21546086558804,-68.38233082905191,world_ports_master.csv,REAL,0
Blyth,United Kingdom,55.12916483205057,-1.5092935295122645,world_ports_master.csv,REAL,191
Bronka,Russian Federation,59.93460923528445,29.69316442926754,world_ports_master.csv,REAL,497
Chemainus,Canada,48.91829053294558,-123.69760932124753,world_ports_master.csv,REAL,0
Corner Brook,Canada,48.96868403715136,-57.95350892600598,world_ports_master.csv,REAL,84
Crofton,Canada,48.87455023023567,-123.6357465010216,world_ports_master.csv,REAL,50
Egvekinot,Russian Federation,66.31914569377571,-179.1132443365837,world_ports_master.csv,REAL,26
Fall River,United States,41.70433076269749,-71.17279858184477,world_ports_master.csv,REAL,18
Fecamp,France,49.76229902931527,0.3740888554910057,world_ports_master.csv,REAL,65
Fort Bay,"Bonaire, Saint Eustatius and Saba",17.61625855488518,-63.25135458258921,world_ports_master.csv,REAL,9
Jiuzhou,China,22.239538399902123,113.58619416734092,world_ports_master.csv,REAL,0
Kholmsk,Russian Federation,47.05844430107644,142.04559840057576,world_ports_master.csv,REAL,87
Kitimat,Canada,53.99172246535459,-128.674893840359,world_ports_master.csv,REAL,54
Kronshtadt,Russian Federation,59.98527388167924,29.75936422674343,world_ports_master.csv,REAL,1362
Kumai,Indonesia,-2.7342893429040123,111.7456649182133,world_ports_master.csv,REAL,122
Le Verdon,France,45.55011322790661,-1.0493301778715098,world_ports_master.csv,REAL,53
Lerwick,United Kingdom,60.16781582344193,-1.1513580832606154,world_ports_master.csv,REAL,263
Macapa,Brazil,0.0300301181057742,-51.04664591481632,world_ports_master.csv,REAL,0
Magadan,Russian Federation,59.54604767731883,150.75029466418138,world_ports_master.csv,REAL,164
Matane,Canada,48.84343736731968,-67.57499384717445,world_ports_master.csv,REAL,44
Morebaya,Guinea,9.432173255957991,-13.389006267646936,world_ports_master.csv,REAL,4
Newhaven,United Kingdom,50.78864734872563,0.0551652805652196,world_ports_master.csv,REAL,49
Okgye,Korea,37.62236074226603,129.05835525752994,world_ports_master.csv,REAL,190
Pensacola,United States,30.4035852800012,-87.20978476399641,world_ports_master.csv,REAL,26
Pevek,Russian Federation,69.68588293664233,170.24078006662083,world_ports_master.csv,REAL,72
Port Mellon,Canada,49.514319528515,-123.48051641566488,world_ports_master.csv,REAL,34
Port Vendres,France,42.5198258956942,3.111868456634454,world_ports_master.csv,REAL,2
Provideniya,Russian Federation,64.42216861869375,-173.22437434186446,world_ports_master.csv,REAL,8
Pulau Bunyu,Indonesia,3.459026862431648,117.83641365888931,world_ports_master.csv,REAL,3
Salem,United States,39.574185594527776,-75.48328044100352,world_ports_master.csv,REAL,49
Santa Rosalia,Mexico,27.3384394640668,-112.26033438988404,world_ports_master.csv,REAL,4
Saraylar,Türkiye,40.657505794262725,27.663503631828355,world_ports_master.csv,REAL,170
Scrabster,United Kingdom,58.61064527662892,-3.545357355597774,world_ports_master.csv,REAL,72
Sebastopol,Ukraine,44.57730890363777,33.421252275116665,world_ports_master.csv,REAL,42
Sochi,Russian Federation,43.5785614747432,39.71576069406015,world_ports_master.csv,REAL,1
Sorel,Canada,46.04704873273016,-73.11910276371337,world_ports_master.csv,REAL,123
Squamish,Canada,49.68639518084204,-123.16419889639523,world_ports_master.csv,REAL,46
Swansea,United Kingdom,51.61452675074933,-3.914514955990152,world_ports_master.csv,REAL,106
Termini Imerese,Italy,37.98408835442903,13.716193024057056,world_ports_master.csv,REAL,100
Ternate,Indonesia,0.7805329066067233,127.38986937889668,world_ports_master.csv,REAL,159
Toulon,France,43.10366407657891,5.912869683951469,world_ports_master.csv,REAL,123
Tual,Indonesia,-5.629281713994862,132.740419840683,world_ports_master.csv,REAL,232
Weitou,China,24.51874902288014,118.5665113847736,world_ports_master.csv,REAL,201
Zarubino,Russian Federation,42.63887884602512,131.0843978311918,world_ports_master.csv,REAL,81
Republic of Congo - Offshore Oil Terminal 4,Republic of Congo,-4.515515601624257,11.525959570376742,world_ports_master.csv,REAL,0
Abadan,Iran,30.332150759313546,48.27775739385089,world_ports_master.csv,REAL,0
Bahregan,Iran,29.832803889581644,50.25193205108165,world_ports_master.csv,REAL,0
Basrah Oil Terminal,Iraq,29.681608480330027,48.82483738934823,world_ports_master.csv,REAL,0
Calcasieu Pass LNG Terminal,United States,29.786461389377635,-93.3332933429362,world_ports_master.csv,REAL,0
Chhara LNG Terminal,India,20.71995184474917,70.7436301260347,world_ports_master.csv,REAL,0
Egyptian LNG Terminal,Egypt,31.36463682625328,30.310526699040828,world_ports_master.csv,REAL,0
Guangzhou Nansha LNG Terminal,China,22.820910287889102,113.5644700643862,world_ports_master.csv,REAL,0
Gulf of Saros FSRU,Türkiye,40.63423296960832,26.657554806656645,world_ports_master.csv,REAL,0
Huizhou LNG Terminal,China,22.604199632050985,114.73995403394876,world_ports_master.csv,REAL,0
Jask,Iran,25.65683066460673,57.76856643206519,world_ports_master.csv,REAL,0
Kiyanly LNG Terminal,Turkmenistan,40.16366077014843,52.76308109232655,world_ports_master.csv,REAL,0
Kollsnes LNG Terminal,Norway,60.54631032827087,4.834858103395113,world_ports_master.csv,REAL,0
Krk,Croatia,45.19989780397726,14.53575099722839,world_ports_master.csv,REAL,0
LNG Canada Terminal,Canada,53.9202109331565,-128.7487636994465,world_ports_master.csv,REAL,0
Liuheng LNG Terminal,China,29.70801679179115,122.06548383504943,world_ports_master.csv,REAL,0
Lysekil LNG Terminal,Sweden,58.27160800025906,11.450667689570995,world_ports_master.csv,REAL,0
Mina Al Zour,Kuwait,28.709723935656893,48.39148159230054,world_ports_master.csv,REAL,0
Mosjoen LNG Terminal,Norway,65.85022880636055,13.182495233285852,world_ports_master.csv,REAL,0
Mowi LNG Terminal,United Kingdom,57.27294661122158,-5.72717954218106,world_ports_master.csv,REAL,0
Nagasaki LNG Terminal,Japan,32.75777415597222,129.80926713254635,world_ports_master.csv,REAL,0
Nakagusuku LNG Terminal,Japan,26.269535555227183,127.81733581265274,world_ports_master.csv,REAL,0
Paldiski FSRU,Estonia,59.39054290961446,24.07482548132589,world_ports_master.csv,REAL,0
Portovaya LNG Terminal,Russian Federation,60.513176778963526,28.147982384557668,world_ports_master.csv,REAL,0
Qidong,China,32.06227409518361,121.73260508187504,world_ports_master.csv,REAL,0
Snurrevarden,Norway,59.32450602905339,5.3006826624695,world_ports_master.csv,REAL,0
Taoyuan LNG Terminal,Taiwan Province of China,25.03719831760541,121.05341775399802,world_ports_master.csv,REAL,0
Utrenny LNG terminal,Russian Federation,70.9915616738998,73.81754307407516,world_ports_master.csv,REAL,0
Wenzhou Huagang,China,27.899172214451013,121.12178483241269,world_ports_master.csv,REAL,0
Wenzhou LNG Terminal,China,28.006254025459647,121.07293351679134,world_ports_master.csv,REAL,0
Woodfibre LNG Terminal,Canada,49.66464480869747,-123.2516293518452,world_ports_master.csv,REAL,0
Yancheng,China,34.29697046466422,120.27855945133764,world_ports_master.csv,REAL,0
Zhangzhou LNG Terminal,China,24.28385197810673,118.12163045108676,world_ports_master.csv,REAL,0
SHAKOTAN,RU,43.866667,146.833333,WPI_model_ready.csv,REAL,SCENARIO_INPUT
MOMBETSU KO,JP,44.35,143.35,WPI_model_ready.csv,REAL,SCENARIO_INPUT
ABASHIRI KO,JP,44.016667,144.283333,WPI_model_ready.csv,REAL,SCENARIO_INPUT
NEMURO KO,JP,43.333333,145.583333,WPI_model_ready.csv,REAL,SCENARIO_INPUT
HANASAKI KO,JP,43.283333,145.583333,WPI_model_ready.csv,REAL,SCENARIO_INPUT
KUSHIRO KO,JP,42.983333,144.366667,WPI_model_ready.csv,REAL,SCENARIO_INPUT
TOMAKOMAI KO,JP,42.633333,141.633333,WPI_model_ready.csv,REAL,SCENARIO_INPUT
MURORAN KO,JP,42.35,140.966667,WPI_model_ready.csv,REAL,SCENARIO_INPUT
MORI,JP,42.116667,140.583333,WPI_model_ready.csv,REAL,SCENARIO_INPUT
HAKODATE KO,JP,41.783333,140.716667,WPI_model_ready.csv,REAL,SCENARIO_INPUT
ESASI KO,JP,41.866667,140.116667,WPI_model_ready.csv,REAL,SCENARIO_INPUT
OTARU KO,JP,43.2,141.016667,WPI_model_ready.csv,REAL,SCENARIO_INPUT
RUMOI KO,JP,43.95,141.633333,WPI_model_ready.csv,REAL,SCENARIO_INPUT
WAKKANAI,JP,43.416667,141.683333,WPI_model_ready.csv,REAL,SCENARIO_INPUT
AOMORI KO,JP,40.833333,140.75,WPI_model_ready.csv,REAL,SCENARIO_INPUT
HACHINOHE KO,JP,40.533333,141.55,WPI_model_ready.csv,REAL,SCENARIO_INPUT
MIYAKO,JP,39.633333,141.983333,WPI_model_ready.csv,REAL,SCENARIO_INPUT
KAMAISHI KO,JP,39.266667,141.9,WPI_model_ready.csv,REAL,SCENARIO_INPUT
OFUNATO,JP,39.05,141.733333,WPI_model_ready.csv,REAL,SCENARIO_INPUT
KESENNUMA KO,JP,38.866667,141.6,WPI_model_ready.csv,REAL,SCENARIO_INPUT
ONAGAWA,JP,38.45,141.45,WPI_model_ready.csv,REAL,SCENARIO_INPUT
ISHINOMAKI KO,JP,38.4,141.316667,WPI_model_ready.csv,REAL,SCENARIO_INPUT
SENDAI-SHIOGAMA,JP,38.316667,141.033333,WPI_model_ready.csv,REAL,SCENARIO_INPUT
ONAHAMA KO,JP,36.933333,140.9,WPI_model_ready.csv,REAL,SCENARIO_INPUT
HITACHI,JP,36.5,140.633333,WPI_model_ready.csv,REAL,SCENARIO_INPUT
KASHIMA KO,JP,35.933333,140.7,WPI_model_ready.csv,REAL,SCENARIO_INPUT
CHOSHI,JP,35.733333,140.85,WPI_model_ready.csv,REAL,SCENARIO_INPUT
TATEYAMA KO,JP,35.0,139.8,WPI_model_ready.csv,REAL,SCENARIO_INPUT
KISARAZU KO,JP,35.366667,139.883333,WPI_model_ready.csv,REAL,SCENARIO_INPUT
CHIBA KO,JP,35.583333,140.066667,WPI_model_ready.csv,REAL,SCENARIO_INPUT
KATSUNAN KO,JP,35.666667,139.983333,WPI_model_ready.csv,REAL,SCENARIO_INPUT
KAWASAKI KO,JP,35.5,139.766667,WPI_model_ready.csv,REAL,SCENARIO_INPUT
YOKOHAMA KO,JP,35.45,139.583333,WPI_model_ready.csv,REAL,SCENARIO_INPUT
MYS ROGATYY OKTYABRSKIY,RU,50.733333,142.1,WPI_model_ready.csv,REAL,SCENARIO_INPUT
POHANG,KR,36.05,129.383333,WPI_model_ready.csv,REAL,SCENARIO_INPUT
MUKHO,KR,37.566667,129.116667,WPI_model_ready.csv,REAL,SCENARIO_INPUT
SOKCH'O HANG,KR,38.2,128.6,WPI_model_ready.csv,REAL,SCENARIO_INPUT
RICHARDS BAY,ZA,-28.816667,32.083333,WPI_model_ready.csv,REAL,SCENARIO_INPUT
MAPUTO,MZ,-25.966667,32.583333,WPI_model_ready.csv,REAL,SCENARIO_INPUT
CHINDE,MZ,-18.566667,36.5,WPI_model_ready.csv,REAL,SCENARIO_INPUT
QUELIMANE,MZ,-17.883333,36.883333,WPI_model_ready.csv,REAL,SCENARIO_INPUT
MOCAMBIQUE,MZ,-15.033333,40.733333,WPI_model_ready.csv,REAL,SCENARIO_INPUT
NACALA,MZ,-14.533333,40.666667,WPI_model_ready.csv,REAL,SCENARIO_INPUT
MIKINDANI,TZ,-10.266667,40.133333,WPI_model_ready.csv,REAL,SCENARIO_INPUT
MTWARA,TZ,-10.266667,40.2,WPI_model_ready.csv,REAL,SCENARIO_INPUT
DAR ES SALAAM,TZ,-6.816667,39.3,WPI_model_ready.csv,REAL,SCENARIO_INPUT
CHAKE CHAKE,TZ,-5.25,39.766667,WPI_model_ready.csv,REAL,SCENARIO_INPUT
MOMBASA,KE,-4.066667,39.666667,WPI_model_ready.csv,REAL,SCENARIO_INPUT
KILIFI,KE,-3.633333,39.866667,WPI_model_ready.csv,REAL,SCENARIO_INPUT
MALINDI,KE,-3.216667,40.133333,WPI_model_ready.csv,REAL,SCENARIO_INPUT
MARKA,SO,1.716667,44.783333,WPI_model_ready.csv,REAL,SCENARIO_INPUT
MUQDISHO,SO,2.033333,45.35,WPI_model_ready.csv,REAL,SCENARIO_INPUT
FOMBONI,KM,-12.266667,43.75,WPI_model_ready.csv,REAL,SCENARIO_INPUT
MOUTSAMOUDU,KM,-12.15,44.4,WPI_model_ready.csv,REAL,SCENARIO_INPUT
MAHAJANGA,MG,-15.716667,46.3,WPI_model_ready.csv,REAL,SCENARIO_INPUT
SALDANHA BAY,ZA,-33.033333,17.966667,WPI_model_ready.csv,REAL,SCENARIO_INPUT
CAPE TOWN,ZA,-33.916667,18.416667,WPI_model_ready.csv,REAL,SCENARIO_INPUT
OKRIKA,NG,4.716667,7.083333,WPI_model_ready.csv,REAL,SCENARIO_INPUT
PORT HARCOURT,NG,4.766667,7.0,WPI_model_ready.csv,REAL,SCENARIO_INPUT
ANTAN OIL TERMINAL,NG,4.216667,8.333333,WPI_model_ready.csv,REAL,SCENARIO_INPUT
CALABAR,NG,4.966667,8.316667,WPI_model_ready.csv,REAL,SCENARIO_INPUT
UIG,GB,57.583333,-6.35,WPI_model_ready.csv,REAL,SCENARIO_INPUT
LOCHMADDY,GB,57.6,-7.166667,WPI_model_ready.csv,REAL,SCENARIO_INPUT
CASTLE BAY,GB,56.95,-7.483333,WPI_model_ready.csv,REAL,SCENARIO_INPUT
LOCHBOISDALE,GB,57.15,-7.3,WPI_model_ready.csv,REAL,SCENARIO_INPUT
STORNOWAY HARBOR,GB,58.183333,-6.366667,WPI_model_ready.csv,REAL,SCENARIO_INPUT
TARBERT,GB,57.9,-6.816667,WPI_model_ready.csv,REAL,SCENARIO_INPUT
MACDUFF,GB,57.666667,-2.5,WPI_model_ready.csv,REAL,SCENARIO_INPUT
SEAHAM,GB,54.833333,-1.316667,WPI_model_ready.csv,REAL,SCENARIO_INPUT
SUNDERLAND,GB,54.916667,-1.366667,WPI_model_ready.csv,REAL,SCENARIO_INPUT
TYNEMOUTH,GB,55.0,-1.4,WPI_model_ready.csv,REAL,SCENARIO_INPUT
BLYTH,GB,55.116667,-1.5,WPI_model_ready.csv,REAL,SCENARIO_INPUT
WARKWORTH HARBOUR,GB,55.333333,-1.583333,WPI_model_ready.csv,REAL,SCENARIO_INPUT
BERWICK-UPON-TWEED,GB,55.766667,-2.0,WPI_model_ready.csv,REAL,SCENARIO_INPUT
EYEMOUTH,GB,55.866667,-2.083333,WPI_model_ready.csv,REAL,SCENARIO_INPUT
DUNBAR,GB,56.0,-2.516667,WPI_model_ready.csv,REAL,SCENARIO_INPUT
LEITH,GB,55.983333,-3.183333,WPI_model_ready.csv,REAL,SCENARIO_INPUT
GRANTON,GB,55.983333,-3.216667,WPI_model_ready.csv,REAL,SCENARIO_INPUT
BRAEFOOT BAY TERMINAL,GB,56.033333,-3.316667,WPI_model_ready.csv,REAL,SCENARIO_INPUT
HOUND POINT TERMINAL,GB,56.0,-3.366667,WPI_model_ready.csv,REAL,SCENARIO_INPUT
ROSYTH,GB,56.016667,-3.433333,WPI_model_ready.csv,REAL,SCENARIO_INPUT
GRANGEMOUTH,GB,56.016667,-3.716667,WPI_model_ready.csv,REAL,SCENARIO_INPUT
BURNTISLAND,GB,56.05,-3.233333,WPI_model_ready.csv,REAL,SCENARIO_INPUT
METHIL,GB,56.183333,-3.0,WPI_model_ready.csv,REAL,SCENARIO_INPUT
DUNDEE,GB,56.466667,-2.95,WPI_model_ready.csv,REAL,SCENARIO_INPUT
PERTH,GB,56.4,-3.45,WPI_model_ready.csv,REAL,SCENARIO_INPUT
MONTROSE,GB,56.7,-2.466667,WPI_model_ready.csv,REAL,SCENARIO_INPUT
ABERDEEN,GB,57.15,-2.083333,WPI_model_ready.csv,REAL,SCENARIO_INPUT
PETERHEAD,GB,57.5,-1.783333,WPI_model_ready.csv,REAL,SCENARIO_INPUT
FRASERBURGH HARBOR,GB,57.683333,-2.0,WPI_model_ready.csv,REAL,SCENARIO_INPUT
TEESPORT,GB,54.65,-1.133333,WPI_model_ready.csv,REAL,SCENARIO_INPUT
HARTLEPOOL,GB,54.7,-1.183333,WPI_model_ready.csv,REAL,SCENARIO_INPUT
DORDRECHT,NL,51.816667,4.65,WPI_model_ready.csv,REAL,SCENARIO_INPUT
VLISSINGEN,NL,51.45,3.6,WPI_model_ready.csv,REAL,SCENARIO_INPUT
TERNEUZEN,NL,51.35,3.816667,WPI_model_ready.csv,REAL,SCENARIO_INPUT
ANTWERPEN,BE,51.216667,4.4,WPI_model_ready.csv,REAL,SCENARIO_INPUT
BRUXELLES,BE,50.866667,4.35,WPI_model_ready.csv,REAL,SCENARIO_INPUT
GHENT,BE,51.066667,3.733333,WPI_model_ready.csv,REAL,SCENARIO_INPUT
ZEEBRUGGE,BE,51.333333,3.2,WPI_model_ready.csv,REAL,SCENARIO_INPUT
BRUGES,BE,51.233333,3.216667,WPI_model_ready.csv,REAL,SCENARIO_INPUT
OOSTENDE,BE,51.233333,2.916667,WPI_model_ready.csv,REAL,SCENARIO_INPUT
NIEUWPOORT,BE,51.133333,2.75,WPI_model_ready.csv,REAL,SCENARIO_INPUT
WONSAN,KP,39.166667,127.45,WPI_model_ready.csv,REAL,SCENARIO_INPUT
HUNGNAM,KP,39.833333,127.616667,WPI_model_ready.csv,REAL,SCENARIO_INPUT
CH'AHO,KP,40.2,128.65,WPI_model_ready.csv,REAL,SCENARIO_INPUT
CH'ONGJIN,KP,41.766667,129.816667,WPI_model_ready.csv,REAL,SCENARIO_INPUT
POS'YET,RU,42.65,130.8,WPI_model_ready.csv,REAL,SCENARIO_INPUT
VLADIVOSTOK,RU,43.116667,131.9,WPI_model_ready.csv,REAL,SCENARIO_INPUT
BUKHTA GAYDAMAK,RU,42.866667,132.683333,WPI_model_ready.csv,REAL,SCENARIO_INPUT
NAKHODKA,RU,42.8,132.883333,WPI_model_ready.csv,REAL,SCENARIO_INPUT
SOVETSKAYA GAVAN,RU,48.966667,140.283333,WPI_model_ready.csv,REAL,SCENARIO_INPUT
BUKHTA VANINO,RU,49.083333,140.283333,WPI_model_ready.csv,REAL,SCENARIO_INPUT
DE KASTRI,RU,51.466667,140.783333,WPI_model_ready.csv,REAL,SCENARIO_INPUT
NIKOLAYEVSK NA AMUR,RU,53.133333,140.733333,WPI_model_ready.csv,REAL,SCENARIO_INPUT
OKHA,RU,53.55,143.0,WPI_model_ready.csv,REAL,SCENARIO_INPUT
PORONAYSK,RU,49.216667,143.133333,WPI_model_ready.csv,REAL,SCENARIO_INPUT
KORSAKOV,RU,46.616667,142.766667,WPI_model_ready.csv,REAL,SCENARIO_INPUT
NEVELSK,RU,46.666667,141.866667,WPI_model_ready.csv,REAL,SCENARIO_INPUT
KHOLMSK,RU,47.05,142.05,WPI_model_ready.csv,REAL,SCENARIO_INPUT
UGLEGORSK,RU,49.083333,142.033333,WPI_model_ready.csv,REAL,SCENARIO_INPUT
LESOGORSK,RU,49.45,142.133333,WPI_model_ready.csv,REAL,SCENARIO_INPUT
MASAN,KR,35.183333,128.566667,WPI_model_ready.csv,REAL,SCENARIO_INPUT
PUSAN,KR,35.1,129.033333,WPI_model_ready.csv,REAL,SCENARIO_INPUT
ULSAN,KR,35.45,129.4,WPI_model_ready.csv,REAL,SCENARIO_INPUT
WENZHOU,CN,28.016667,120.65,WPI_model_ready.csv,REAL,SCENARIO_INPUT
ZHEN HAI,CN,29.95,121.7,WPI_model_ready.csv,REAL,SCENARIO_INPUT
ZHOUSHAN,CN,30.0,122.1,WPI_model_ready.csv,REAL,SCENARIO_INPUT
JIANGYIN,CN,31.916667,120.233333,WPI_model_ready.csv,REAL,SCENARIO_INPUT
GAOGANG,CN,32.283333,119.85,WPI_model_ready.csv,REAL,SCENARIO_INPUT
YANGZHOU,CN,32.266667,119.433333,WPI_model_ready.csv,REAL,SCENARIO_INPUT
ZHENJIANG,CN,32.216667,119.433333,WPI_model_ready.csv,REAL,SCENARIO_INPUT
NANJING,CN,32.083333,118.75,WPI_model_ready.csv,REAL,SCENARIO_INPUT
WU HU,CN,31.333333,118.366667,WPI_model_ready.csv,REAL,SCENARIO_INPUT
ANKINGCHENG,CN,30.516667,117.033333,WPI_model_ready.csv,REAL,SCENARIO_INPUT
HANKOW,CN,30.583333,114.283333,WPI_model_ready.csv,REAL,SCENARIO_INPUT
WANXIAN,CN,30.816667,108.433333,WPI_model_ready.csv,REAL,SCENARIO_INPUT
CHUNG CHING,CN,29.566667,106.633333,WPI_model_ready.csv,REAL,SCENARIO_INPUT
LIANYUNGANG,CN,34.733333,119.45,WPI_model_ready.csv,REAL,SCENARIO_INPUT
QINGDAO GANG,CN,36.033333,120.266667,WPI_model_ready.csv,REAL,SCENARIO_INPUT
DOUALA,CM,4.05,9.683333,WPI_model_ready.csv,REAL,SCENARIO_INPUT
KOLE OIL TERMINAL,CM,4.25,8.55,WPI_model_ready.csv,REAL,SCENARIO_INPUT
BATA,GQ,1.866667,9.766667,WPI_model_ready.csv,REAL,SCENARIO_INPUT
LIBREVILLE,GA,0.383333,9.45,WPI_model_ready.csv,REAL,SCENARIO_INPUT
PORT OWENDO,GA,0.283333,9.5,WPI_model_ready.csv,REAL,SCENARIO_INPUT
PORT GENTIL,GA,-0.7,8.8,WPI_model_ready.csv,REAL,SCENARIO_INPUT
CAP LOPEZ,GA,-0.633333,8.716667,WPI_model_ready.csv,REAL,SCENARIO_INPUT
OGUENDJO TERMINAL,GA,-1.466667,8.916667,WPI_model_ready.csv,REAL,SCENARIO_INPUT
GAMBA OIL TERMINAL,GA,-2.833333,10.0,WPI_model_ready.csv,REAL,SCENARIO_INPUT
POINTE NOIRE,CG,-4.783333,11.833333,WPI_model_ready.csv,REAL,SCENARIO_INPUT
MALONGO OIL TERMINAL,AO,-5.433333,12.083333,WPI_model_ready.csv,REAL,SCENARIO_INPUT
CABINDA,AO,-5.533333,12.2,WPI_model_ready.csv,REAL,SCENARIO_INPUT
BANANA,CD,-5.983333,12.383333,WPI_model_ready.csv,REAL,SCENARIO_INPUT
BOMA,CD,-5.85,13.05,WPI_model_ready.csv,REAL,SCENARIO_INPUT
PALANCA TERMINAL,AO,-6.95,12.4,WPI_model_ready.csv,REAL,SCENARIO_INPUT
PORTO DO AMBRIZ,AO,-7.833333,13.1,WPI_model_ready.csv,REAL,SCENARIO_INPUT
LUANDA,AO,-8.8,13.25,WPI_model_ready.csv,REAL,SCENARIO_INPUT
LOBITO,AO,-12.333333,13.566667,WPI_model_ready.csv,REAL,SCENARIO_INPUT
NAMIBE,AO,-15.2,12.15,WPI_model_ready.csv,REAL,SCENARIO_INPUT
GEORGETOWN,SH,-7.933333,-14.416667,WPI_model_ready.csv,REAL,SCENARIO_INPUT
BONNY,NG,4.45,7.166667,WPI_model_ready.csv,REAL,SCENARIO_INPUT
BANJUL,GM,13.45,-16.566667,WPI_model_ready.csv,REAL,SCENARIO_INPUT
RIO CACHEU,GW,12.283333,-16.233333,WPI_model_ready.csv,REAL,SCENARIO_INPUT
BISSAU,GW,11.866667,-15.633333,WPI_model_ready.csv,REAL,SCENARIO_INPUT
VICTORIA,GN,10.816667,-14.566667,WPI_model_ready.csv,REAL,SCENARIO_INPUT
KAMSAR,GN,10.633333,-14.616667,WPI_model_ready.csv,REAL,SCENARIO_INPUT
CONAKRY,GN,9.516667,-13.716667,WPI_model_ready.csv,REAL,SCENARIO_INPUT
BENTI,GN,9.166667,-13.2,WPI_model_ready.csv,REAL,SCENARIO_INPUT
WEIHAI,CN,37.5,122.1,WPI_model_ready.csv,REAL,SCENARIO_INPUT
YANTAI,CN,37.55,121.45,WPI_model_ready.csv,REAL,SCENARIO_INPUT
LONGKOU GANG,CN,37.633333,120.283333,WPI_model_ready.csv,REAL,SCENARIO_INPUT
DAGU TANGGU,CN,38.966667,117.666667,WPI_model_ready.csv,REAL,SCENARIO_INPUT
TIANJIN XIN GANG,CN,38.966667,117.833333,WPI_model_ready.csv,REAL,SCENARIO_INPUT
HULUDAO GANG,CN,40.7,120.983333,WPI_model_ready.csv,REAL,SCENARIO_INPUT
YINGKOU,CN,40.683333,122.233333,WPI_model_ready.csv,REAL,SCENARIO_INPUT
LUSHUN,CN,38.783333,121.25,WPI_model_ready.csv,REAL,SCENARIO_INPUT
DALIAN,CN,38.916667,121.666667,WPI_model_ready.csv,REAL,SCENARIO_INPUT
NAMPO,KP,38.716667,125.4,WPI_model_ready.csv,REAL,SCENARIO_INPUT
KYOMIP'O,KP,38.733333,125.616667,WPI_model_ready.csv,REAL,SCENARIO_INPUT
HAEJU HANG,KP,38.0,125.7,WPI_model_ready.csv,REAL,SCENARIO_INPUT
INCHON,KR,37.466667,126.616667,WPI_model_ready.csv,REAL,SCENARIO_INPUT
KUNSAN,KR,35.983333,126.616667,WPI_model_ready.csv,REAL,SCENARIO_INPUT
MOKPO,KR,34.783333,126.383333,WPI_model_ready.csv,REAL,SCENARIO_INPUT
CHEJU HANG,KR,33.516667,126.533333,WPI_model_ready.csv,REAL,SCENARIO_INPUT
YOSU,KR,34.733333,127.75,WPI_model_ready.csv,REAL,SCENARIO_INPUT
SURIGAO CITY,PH,9.783333,125.5,WPI_model_ready.csv,REAL,SCENARIO_INPUT
NASIPIT PORT,PH,8.983333,125.333333,WPI_model_ready.csv,REAL,SCENARIO_INPUT
HINATUAN,PH,8.366667,126.333333,WPI_model_ready.csv,REAL,SCENARIO_INPUT
MANGAGOY,PH,8.233333,126.316667,WPI_model_ready.csv,REAL,SCENARIO_INPUT
MATI,PH,6.95,126.216667,WPI_model_ready.csv,REAL,SCENARIO_INPUT
DAVAO,PH,7.066667,125.616667,WPI_model_ready.csv,REAL,SCENARIO_INPUT
GENERAL SANTOS,PH,6.116667,125.183333,WPI_model_ready.csv,REAL,SCENARIO_INPUT
POLLOC (COTABATO),PH,7.35,124.216667,WPI_model_ready.csv,REAL,SCENARIO_INPUT
PAGADIAN,PH,7.833333,123.433333,WPI_model_ready.csv,REAL,SCENARIO_INPUT
MARGOSATUBIG,PH,7.583333,123.166667,WPI_model_ready.csv,REAL,SCENARIO_INPUT
SANTA CLARA,PH,7.783333,122.683333,WPI_model_ready.csv,REAL,SCENARIO_INPUT
ZAMBOANGA,PH,6.9,122.066667,WPI_model_ready.csv,REAL,SCENARIO_INPUT
JIMENEZ,PH,8.333333,123.866667,WPI_model_ready.csv,REAL,SCENARIO_INPUT
PORT OZAMIS,PH,8.133333,123.85,WPI_model_ready.csv,REAL,SCENARIO_INPUT
ILIGAN,PH,8.233333,124.233333,WPI_model_ready.csv,REAL,SCENARIO_INPUT
CAGAYAN DE ORO,PH,8.5,124.666667,WPI_model_ready.csv,REAL,SCENARIO_INPUT
BUGO,PH,8.516667,124.75,WPI_model_ready.csv,REAL,SCENARIO_INPUT
VILLANUEVA,PH,8.583333,124.766667,WPI_model_ready.csv,REAL,SCENARIO_INPUT
BUTUAN CITY,PH,8.95,125.533333,WPI_model_ready.csv,REAL,SCENARIO_INPUT
BASILIAN CITY (ISABELA),PH,6.716667,121.966667,WPI_model_ready.csv,REAL,SCENARIO_INPUT
PORT HOLLAND,PH,6.55,121.866667,WPI_model_ready.csv,REAL,SCENARIO_INPUT
JOLO,PH,6.05,121.0,WPI_model_ready.csv,REAL,SCENARIO_INPUT
SIASI,PH,5.55,120.816667,WPI_model_ready.csv,REAL,SCENARIO_INPUT
FREETOWN,SL,8.5,-13.233333,WPI_model_ready.csv,REAL,SCENARIO_INPUT
PEPEL,SL,8.583333,-13.05,WPI_model_ready.csv,REAL,SCENARIO_INPUT
BONTHE,SL,7.533333,-12.5,WPI_model_ready.csv,REAL,SCENARIO_INPUT
PORTO GRANDE,CV,16.883333,-25.0,WPI_model_ready.csv,REAL,SCENARIO_INPUT
PORTO DA PRAIA,CV,14.916667,-23.516667,WPI_model_ready.csv,REAL,SCENARIO_INPUT
MONROVIA,LR,6.316667,-10.816667,WPI_model_ready.csv,REAL,SCENARIO_INPUT
BUCHANAN,LR,5.866667,-10.066667,WPI_model_ready.csv,REAL,SCENARIO_INPUT
GREENVILLE,LR,4.983333,-9.05,WPI_model_ready.csv,REAL,SCENARIO_INPUT
CAPE PALMAS,LR,4.366667,-7.716667,WPI_model_ready.csv,REAL,SCENARIO_INPUT
SAN PEDRO,CI,4.733333,-6.616667,WPI_model_ready.csv,REAL,SCENARIO_INPUT
PORT BOUET,CI,5.233333,-3.966667,WPI_model_ready.csv,REAL,SCENARIO_INPUT
ABIDJAN,CI,5.25,-4.016667,WPI_model_ready.csv,REAL,SCENARIO_INPUT
TAKORADI,GH,4.883333,-1.733333,WPI_model_ready.csv,REAL,SCENARIO_INPUT
SEKONDI,GH,4.95,-1.7,WPI_model_ready.csv,REAL,SCENARIO_INPUT
SALTPOND,GH,5.2,-1.05,WPI_model_ready.csv,REAL,SCENARIO_INPUT
TEMA,GH,5.616667,0.016667,WPI_model_ready.csv,REAL,SCENARIO_INPUT
LOME,TG,6.133333,1.283333,WPI_model_ready.csv,REAL,SCENARIO_INPUT
KPEME,TG,6.2,1.516667,WPI_model_ready.csv,REAL,SCENARIO_INPUT
COTONOU,BJ,6.35,2.433333,WPI_model_ready.csv,REAL,SCENARIO_INPUT
LAGOS,NG,6.4,3.4,WPI_model_ready.csv,REAL,SCENARIO_INPUT
ESCRAVOS OIL TERMINAL,NG,5.5,5.0,WPI_model_ready.csv,REAL,SCENARIO_INPUT
KOKO,NG,6.0,5.466667,WPI_model_ready.csv,REAL,SCENARIO_INPUT
FORCADOS,NG,5.366667,5.433333,WPI_model_ready.csv,REAL,SCENARIO_INPUT
BURUTU,NG,5.35,5.5,WPI_model_ready.csv,REAL,SCENARIO_INPUT
BRASS OIL TERMINAL,NG,4.066667,6.283333,WPI_model_ready.csv,REAL,SCENARIO_INPUT
RUFISQUE,SN,14.7,-17.283333,WPI_model_ready.csv,REAL,SCENARIO_INPUT
KARABANE,SN,12.566667,-16.666667,WPI_model_ready.csv,REAL,SCENARIO_INPUT
LA GOULETTE,TN,36.8,10.3,WPI_model_ready.csv,REAL,SCENARIO_INPUT
TUNIS,TN,36.8,10.25,WPI_model_ready.csv,REAL,SCENARIO_INPUT
TAZERKA OIL TERMINAL,TN,36.6,11.683333,WPI_model_ready.csv,REAL,SCENARIO_INPUT
BANZART,TN,37.283333,9.883333,WPI_model_ready.csv,REAL,SCENARIO_INPUT
FUZHOU,CN,26.083333,119.3,WPI_model_ready.csv,REAL,SCENARIO_INPUT
ORMOC,PH,11.0,124.6,WPI_model_ready.csv,REAL,SCENARIO_INPUT
PALOMPON,PH,11.05,124.383333,WPI_model_ready.csv,REAL,SCENARIO_INPUT
TAGBILARAN,PH,9.65,123.85,WPI_model_ready.csv,REAL,SCENARIO_INPUT
TUBIGAN,PH,9.95,123.966667,WPI_model_ready.csv,REAL,SCENARIO_INPUT
CEBU,PH,10.3,123.9,WPI_model_ready.csv,REAL,SCENARIO_INPUT
TOLEDO,PH,10.366667,123.633333,WPI_model_ready.csv,REAL,SCENARIO_INPUT
SAN CARLOS,PH,10.483333,123.416667,WPI_model_ready.csv,REAL,SCENARIO_INPUT
BAIS,PH,9.6,123.116667,WPI_model_ready.csv,REAL,SCENARIO_INPUT
DUMAGUETE,PH,9.316667,123.3,WPI_model_ready.csv,REAL,SCENARIO_INPUT
LAZI,PH,9.133333,123.633333,WPI_model_ready.csv,REAL,SCENARIO_INPUT
PULUPANDAN,PH,10.516667,122.8,WPI_model_ready.csv,REAL,SCENARIO_INPUT
PORT CAPIZ,PH,11.6,122.716667,WPI_model_ready.csv,REAL,SCENARIO_INPUT
JORDAN,PH,10.666667,122.583333,WPI_model_ready.csv,REAL,SCENARIO_INPUT
ILOILO,PH,10.7,122.583333,WPI_model_ready.csv,REAL,SCENARIO_INPUT
PUERTO PRINCESA,PH,9.733333,118.733333,WPI_model_ready.csv,REAL,SCENARIO_INPUT
MAASIN,PH,10.133333,124.833333,WPI_model_ready.csv,REAL,SCENARIO_INPUT
BAYBAY,PH,10.683333,124.8,WPI_model_ready.csv,REAL,SCENARIO_INPUT
SORSOGON,PH,12.966667,124.0,WPI_model_ready.csv,REAL,SCENARIO_INPUT
SANTA CRUZ (MARINDUQUE ISL),PH,13.5,122.066667,WPI_model_ready.csv,REAL,SCENARIO_INPUT
BATANGAS CITY,PH,13.75,121.05,WPI_model_ready.csv,REAL,SCENARIO_INPUT
NASUGBU,PH,14.083333,120.616667,WPI_model_ready.csv,REAL,SCENARIO_INPUT
MANILA,PH,14.583333,120.966667,WPI_model_ready.csv,REAL,SCENARIO_INPUT
MARIVELES,PH,14.433333,120.483333,WPI_model_ready.csv,REAL,SCENARIO_INPUT
MASINLOC,PH,15.55,119.95,WPI_model_ready.csv,REAL,SCENARIO_INPUT
SAN FERNANDO HARBOR,PH,16.616667,120.316667,WPI_model_ready.csv,REAL,SCENARIO_INPUT
CALAPAN,PH,13.416667,121.183333,WPI_model_ready.csv,REAL,SCENARIO_INPUT
PORT ROMBLON,PH,12.583333,122.266667,WPI_model_ready.csv,REAL,SCENARIO_INPUT
MASBATE,PH,12.366667,123.616667,WPI_model_ready.csv,REAL,SCENARIO_INPUT
LAOANG,PH,12.566667,125.016667,WPI_model_ready.csv,REAL,SCENARIO_INPUT
PORT BORONGAN,PH,11.6,125.433333,WPI_model_ready.csv,REAL,SCENARIO_INPUT
GUIUAN,PH,11.033333,125.716667,WPI_model_ready.csv,REAL,SCENARIO_INPUT
CATBALOGAN,PH,11.766667,124.883333,WPI_model_ready.csv,REAL,SCENARIO_INPUT
TACLOBAN,PH,11.25,125.0,WPI_model_ready.csv,REAL,SCENARIO_INPUT
FANG-CHENG,CN,21.75,108.35,WPI_model_ready.csv,REAL,SCENARIO_INPUT
BEIHAI,CN,21.483333,109.066667,WPI_model_ready.csv,REAL,SCENARIO_INPUT
HAIKOU,CN,20.05,110.283333,WPI_model_ready.csv,REAL,SCENARIO_INPUT
BASUO,CN,19.1,108.616667,WPI_model_ready.csv,REAL,SCENARIO_INPUT
ZHANJIANG,CN,21.2,110.4,WPI_model_ready.csv,REAL,SCENARIO_INPUT
LON SHUI TERMINAL,CN,20.833333,115.683333,WPI_model_ready.csv,REAL,SCENARIO_INPUT
MACAU,MO,22.183333,113.566667,WPI_model_ready.csv,REAL,SCENARIO_INPUT
HUANGPUXINGANG,CN,23.05,113.5,WPI_model_ready.csv,REAL,SCENARIO_INPUT
GUANGZHOU,CN,23.116667,113.233333,WPI_model_ready.csv,REAL,SCENARIO_INPUT
ANNABA,DZ,36.916667,7.766667,WPI_model_ready.csv,REAL,SCENARIO_INPUT
SKIKDA,DZ,36.883333,6.916667,WPI_model_ready.csv,REAL,SCENARIO_INPUT
COLLO,DZ,37.0,6.583333,WPI_model_ready.csv,REAL,SCENARIO_INPUT
BEJAIA,DZ,36.75,5.083333,WPI_model_ready.csv,REAL,SCENARIO_INPUT
DELLYS,DZ,36.916667,3.916667,WPI_model_ready.csv,REAL,SCENARIO_INPUT
ALGER,DZ,36.766667,3.066667,WPI_model_ready.csv,REAL,SCENARIO_INPUT
TENES,DZ,36.533333,1.316667,WPI_model_ready.csv,REAL,SCENARIO_INPUT
MOSTAGANEM,DZ,35.933333,0.083333,WPI_model_ready.csv,REAL,SCENARIO_INPUT
ARZEW,DZ,35.85,-0.3,WPI_model_ready.csv,REAL,SCENARIO_INPUT
ARZEW EL DJEDID,DZ,35.816667,-0.25,WPI_model_ready.csv,REAL,SCENARIO_INPUT
ORAN,DZ,35.7,-0.633333,WPI_model_ready.csv,REAL,SCENARIO_INPUT
MERS EL KEBIR,DZ,35.733333,-0.7,WPI_model_ready.csv,REAL,SCENARIO_INPUT
BENI SAF,DZ,35.3,-1.383333,WPI_model_ready.csv,REAL,SCENARIO_INPUT
GHAZAOUET,DZ,35.1,-1.866667,WPI_model_ready.csv,REAL,SCENARIO_INPUT
TANGER,MA,35.783333,-5.816667,WPI_model_ready.csv,REAL,SCENARIO_INPUT
PORT NADOR,MA,35.283333,-2.933333,WPI_model_ready.csv,REAL,SCENARIO_INPUT
KENITRA,MA,34.3,-6.6,WPI_model_ready.csv,REAL,SCENARIO_INPUT
MOHAMMEDIA,MA,33.716667,-7.4,WPI_model_ready.csv,REAL,SCENARIO_INPUT
CASABLANCA,MA,33.6,-7.616667,WPI_model_ready.csv,REAL,SCENARIO_INPUT
SAFI,MA,32.3,-9.25,WPI_model_ready.csv,REAL,SCENARIO_INPUT
ESSAOUIRA,MA,31.5,-9.783333,WPI_model_ready.csv,REAL,SCENARIO_INPUT
AD DAKHLA,EH,23.7,-15.916667,WPI_model_ready.csv,REAL,SCENARIO_INPUT
NOUADHIBOU,MR,20.916667,-17.05,WPI_model_ready.csv,REAL,SCENARIO_INPUT
ST LOUIS,SN,16.016667,-16.516667,WPI_model_ready.csv,REAL,SCENARIO_INPUT
DAKAR,SN,14.683333,-17.433333,WPI_model_ready.csv,REAL,SCENARIO_INPUT
MERSA SFAX,TN,34.733333,10.766667,WPI_model_ready.csv,REAL,SCENARIO_INPUT
MAHDIA,TN,35.5,11.066667,WPI_model_ready.csv,REAL,SCENARIO_INPUT
SOUSSE,TN,35.833333,10.65,WPI_model_ready.csv,REAL,SCENARIO_INPUT
MERSIN,TR,36.8,34.633333,WPI_model_ready.csv,REAL,SCENARIO_INPUT
BOTAS,TR,36.883333,35.933333,WPI_model_ready.csv,REAL,SCENARIO_INPUT
ISKENDERUN,TR,36.6,36.166667,WPI_model_ready.csv,REAL,SCENARIO_INPUT
KYRENIA,CY,35.35,33.333333,WPI_model_ready.csv,REAL,SCENARIO_INPUT
XEROS,CY,35.133333,32.833333,WPI_model_ready.csv,REAL,SCENARIO_INPUT
LIMASSOL,CY,34.666667,33.05,WPI_model_ready.csv,REAL,SCENARIO_INPUT
LARNACA,CY,34.916667,33.65,WPI_model_ready.csv,REAL,SCENARIO_INPUT
DHEKELIA,CY,34.966667,33.716667,WPI_model_ready.csv,REAL,SCENARIO_INPUT
FAMAGUSTA,CY,35.116667,33.933333,WPI_model_ready.csv,REAL,SCENARIO_INPUT
TARTUS,SY,34.9,35.866667,WPI_model_ready.csv,REAL,SCENARIO_INPUT
BANIYAS,SY,35.183333,35.95,WPI_model_ready.csv,REAL,SCENARIO_INPUT
AL LADHIQIYAH,SY,35.533333,35.766667,WPI_model_ready.csv,REAL,SCENARIO_INPUT
HONG KONG,HK,22.266667,114.2,WPI_model_ready.csv,REAL,SCENARIO_INPUT
SHAN T OU,CN,23.366667,116.683333,WPI_model_ready.csv,REAL,SCENARIO_INPUT
XIAMEN,CN,24.45,118.066667,WPI_model_ready.csv,REAL,SCENARIO_INPUT
CHI-LUNG,TW,25.133333,121.766667,WPI_model_ready.csv,REAL,SCENARIO_INPUT
SU-AO,TW,24.6,121.866667,WPI_model_ready.csv,REAL,SCENARIO_INPUT
HUA-LIEN KANG,TW,23.983333,121.6,WPI_model_ready.csv,REAL,SCENARIO_INPUT
KAO-HSIUNG,TW,22.616667,120.25,WPI_model_ready.csv,REAL,SCENARIO_INPUT
TAN-SHUI,TW,25.183333,121.4,WPI_model_ready.csv,REAL,SCENARIO_INPUT
PENG-HU KANG,TW,23.583333,119.533333,WPI_model_ready.csv,REAL,SCENARIO_INPUT
TAI-CHUNG KANG,TW,24.3,120.5,WPI_model_ready.csv,REAL,SCENARIO_INPUT
BASCO,PH,20.45,121.966667,WPI_model_ready.csv,REAL,SCENARIO_INPUT
CLAVERIA,PH,18.616667,121.083333,WPI_model_ready.csv,REAL,SCENARIO_INPUT
PORT SAN VICENTE,PH,18.516667,122.133333,WPI_model_ready.csv,REAL,SCENARIO_INPUT
APARRI,PH,18.366667,121.633333,WPI_model_ready.csv,REAL,SCENARIO_INPUT
HONDAGUA,PH,13.95,122.233333,WPI_model_ready.csv,REAL,SCENARIO_INPUT
JOSE PANGANIBAN,PH,14.283333,122.683333,WPI_model_ready.csv,REAL,SCENARIO_INPUT
VIRAC,PH,13.583333,124.25,WPI_model_ready.csv,REAL,SCENARIO_INPUT
TABACO,PH,13.366667,123.733333,WPI_model_ready.csv,REAL,SCENARIO_INPUT
LEGAZPI PORT,PH,13.15,123.75,WPI_model_ready.csv,REAL,SCENARIO_INPUT
CAM PHA,VN,21.033333,107.366667,WPI_model_ready.csv,REAL,SCENARIO_INPUT
TULAGHI,SB,-9.1,160.15,WPI_model_ready.csv,REAL,SCENARIO_INPUT
HONIARA,SB,-9.416667,159.95,WPI_model_ready.csv,REAL,SCENARIO_INPUT
LUGANVILLE,VU,-15.516667,167.166667,WPI_model_ready.csv,REAL,SCENARIO_INPUT
PORT VILA,VU,-17.733333,168.316667,WPI_model_ready.csv,REAL,SCENARIO_INPUT
FORARI BAY,VU,-17.683333,168.55,WPI_model_ready.csv,REAL,SCENARIO_INPUT
BAIE DE KOUAOUA,NC,-21.383333,165.816667,WPI_model_ready.csv,REAL,SCENARIO_INPUT
KUANTAN NEW PORT,MY,3.966667,103.433333,WPI_model_ready.csv,REAL,SCENARIO_INPUT
KIRTEH OIL TERMINAL,MY,4.566667,103.466667,WPI_model_ready.csv,REAL,SCENARIO_INPUT
KUALA TRENGGANU,MY,5.35,103.133333,WPI_model_ready.csv,REAL,SCENARIO_INPUT
TAPIS MARINE TERMINAL A,MY,5.516667,105.016667,WPI_model_ready.csv,REAL,SCENARIO_INPUT
BANGKOK,TH,13.75,100.5,WPI_model_ready.csv,REAL,SCENARIO_INPUT
SI RACHA TERMINAL,TH,13.116667,100.883333,WPI_model_ready.csv,REAL,SCENARIO_INPUT
KO SI CHANG TERMINAL,TH,13.166667,100.816667,WPI_model_ready.csv,REAL,SCENARIO_INPUT
KAMPONG SAOM,KH,10.633333,103.5,WPI_model_ready.csv,REAL,SCENARIO_INPUT
PHSAR REAM,KH,10.5,103.6,WPI_model_ready.csv,REAL,SCENARIO_INPUT
DUONG DONG,VN,10.216667,103.966667,WPI_model_ready.csv,REAL,SCENARIO_INPUT
THANH HO CHI MINH,VN,10.766667,106.716667,WPI_model_ready.csv,REAL,SCENARIO_INPUT
TARABULUS,LB,34.45,35.833333,WPI_model_ready.csv,REAL,SCENARIO_INPUT
SAYDA,LB,33.5,35.35,WPI_model_ready.csv,REAL,SCENARIO_INPUT
ASHDOD,IL,31.816667,34.65,WPI_model_ready.csv,REAL,SCENARIO_INPUT
MERSA TOBRUQ,LY,32.083333,23.983333,WPI_model_ready.csv,REAL,SCENARIO_INPUT
DARNAH,LY,32.766667,22.65,WPI_model_ready.csv,REAL,SCENARIO_INPUT
BANGHAZI,LY,32.116667,20.05,WPI_model_ready.csv,REAL,SCENARIO_INPUT
EZ ZUEITINA,LY,30.85,20.05,WPI_model_ready.csv,REAL,SCENARIO_INPUT
AL BURAYQAH,LY,30.416667,19.6,WPI_model_ready.csv,REAL,SCENARIO_INPUT
RAS   LANUF,LY,30.516667,18.566667,WPI_model_ready.csv,REAL,SCENARIO_INPUT
AS SIDR,LY,30.633333,18.366667,WPI_model_ready.csv,REAL,SCENARIO_INPUT
MISRATAH,LY,32.366667,15.216667,WPI_model_ready.csv,REAL,SCENARIO_INPUT
MINA TARABULUS (TRIPOLI),LY,32.9,13.183333,WPI_model_ready.csv,REAL,SCENARIO_INPUT
AZ ZAWIYA,LY,32.8,12.716667,WPI_model_ready.csv,REAL,SCENARIO_INPUT
MARSA SABRATAH,LY,32.816667,12.5,WPI_model_ready.csv,REAL,SCENARIO_INPUT
HOUMT SOUK,TN,33.883333,10.85,WPI_model_ready.csv,REAL,SCENARIO_INPUT
GABES,TN,33.9,10.116667,WPI_model_ready.csv,REAL,SCENARIO_INPUT
SKHIRA,TN,34.283333,10.1,WPI_model_ready.csv,REAL,SCENARIO_INPUT
ANTALYA,TR,36.833333,30.616667,WPI_model_ready.csv,REAL,SCENARIO_INPUT
ALANYA,TR,36.533333,32.0,WPI_model_ready.csv,REAL,SCENARIO_INPUT
TASUCU,TR,36.316667,33.883333,WPI_model_ready.csv,REAL,SCENARIO_INPUT
POTI,GE,42.15,41.583333,WPI_model_ready.csv,REAL,SCENARIO_INPUT
BATUMI,GE,41.65,41.65,WPI_model_ready.csv,REAL,SCENARIO_INPUT
HOPA,TR,41.416667,41.4,WPI_model_ready.csv,REAL,SCENARIO_INPUT
RIZE,TR,41.066667,40.516667,WPI_model_ready.csv,REAL,SCENARIO_INPUT
TRABZON,TR,41.016667,39.766667,WPI_model_ready.csv,REAL,SCENARIO_INPUT
GIRESUN,TR,40.933333,38.4,WPI_model_ready.csv,REAL,SCENARIO_INPUT
ORDU,TR,41.0,37.883333,WPI_model_ready.csv,REAL,SCENARIO_INPUT
SAMSUN,TR,41.3,36.35,WPI_model_ready.csv,REAL,SCENARIO_INPUT
SINOP,TR,42.05,35.166667,WPI_model_ready.csv,REAL,SCENARIO_INPUT
INEBOLU,TR,41.983333,33.766667,WPI_model_ready.csv,REAL,SCENARIO_INPUT
ZONGULDAK,TR,41.466667,31.816667,WPI_model_ready.csv,REAL,SCENARIO_INPUT
EREGLI,TR,41.3,31.45,WPI_model_ready.csv,REAL,SCENARIO_INPUT
HAYDARPASA,TR,41.0,29.016667,WPI_model_ready.csv,REAL,SCENARIO_INPUT
KABA BURNU,TR,40.766667,29.533333,WPI_model_ready.csv,REAL,SCENARIO_INPUT
DERINCE BURNU,TR,40.75,29.816667,WPI_model_ready.csv,REAL,SCENARIO_INPUT
IZMIT,TR,40.766667,29.916667,WPI_model_ready.csv,REAL,SCENARIO_INPUT
GOLCUK BURNU,TR,40.733333,29.816667,WPI_model_ready.csv,REAL,SCENARIO_INPUT
MUDANYA,TR,40.383333,28.883333,WPI_model_ready.csv,REAL,SCENARIO_INPUT
BANDIRMA,TR,40.35,27.966667,WPI_model_ready.csv,REAL,SCENARIO_INPUT
ERDEK,TR,40.383333,27.8,WPI_model_ready.csv,REAL,SCENARIO_INPUT
KARABIGA,TR,40.4,27.316667,WPI_model_ready.csv,REAL,SCENARIO_INPUT
CANAKKALE,TR,40.15,26.4,WPI_model_ready.csv,REAL,SCENARIO_INPUT
AYVALIK,TR,39.316667,26.7,WPI_model_ready.csv,REAL,SCENARIO_INPUT
IZMIR,TR,38.433333,27.133333,WPI_model_ready.csv,REAL,SCENARIO_INPUT
VINH CAM RANH,VN,11.883333,109.166667,WPI_model_ready.csv,REAL,SCENARIO_INPUT
NHA TRANG,VN,12.25,109.233333,WPI_model_ready.csv,REAL,SCENARIO_INPUT
QUI NHON,VN,13.766667,109.233333,WPI_model_ready.csv,REAL,SCENARIO_INPUT
DA NANG,VN,16.1,108.216667,WPI_model_ready.csv,REAL,SCENARIO_INPUT
HAI PHONG,VN,20.916667,106.683333,WPI_model_ready.csv,REAL,SCENARIO_INPUT
HON GAI,VN,20.95,107.066667,WPI_model_ready.csv,REAL,SCENARIO_INPUT
YANDINA,SB,-9.083333,159.216667,WPI_model_ready.csv,REAL,SCENARIO_INPUT
TERN ISLAND,US,23.866667,-166.283333,WPI_model_ready.csv,REAL,SCENARIO_INPUT
JOHNSTON ATOLL,XU,16.75,-169.516667,WPI_model_ready.csv,REAL,SCENARIO_INPUT
MIDWAY ISLAND,QM,28.183333,-177.366667,WPI_model_ready.csv,REAL,SCENARIO_INPUT
WAKE ISLAND,QW,19.283333,166.616667,WPI_model_ready.csv,REAL,SCENARIO_INPUT
MAJURO ATOLL,MH,7.083333,171.383333,WPI_model_ready.csv,REAL,SCENARIO_INPUT
TARAWA ATOLL,KI,1.333333,172.933333,WPI_model_ready.csv,REAL,SCENARIO_INPUT
NAURU,NR,-0.533333,166.916667,WPI_model_ready.csv,REAL,SCENARIO_INPUT
SAIPAN,MP,15.2,145.683333,WPI_model_ready.csv,REAL,SCENARIO_INPUT
TINIAN,MP,14.966667,145.616667,WPI_model_ready.csv,REAL,SCENARIO_INPUT
ROTA,MP,14.133333,145.15,WPI_model_ready.csv,REAL,SCENARIO_INPUT
APRA HARBOR,GU,13.45,144.616667,WPI_model_ready.csv,REAL,SCENARIO_INPUT
LELE HARBOR,FM,5.333333,163.033333,WPI_model_ready.csv,REAL,SCENARIO_INPUT
COLONIA,FM,9.516667,138.133333,WPI_model_ready.csv,REAL,SCENARIO_INPUT
MALAKAL HARBOR,PW,7.333333,134.45,WPI_model_ready.csv,REAL,SCENARIO_INPUT
LONGAN ISLAND,PG,-1.216667,144.3,WPI_model_ready.csv,REAL,SCENARIO_INPUT
LORENGAU,PG,-2.016667,147.266667,WPI_model_ready.csv,REAL,SCENARIO_INPUT
WEWAK HARBOR,PG,-3.566667,143.633333,WPI_model_ready.csv,REAL,SCENARIO_INPUT
HAMBURG HARBOR,PG,-1.633333,149.966667,WPI_model_ready.csv,REAL,SCENARIO_INPUT
KOKOPO,PG,-4.333333,152.266667,WPI_model_ready.csv,REAL,SCENARIO_INPUT
KIMBE,PG,-5.133333,150.533333,WPI_model_ready.csv,REAL,SCENARIO_INPUT
KIETA,PG,-6.216667,155.633333,WPI_model_ready.csv,REAL,SCENARIO_INPUT
GIZO HARBOR,SB,-8.1,156.85,WPI_model_ready.csv,REAL,SCENARIO_INPUT
NONOPAPA,US,21.866667,-160.233333,WPI_model_ready.csv,REAL,SCENARIO_INPUT
APIA,WS,-13.816667,-171.766667,WPI_model_ready.csv,REAL,SCENARIO_INPUT
PAGO PAGO HARBOR,AS,-14.283333,-170.666667,WPI_model_ready.csv,REAL,SCENARIO_INPUT
ALOFI,NU,-19.033333,-169.933333,WPI_model_ready.csv,REAL,SCENARIO_INPUT
AVATIU,CK,-21.2,-159.783333,WPI_model_ready.csv,REAL,SCENARIO_INPUT
NEMRUT LIMANI BAY,TR,38.766667,26.916667,WPI_model_ready.csv,REAL,SCENARIO_INPUT
KUSADASI,TR,37.866667,27.25,WPI_model_ready.csv,REAL,SCENARIO_INPUT
MARMARIS,TR,36.85,28.283333,WPI_model_ready.csv,REAL,SCENARIO_INPUT
FETHIYE,TR,36.633333,29.1,WPI_model_ready.csv,REAL,SCENARIO_INPUT
SOKHUMI,GE,42.983333,40.983333,WPI_model_ready.csv,REAL,SCENARIO_INPUT
CHORNOMORS KE,UA,45.516667,32.7,WPI_model_ready.csv,REAL,SCENARIO_INPUT
YEVPATORIYA,UA,45.2,33.383333,WPI_model_ready.csv,REAL,SCENARIO_INPUT
SEVASTOPOL,UA,44.616667,33.533333,WPI_model_ready.csv,REAL,SCENARIO_INPUT
BALAKLAVA,UA,44.5,33.6,WPI_model_ready.csv,REAL,SCENARIO_INPUT
YALTA,UA,44.483333,34.166667,WPI_model_ready.csv,REAL,SCENARIO_INPUT
ALUSHTA,UA,44.683333,34.416667,WPI_model_ready.csv,REAL,SCENARIO_INPUT
SUDAK,UA,44.85,34.983333,WPI_model_ready.csv,REAL,SCENARIO_INPUT
FEODOSIYA,UA,45.016667,35.433333,WPI_model_ready.csv,REAL,SCENARIO_INPUT
KERCH,UA,45.35,36.483333,WPI_model_ready.csv,REAL,SCENARIO_INPUT
HENICHESK,UA,46.166667,34.816667,WPI_model_ready.csv,REAL,SCENARIO_INPUT
KYRYLIVKA,UA,46.35,35.366667,WPI_model_ready.csv,REAL,SCENARIO_INPUT
BERDYANSK,UA,46.75,36.783333,WPI_model_ready.csv,REAL,SCENARIO_INPUT
MARIUPOL,UA,47.083333,37.566667,WPI_model_ready.csv,REAL,SCENARIO_INPUT
TAGANROG,RU,47.2,38.95,WPI_model_ready.csv,REAL,SCENARIO_INPUT
ROSTOV-NA-DONU,RU,47.166667,39.716667,WPI_model_ready.csv,REAL,SCENARIO_INPUT
AZOV,RU,47.1,39.433333,WPI_model_ready.csv,REAL,SCENARIO_INPUT
YEYSK,RU,46.733333,38.266667,WPI_model_ready.csv,REAL,SCENARIO_INPUT
TEMRYUK,RU,45.35,37.35,WPI_model_ready.csv,REAL,SCENARIO_INPUT
ANAPA,RU,44.883333,37.316667,WPI_model_ready.csv,REAL,SCENARIO_INPUT
NOVOROSSIYSK,RU,44.716667,37.783333,WPI_model_ready.csv,REAL,SCENARIO_INPUT
TUAPSE,RU,44.1,39.066667,WPI_model_ready.csv,REAL,SCENARIO_INPUT
SOCHI,RU,43.583333,39.733333,WPI_model_ready.csv,REAL,SCENARIO_INPUT
ADLER,RU,43.433333,39.933333,WPI_model_ready.csv,REAL,SCENARIO_INPUT
SKADOVS'K,UA,46.1,32.916667,WPI_model_ready.csv,REAL,SCENARIO_INPUT
KHORLY,UA,46.083333,33.283333,WPI_model_ready.csv,REAL,SCENARIO_INPUT
MILOS,GR,36.716667,24.45,WPI_model_ready.csv,REAL,SCENARIO_INPUT
SOUDHA,GR,35.483333,24.183333,WPI_model_ready.csv,REAL,SCENARIO_INPUT
IRAKLION,GR,35.35,25.15,WPI_model_ready.csv,REAL,SCENARIO_INPUT
SITIA,GR,35.216667,26.133333,WPI_model_ready.csv,REAL,SCENARIO_INPUT
KALI LIMENES,GR,34.933333,24.833333,WPI_model_ready.csv,REAL,SCENARIO_INPUT
RODHOS,GR,36.45,28.233333,WPI_model_ready.csv,REAL,SCENARIO_INPUT
LIMIN KOS,GR,36.9,27.283333,WPI_model_ready.csv,REAL,SCENARIO_INPUT
KALIMNOS,GR,36.95,26.983333,WPI_model_ready.csv,REAL,SCENARIO_INPUT
LAKKI,GR,37.133333,26.85,WPI_model_ready.csv,REAL,SCENARIO_INPUT
ECEABAT,TR,40.183333,26.366667,WPI_model_ready.csv,REAL,SCENARIO_INPUT
GELIBOLU,TR,40.4,26.666667,WPI_model_ready.csv,REAL,SCENARIO_INPUT
TEKIRDAG,TR,40.983333,27.516667,WPI_model_ready.csv,REAL,SCENARIO_INPUT
ISTANBUL,TR,41.016667,28.966667,WPI_model_ready.csv,REAL,SCENARIO_INPUT
DEFTERDAR BURNU,TR,41.05,29.033333,WPI_model_ready.csv,REAL,SCENARIO_INPUT
ISTINYE,TR,41.116667,29.05,WPI_model_ready.csv,REAL,SCENARIO_INPUT
BURGAS,BG,42.483333,27.483333,WPI_model_ready.csv,REAL,SCENARIO_INPUT
VAITAPE,PF,-16.5,-151.75,WPI_model_ready.csv,REAL,SCENARIO_INPUT
UTUROA,PF,-16.733333,-151.45,WPI_model_ready.csv,REAL,SCENARIO_INPUT
PAPEETE,PF,-17.533333,-149.583333,WPI_model_ready.csv,REAL,SCENARIO_INPUT
PORT RIKITEA,PF,-23.116667,-134.966667,WPI_model_ready.csv,REAL,SCENARIO_INPUT
ATUONA,PF,-9.816667,-139.033333,WPI_model_ready.csv,REAL,SCENARIO_INPUT
BAIE TAIOHAE,PF,-8.933333,-140.083333,WPI_model_ready.csv,REAL,SCENARIO_INPUT
CANTON ISLAND,KI,-2.833333,-171.716667,WPI_model_ready.csv,REAL,SCENARIO_INPUT
ENGLISH HARBOR,KI,3.85,-159.366667,WPI_model_ready.csv,REAL,SCENARIO_INPUT
HONOKAA,US,20.1,-155.466667,WPI_model_ready.csv,REAL,SCENARIO_INPUT
HILO,US,19.733333,-155.066667,WPI_model_ready.csv,REAL,SCENARIO_INPUT
HONUAPO,US,19.083333,-155.55,WPI_model_ready.csv,REAL,SCENARIO_INPUT
MILOLII,US,19.183333,-155.9,WPI_model_ready.csv,REAL,SCENARIO_INPUT
KAUHAKO BAY,US,19.383333,-155.9,WPI_model_ready.csv,REAL,SCENARIO_INPUT
NAPOOPOO,US,19.483333,-155.933333,WPI_model_ready.csv,REAL,SCENARIO_INPUT
KAILUA,US,19.633333,-156.0,WPI_model_ready.csv,REAL,SCENARIO_INPUT
KIHOLO,US,19.866667,-155.95,WPI_model_ready.csv,REAL,SCENARIO_INPUT
KAWAIHAE,US,20.033333,-155.833333,WPI_model_ready.csv,REAL,SCENARIO_INPUT
MAHUKONA,US,20.183333,-155.9,WPI_model_ready.csv,REAL,SCENARIO_INPUT
KAHULUI,US,20.9,-156.466667,WPI_model_ready.csv,REAL,SCENARIO_INPUT
HANA,US,20.75,-155.983333,WPI_model_ready.csv,REAL,SCENARIO_INPUT
LAHAINA,US,20.866667,-156.666667,WPI_model_ready.csv,REAL,SCENARIO_INPUT
KAUMALAPAU HARBOR,US,20.783333,-157.0,WPI_model_ready.csv,REAL,SCENARIO_INPUT
PUKOO,US,21.066667,-156.8,WPI_model_ready.csv,REAL,SCENARIO_INPUT
KAMALO,US,21.05,-156.883333,WPI_model_ready.csv,REAL,SCENARIO_INPUT
KAUNAKAKAI,US,21.083333,-157.033333,WPI_model_ready.csv,REAL,SCENARIO_INPUT
HONOLULU,US,21.3,-157.866667,WPI_model_ready.csv,REAL,SCENARIO_INPUT
PORT ALLEN,US,21.9,-159.583333,WPI_model_ready.csv,REAL,SCENARIO_INPUT
NAWILIWILI BAY,US,21.95,-159.35,WPI_model_ready.csv,REAL,SCENARIO_INPUT
AHUKINI LANDING,US,22.0,-159.333333,WPI_model_ready.csv,REAL,SCENARIO_INPUT
MATA-UTU,WF,-13.283333,-176.133333,WPI_model_ready.csv,REAL,SCENARIO_INPUT
DEVONPORT,AU,-41.183333,146.366667,WPI_model_ready.csv,REAL,SCENARIO_INPUT
BEAUTY POINT,AU,-41.15,146.816667,WPI_model_ready.csv,REAL,SCENARIO_INPUT
LAUNCESTON,AU,-41.45,147.116667,WPI_model_ready.csv,REAL,SCENARIO_INPUT
WHANGAROA,NZ,-35.05,173.766667,WPI_model_ready.csv,REAL,SCENARIO_INPUT
OPUA,NZ,-35.316667,174.116667,WPI_model_ready.csv,REAL,SCENARIO_INPUT
WHANGAREI,NZ,-35.8,174.433333,WPI_model_ready.csv,REAL,SCENARIO_INPUT
AUCKLAND,NZ,-36.85,174.766667,WPI_model_ready.csv,REAL,SCENARIO_INPUT
TAURANGA,NZ,-37.633333,176.166667,WPI_model_ready.csv,REAL,SCENARIO_INPUT
GISBORNE,NZ,-38.666667,178.033333,WPI_model_ready.csv,REAL,SCENARIO_INPUT
NAPIER,NZ,-39.483333,176.916667,WPI_model_ready.csv,REAL,SCENARIO_INPUT
WELLINGTON,NZ,-41.283333,174.783333,WPI_model_ready.csv,REAL,SCENARIO_INPUT
WANGANUI,NZ,-39.95,175.033333,WPI_model_ready.csv,REAL,SCENARIO_INPUT
NEW PLYMOUTH,NZ,-39.066667,174.033333,WPI_model_ready.csv,REAL,SCENARIO_INPUT
VARNA,BG,43.183333,27.966667,WPI_model_ready.csv,REAL,SCENARIO_INPUT
MANGALIA,RO,43.816667,28.583333,WPI_model_ready.csv,REAL,SCENARIO_INPUT
CONSTANTA,RO,44.166667,28.65,WPI_model_ready.csv,REAL,SCENARIO_INPUT
SULINA,RO,45.166667,29.666667,WPI_model_ready.csv,REAL,SCENARIO_INPUT
BRAILA,RO,45.25,27.983333,WPI_model_ready.csv,REAL,SCENARIO_INPUT
GALATI,RO,45.416667,28.083333,WPI_model_ready.csv,REAL,SCENARIO_INPUT
IZMAYIL,UA,45.333333,28.85,WPI_model_ready.csv,REAL,SCENARIO_INPUT
ILLICHIVSK,UA,46.3,30.65,WPI_model_ready.csv,REAL,SCENARIO_INPUT
ODESA,UA,46.483333,30.733333,WPI_model_ready.csv,REAL,SCENARIO_INPUT
YUZHNYY,UA,46.6,31.016667,WPI_model_ready.csv,REAL,SCENARIO_INPUT
MYKOLAYIV,UA,46.95,31.983333,WPI_model_ready.csv,REAL,SCENARIO_INPUT
KHERSON,UA,46.616667,32.6,WPI_model_ready.csv,REAL,SCENARIO_INPUT
ORMOS ALIVERIOU,GR,38.383333,24.05,WPI_model_ready.csv,REAL,SCENARIO_INPUT
PORTHMOS EVRIPOU,GR,38.466667,23.583333,WPI_model_ready.csv,REAL,SCENARIO_INPUT
LARIMNA,GR,38.566667,23.283333,WPI_model_ready.csv,REAL,SCENARIO_INPUT
STILIS,GR,38.916667,22.616667,WPI_model_ready.csv,REAL,SCENARIO_INPUT
TSINGELI,GR,39.166667,22.85,WPI_model_ready.csv,REAL,SCENARIO_INPUT
VOLOS,GR,39.366667,22.95,WPI_model_ready.csv,REAL,SCENARIO_INPUT
MILIANA,GR,39.166667,23.216667,WPI_model_ready.csv,REAL,SCENARIO_INPUT
THESSALONIKI,GR,40.633333,22.933333,WPI_model_ready.csv,REAL,SCENARIO_INPUT
YERAKINI,GR,40.266667,23.466667,WPI_model_ready.csv,REAL,SCENARIO_INPUT
STRATONI,GR,40.516667,23.833333,WPI_model_ready.csv,REAL,SCENARIO_INPUT
LAGOS,GR,41.0,25.133333,WPI_model_ready.csv,REAL,SCENARIO_INPUT
ALEXANDROUPOLI,GR,40.833333,25.883333,WPI_model_ready.csv,REAL,SCENARIO_INPUT
MITILINI,GR,39.1,26.566667,WPI_model_ready.csv,REAL,SCENARIO_INPUT
PLOMARION,GR,38.983333,26.366667,WPI_model_ready.csv,REAL,SCENARIO_INPUT
VRAKHONISIS KALLONIS,GR,39.083333,26.083333,WPI_model_ready.csv,REAL,SCENARIO_INPUT
KHIOS,GR,38.366667,26.133333,WPI_model_ready.csv,REAL,SCENARIO_INPUT
NEON KARLOVAS,GR,37.8,26.683333,WPI_model_ready.csv,REAL,SCENARIO_INPUT
SAMOS,GR,37.75,26.966667,WPI_model_ready.csv,REAL,SCENARIO_INPUT
PITHAGORION,GR,37.683333,26.95,WPI_model_ready.csv,REAL,SCENARIO_INPUT
GAVRIO,GR,37.883333,24.733333,WPI_model_ready.csv,REAL,SCENARIO_INPUT
ANDROS,GR,37.833333,24.95,WPI_model_ready.csv,REAL,SCENARIO_INPUT
MIKONOS,GR,37.45,25.333333,WPI_model_ready.csv,REAL,SCENARIO_INPUT
LIMIN SIROU,GR,37.433333,24.95,WPI_model_ready.csv,REAL,SCENARIO_INPUT
NISOS NAXOS,GR,37.1,25.366667,WPI_model_ready.csv,REAL,SCENARIO_INPUT
DHIAVLOS STENO,GR,38.45,23.6,WPI_model_ready.csv,REAL,SCENARIO_INPUT
SHENGJIN,AL,41.816667,19.6,WPI_model_ready.csv,REAL,SCENARIO_INPUT
DURRES,AL,41.316667,19.45,WPI_model_ready.csv,REAL,SCENARIO_INPUT
VLORES,AL,40.466667,19.5,WPI_model_ready.csv,REAL,SCENARIO_INPUT
KERKIRA,GR,39.616667,19.933333,WPI_model_ready.csv,REAL,SCENARIO_INPUT
PREVEZA,GR,38.95,20.75,WPI_model_ready.csv,REAL,SCENARIO_INPUT
ARGOSTOLION,GR,38.183333,20.516667,WPI_model_ready.csv,REAL,SCENARIO_INPUT
MESOLONGION,GR,38.366667,21.416667,WPI_model_ready.csv,REAL,SCENARIO_INPUT
ITEA,GR,38.433333,22.416667,WPI_model_ready.csv,REAL,SCENARIO_INPUT
MANUKAU HARBOR,NZ,-36.933333,174.783333,WPI_model_ready.csv,REAL,SCENARIO_INPUT
COLLINGWOOD,NZ,-40.683333,172.666667,WPI_model_ready.csv,REAL,SCENARIO_INPUT
NELSON,NZ,-41.266667,173.266667,WPI_model_ready.csv,REAL,SCENARIO_INPUT
PICTON,NZ,-41.283333,174.016667,WPI_model_ready.csv,REAL,SCENARIO_INPUT
PORT LYTTELTON,NZ,-43.6,172.716667,WPI_model_ready.csv,REAL,SCENARIO_INPUT
AKAROA,NZ,-43.8,172.966667,WPI_model_ready.csv,REAL,SCENARIO_INPUT
TIMARU,NZ,-44.4,171.25,WPI_model_ready.csv,REAL,SCENARIO_INPUT
OTAGO HARBOR,NZ,-45.816667,170.633333,WPI_model_ready.csv,REAL,SCENARIO_INPUT
BLUFF HARBOR,NZ,-46.6,168.333333,WPI_model_ready.csv,REAL,SCENARIO_INPUT
GREYMOUTH,NZ,-42.433333,171.216667,WPI_model_ready.csv,REAL,SCENARIO_INPUT
WESTPORT,NZ,-41.75,171.6,WPI_model_ready.csv,REAL,SCENARIO_INPUT
KINGSTON,NF,-29.066667,167.95,WPI_model_ready.csv,REAL,SCENARIO_INPUT
LAUTOKA HARBOR,FJ,-17.6,177.45,WPI_model_ready.csv,REAL,SCENARIO_INPUT
SUVA HARBOR,FJ,-18.133333,178.416667,WPI_model_ready.csv,REAL,SCENARIO_INPUT
LEVUKA,FJ,-17.683333,178.833333,WPI_model_ready.csv,REAL,SCENARIO_INPUT
MALAI,FJ,-16.35,179.366667,WPI_model_ready.csv,REAL,SCENARIO_INPUT
SAVUSAVU BAY,FJ,-16.766667,179.333333,WPI_model_ready.csv,REAL,SCENARIO_INPUT
NUKU ALOFA,TO,-21.133333,-175.2,WPI_model_ready.csv,REAL,SCENARIO_INPUT
PANGAI,TO,-19.8,-174.35,WPI_model_ready.csv,REAL,SCENARIO_INPUT
NEIAFU,TO,-18.65,-173.983333,WPI_model_ready.csv,REAL,SCENARIO_INPUT
FUNAFUTI ATOLL,TV,-8.516667,179.133333,WPI_model_ready.csv,REAL,SCENARIO_INPUT
PORT BONYTHON,AU,-33.016667,137.766667,WPI_model_ready.csv,REAL,SCENARIO_INPUT
PORT LINCOLN,AU,-34.716667,135.85,WPI_model_ready.csv,REAL,SCENARIO_INPUT
THEVENARD,AU,-32.166667,133.65,WPI_model_ready.csv,REAL,SCENARIO_INPUT
ESPERANCE,AU,-33.866667,121.9,WPI_model_ready.csv,REAL,SCENARIO_INPUT
ALBANY,AU,-35.033333,117.883333,WPI_model_ready.csv,REAL,SCENARIO_INPUT
BUNBURY,AU,-33.316667,115.633333,WPI_model_ready.csv,REAL,SCENARIO_INPUT
FREMANTLE,AU,-32.05,115.75,WPI_model_ready.csv,REAL,SCENARIO_INPUT
GERALDTON,AU,-28.783333,114.6,WPI_model_ready.csv,REAL,SCENARIO_INPUT
POINT MURAT,AU,-21.816667,114.183333,WPI_model_ready.csv,REAL,SCENARIO_INPUT
ONSLOW,AU,-21.65,115.1,WPI_model_ready.csv,REAL,SCENARIO_INPUT
PORT WALCOTT,AU,-20.65,117.183333,WPI_model_ready.csv,REAL,SCENARIO_INPUT
DAMPIER,AU,-20.633333,116.716667,WPI_model_ready.csv,REAL,SCENARIO_INPUT
PORT HEDLAND,AU,-20.316667,118.583333,WPI_model_ready.csv,REAL,SCENARIO_INPUT
BROOME,AU,-17.966667,122.233333,WPI_model_ready.csv,REAL,SCENARIO_INPUT
WYNDHAM,AU,-15.466667,128.1,WPI_model_ready.csv,REAL,SCENARIO_INPUT
DARWIN,AU,-12.466667,130.85,WPI_model_ready.csv,REAL,SCENARIO_INPUT
AIYION,GR,38.25,22.083333,WPI_model_ready.csv,REAL,SCENARIO_INPUT
PATRAI,GR,38.25,21.733333,WPI_model_ready.csv,REAL,SCENARIO_INPUT
KATAKOLON,GR,37.65,21.316667,WPI_model_ready.csv,REAL,SCENARIO_INPUT
PILOS,GR,36.9,21.666667,WPI_model_ready.csv,REAL,SCENARIO_INPUT
KALAMATA,GR,37.016667,22.116667,WPI_model_ready.csv,REAL,SCENARIO_INPUT
YITHION,GR,36.75,22.566667,WPI_model_ready.csv,REAL,SCENARIO_INPUT
NAVPLIO,GR,37.566667,22.8,WPI_model_ready.csv,REAL,SCENARIO_INPUT
MEGARA OIL TERMINAL,GR,37.966667,23.4,WPI_model_ready.csv,REAL,SCENARIO_INPUT
AYIOS NIKOLAOS,GR,37.983333,23.533333,WPI_model_ready.csv,REAL,SCENARIO_INPUT
ELEVSIS,GR,38.033333,23.55,WPI_model_ready.csv,REAL,SCENARIO_INPUT
PAKHI OIL TERMINAL,GR,37.966667,23.383333,WPI_model_ready.csv,REAL,SCENARIO_INPUT
PERAMA,GR,37.966667,23.566667,WPI_model_ready.csv,REAL,SCENARIO_INPUT
PIRAIEVS,GR,37.933333,23.65,WPI_model_ready.csv,REAL,SCENARIO_INPUT
ORMOS MIKRO VATHI,GR,38.433333,23.6,WPI_model_ready.csv,REAL,SCENARIO_INPUT
DUBROVNIK,HR,42.666667,18.083333,WPI_model_ready.csv,REAL,SCENARIO_INPUT
PORTO DI BARLETTA,IT,41.316667,16.283333,WPI_model_ready.csv,REAL,SCENARIO_INPUT
MANFREDONIA,IT,41.616667,15.916667,WPI_model_ready.csv,REAL,SCENARIO_INPUT
VASTO,IT,42.116667,14.716667,WPI_model_ready.csv,REAL,SCENARIO_INPUT
ORTONA,IT,42.35,14.416667,WPI_model_ready.csv,REAL,SCENARIO_INPUT
PESCARA,IT,42.466667,14.216667,WPI_model_ready.csv,REAL,SCENARIO_INPUT
ANCONA,IT,43.616667,13.5,WPI_model_ready.csv,REAL,SCENARIO_INPUT
PORTO DI CORSINI,IT,44.5,12.283333,WPI_model_ready.csv,REAL,SCENARIO_INPUT
PORTO DI MALAMOCCO,IT,45.333333,12.316667,WPI_model_ready.csv,REAL,SCENARIO_INPUT
PORTO DI LIDO-VENEZIA,IT,45.416667,12.433333,WPI_model_ready.csv,REAL,SCENARIO_INPUT
MONFALCONE,IT,45.783333,13.55,WPI_model_ready.csv,REAL,SCENARIO_INPUT
TRIESTE,IT,45.65,13.766667,WPI_model_ready.csv,REAL,SCENARIO_INPUT
MUGGIA,IT,45.6,13.766667,WPI_model_ready.csv,REAL,SCENARIO_INPUT
KOPER,SI,45.55,13.733333,WPI_model_ready.csv,REAL,SCENARIO_INPUT
PIRAN,SI,45.533333,13.566667,WPI_model_ready.csv,REAL,SCENARIO_INPUT
UMAG,HR,45.433333,13.516667,WPI_model_ready.csv,REAL,SCENARIO_INPUT
ROVINJ,HR,45.083333,13.633333,WPI_model_ready.csv,REAL,SCENARIO_INPUT
PULA,HR,44.883333,13.8,WPI_model_ready.csv,REAL,SCENARIO_INPUT
BRSICA,HR,45.033333,14.05,WPI_model_ready.csv,REAL,SCENARIO_INPUT
RIJEKA LUKA,HR,45.333333,14.433333,WPI_model_ready.csv,REAL,SCENARIO_INPUT
BAKAR,HR,45.3,14.533333,WPI_model_ready.csv,REAL,SCENARIO_INPUT
OMISALJ,HR,45.216667,14.55,WPI_model_ready.csv,REAL,SCENARIO_INPUT
SENJ,HR,44.983333,14.9,WPI_model_ready.csv,REAL,SCENARIO_INPUT
ZADAR,HR,44.116667,15.216667,WPI_model_ready.csv,REAL,SCENARIO_INPUT
SIBENIK,HR,43.733333,15.883333,WPI_model_ready.csv,REAL,SCENARIO_INPUT
MOLFETTA,IT,41.216667,16.6,WPI_model_ready.csv,REAL,SCENARIO_INPUT
SPLIT,HR,43.5,16.433333,WPI_model_ready.csv,REAL,SCENARIO_INPUT
PLOCE,HR,43.05,17.433333,WPI_model_ready.csv,REAL,SCENARIO_INPUT
TORRE ANNUNZIATA,IT,40.75,14.45,WPI_model_ready.csv,REAL,SCENARIO_INPUT
MILNER BAY,AU,-13.866667,136.416667,WPI_model_ready.csv,REAL,SCENARIO_INPUT
WEIPA,AU,-12.666667,141.866667,WPI_model_ready.csv,REAL,SCENARIO_INPUT
GOVE,AU,-12.2,136.7,WPI_model_ready.csv,REAL,SCENARIO_INPUT
KARUMBA,AU,-17.483333,140.833333,WPI_model_ready.csv,REAL,SCENARIO_INPUT
HOBART,AU,-42.883333,147.333333,WPI_model_ready.csv,REAL,SCENARIO_INPUT
PORT HUON,AU,-43.166667,146.983333,WPI_model_ready.csv,REAL,SCENARIO_INPUT
DOVER,AU,-43.316667,147.033333,WPI_model_ready.csv,REAL,SCENARIO_INPUT
STANLEY,AU,-40.766667,145.283333,WPI_model_ready.csv,REAL,SCENARIO_INPUT
PORT LATTA,AU,-40.833333,145.383333,WPI_model_ready.csv,REAL,SCENARIO_INPUT
BURNIE,AU,-41.05,145.95,WPI_model_ready.csv,REAL,SCENARIO_INPUT
WHYALLA,AU,-33.033333,137.583333,WPI_model_ready.csv,REAL,SCENARIO_INPUT
BALLINA,AU,-28.866667,153.566667,WPI_model_ready.csv,REAL,SCENARIO_INPUT
NEWCASTLE,AU,-32.916667,151.783333,WPI_model_ready.csv,REAL,SCENARIO_INPUT
SYDNEY,AU,-33.866667,151.2,WPI_model_ready.csv,REAL,SCENARIO_INPUT
BOTANY BAY,AU,-34.0,151.233333,WPI_model_ready.csv,REAL,SCENARIO_INPUT
PORT KEMBLA,AU,-34.483333,150.916667,WPI_model_ready.csv,REAL,SCENARIO_INPUT
JERVIS BAY,AU,-35.116667,150.8,WPI_model_ready.csv,REAL,SCENARIO_INPUT
BATEMANS BAY,AU,-35.7,150.166667,WPI_model_ready.csv,REAL,SCENARIO_INPUT
EDEN,AU,-37.066667,149.916667,WPI_model_ready.csv,REAL,SCENARIO_INPUT
WELSHPOOL,AU,-38.7,146.466667,WPI_model_ready.csv,REAL,SCENARIO_INPUT
WESTERN PORT,AU,-38.35,145.233333,WPI_model_ready.csv,REAL,SCENARIO_INPUT
MELBOURNE,AU,-37.833333,144.966667,WPI_model_ready.csv,REAL,SCENARIO_INPUT
GEELONG,AU,-38.15,144.366667,WPI_model_ready.csv,REAL,SCENARIO_INPUT
WARRNAMBOOL,AU,-38.4,142.483333,WPI_model_ready.csv,REAL,SCENARIO_INPUT
PORTLAND,AU,-38.333333,141.6,WPI_model_ready.csv,REAL,SCENARIO_INPUT
KINGSCOTE,AU,-35.633333,137.633333,WPI_model_ready.csv,REAL,SCENARIO_INPUT
PORT ADELAIDE,AU,-34.85,138.5,WPI_model_ready.csv,REAL,SCENARIO_INPUT
ARDROSSAN,AU,-34.433333,137.916667,WPI_model_ready.csv,REAL,SCENARIO_INPUT
PORT GILES,AU,-35.033333,137.766667,WPI_model_ready.csv,REAL,SCENARIO_INPUT
WALLAROO,AU,-33.933333,137.616667,WPI_model_ready.csv,REAL,SCENARIO_INPUT
PORT PIRIE,AU,-33.183333,138.016667,WPI_model_ready.csv,REAL,SCENARIO_INPUT
FAKFAK,ID,-2.933333,132.283333,WPI_model_ready.csv,REAL,SCENARIO_INPUT
AMAMAPARE,ID,-4.816667,136.966667,WPI_model_ready.csv,REAL,SCENARIO_INPUT
MERAUKE,ID,-8.483333,140.383333,WPI_model_ready.csv,REAL,SCENARIO_INPUT
DARU,PG,-9.066667,143.2,WPI_model_ready.csv,REAL,SCENARIO_INPUT
PORT MORESBY,PG,-9.466667,147.133333,WPI_model_ready.csv,REAL,SCENARIO_INPUT
ALOTOA,PG,-10.316667,150.45,WPI_model_ready.csv,REAL,SCENARIO_INPUT
SAMARAI,PG,-10.616667,150.666667,WPI_model_ready.csv,REAL,SCENARIO_INPUT
SULOGA HARBOR,PG,-9.216667,152.766667,WPI_model_ready.csv,REAL,SCENARIO_INPUT
DISCOVERY BAY,PG,-10.416667,150.416667,WPI_model_ready.csv,REAL,SCENARIO_INPUT
ORO BAY,PG,-8.883333,148.483333,WPI_model_ready.csv,REAL,SCENARIO_INPUT
LAE,PG,-6.733333,147.0,WPI_model_ready.csv,REAL,SCENARIO_INPUT
MADANG,PG,-5.216667,145.816667,WPI_model_ready.csv,REAL,SCENARIO_INPUT
CASTELLAMMARE DI STABIA,IT,40.7,14.483333,WPI_model_ready.csv,REAL,SCENARIO_INPUT
SALERNO,IT,40.666667,14.75,WPI_model_ready.csv,REAL,SCENARIO_INPUT
VIBO VALENTIA MARINA,IT,38.716667,16.133333,WPI_model_ready.csv,REAL,SCENARIO_INPUT
REGGIO DI CALABRIA,IT,38.116667,15.65,WPI_model_ready.csv,REAL,SCENARIO_INPUT
MESSINA,IT,38.2,15.566667,WPI_model_ready.csv,REAL,SCENARIO_INPUT
MILAZZO,IT,38.216667,15.25,WPI_model_ready.csv,REAL,SCENARIO_INPUT
GIOIA TAURO,IT,38.416667,15.9,WPI_model_ready.csv,REAL,SCENARIO_INPUT
PORTO DI PALERMO,IT,38.133333,13.366667,WPI_model_ready.csv,REAL,SCENARIO_INPUT
TRAPANI,IT,38.016667,12.5,WPI_model_ready.csv,REAL,SCENARIO_INPUT
MARSALA,IT,37.783333,12.433333,WPI_model_ready.csv,REAL,SCENARIO_INPUT
MAZARA DEL VALLO,IT,37.65,12.583333,WPI_model_ready.csv,REAL,SCENARIO_INPUT
PORTO EMPEDOCLE,IT,37.283333,13.533333,WPI_model_ready.csv,REAL,SCENARIO_INPUT
LICATA,IT,37.1,13.933333,WPI_model_ready.csv,REAL,SCENARIO_INPUT
GELA,IT,37.066667,14.25,WPI_model_ready.csv,REAL,SCENARIO_INPUT
POZZALLO,IT,36.716667,14.85,WPI_model_ready.csv,REAL,SCENARIO_INPUT
SIRACUSA,IT,37.05,15.283333,WPI_model_ready.csv,REAL,SCENARIO_INPUT
AUGUSTA,IT,37.216667,15.233333,WPI_model_ready.csv,REAL,SCENARIO_INPUT
CATANIA,IT,37.5,15.1,WPI_model_ready.csv,REAL,SCENARIO_INPUT
LIPARI,IT,38.483333,14.966667,WPI_model_ready.csv,REAL,SCENARIO_INPUT
VALLETTA HARBORS,MT,35.9,14.516667,WPI_model_ready.csv,REAL,SCENARIO_INPUT
MARSAXLOKK,MT,35.816667,14.55,WPI_model_ready.csv,REAL,SCENARIO_INPUT
CROTONE,IT,39.083333,17.133333,WPI_model_ready.csv,REAL,SCENARIO_INPUT
TARANTO,IT,40.466667,17.2,WPI_model_ready.csv,REAL,SCENARIO_INPUT
GALLIPOLI,IT,40.05,17.983333,WPI_model_ready.csv,REAL,SCENARIO_INPUT
OTRANTO,IT,40.15,18.5,WPI_model_ready.csv,REAL,SCENARIO_INPUT
MONOPOLI,IT,40.95,17.3,WPI_model_ready.csv,REAL,SCENARIO_INPUT
BARI,IT,41.133333,16.866667,WPI_model_ready.csv,REAL,SCENARIO_INPUT
PORTO DI ORISTANO,IT,39.866667,8.55,WPI_model_ready.csv,REAL,SCENARIO_INPUT
PORTO TORRES,IT,40.833333,8.4,WPI_model_ready.csv,REAL,SCENARIO_INPUT
SAN REMO,IT,43.816667,7.783333,WPI_model_ready.csv,REAL,SCENARIO_INPUT
IMPERIA,IT,43.883333,8.033333,WPI_model_ready.csv,REAL,SCENARIO_INPUT
RADA DI VADO,IT,44.266667,8.433333,WPI_model_ready.csv,REAL,SCENARIO_INPUT
SAVONA,IT,44.316667,8.5,WPI_model_ready.csv,REAL,SCENARIO_INPUT
GENOVA,IT,44.4,8.933333,WPI_model_ready.csv,REAL,SCENARIO_INPUT
LA SPEZIA,IT,44.1,9.833333,WPI_model_ready.csv,REAL,SCENARIO_INPUT
MARINA DI CARRARA,IT,44.033333,10.033333,WPI_model_ready.csv,REAL,SCENARIO_INPUT
LIVORNO,IT,43.55,10.316667,WPI_model_ready.csv,REAL,SCENARIO_INPUT
VADA,IT,43.35,10.45,WPI_model_ready.csv,REAL,SCENARIO_INPUT
VANIMO,PG,-2.683333,141.133333,WPI_model_ready.csv,REAL,SCENARIO_INPUT
THURSDAY ISLAND,AU,-10.583333,142.216667,WPI_model_ready.csv,REAL,SCENARIO_INPUT
CAIRNS,AU,-16.916667,145.783333,WPI_model_ready.csv,REAL,SCENARIO_INPUT
MOURILYAN HARBOUR,AU,-17.6,146.133333,WPI_model_ready.csv,REAL,SCENARIO_INPUT
LUCINDA,AU,-18.516667,146.333333,WPI_model_ready.csv,REAL,SCENARIO_INPUT
TOWNSVILLE,AU,-19.266667,146.816667,WPI_model_ready.csv,REAL,SCENARIO_INPUT
MACKAY,AU,-21.116667,149.216667,WPI_model_ready.csv,REAL,SCENARIO_INPUT
HAY POINT,AU,-21.283333,149.3,WPI_model_ready.csv,REAL,SCENARIO_INPUT
PORT ALMA,AU,-23.583333,150.85,WPI_model_ready.csv,REAL,SCENARIO_INPUT
GLADSTONE,AU,-23.85,151.25,WPI_model_ready.csv,REAL,SCENARIO_INPUT
BUNDABERG,AU,-24.866667,152.35,WPI_model_ready.csv,REAL,SCENARIO_INPUT
BRISBANE,AU,-27.466667,153.033333,WPI_model_ready.csv,REAL,SCENARIO_INPUT
SAILOLOF,ID,-1.25,130.75,WPI_model_ready.csv,REAL,SCENARIO_INPUT
BAUBAU,ID,-5.466667,122.616667,WPI_model_ready.csv,REAL,SCENARIO_INPUT
RAHA ROADSTEAD,ID,-4.85,122.733333,WPI_model_ready.csv,REAL,SCENARIO_INPUT
POMALAA,ID,-4.166667,121.6,WPI_model_ready.csv,REAL,SCENARIO_INPUT
UJUNG PANDANG,ID,-5.133333,119.4,WPI_model_ready.csv,REAL,SCENARIO_INPUT
DONGGALA,ID,-0.65,119.733333,WPI_model_ready.csv,REAL,SCENARIO_INPUT
TAHUNA,ID,3.616667,125.483333,WPI_model_ready.csv,REAL,SCENARIO_INPUT
TERNATE,ID,0.783333,127.383333,WPI_model_ready.csv,REAL,SCENARIO_INPUT
LABUHA,ID,-0.633333,127.466667,WPI_model_ready.csv,REAL,SCENARIO_INPUT
BULA,ID,-3.1,130.5,WPI_model_ready.csv,REAL,SCENARIO_INPUT
SALAWATI,ID,-1.35,130.983333,WPI_model_ready.csv,REAL,SCENARIO_INPUT
AMBON,ID,-3.683333,128.166667,WPI_model_ready.csv,REAL,SCENARIO_INPUT
NAMLEA,ID,-3.283333,127.083333,WPI_model_ready.csv,REAL,SCENARIO_INPUT
SAUMLAKI,ID,-7.983333,131.3,WPI_model_ready.csv,REAL,SCENARIO_INPUT
SERUI,ID,-1.9,136.25,WPI_model_ready.csv,REAL,SCENARIO_INPUT
MANOKWARI ROAD,ID,-0.866667,134.083333,WPI_model_ready.csv,REAL,SCENARIO_INPUT
MANGKASA OIL TERMINAL,ID,-2.733333,121.066667,WPI_model_ready.csv,REAL,SCENARIO_INPUT
KENDARI,ID,-3.966667,122.583333,WPI_model_ready.csv,REAL,SCENARIO_INPUT
KASIM TERMINAL,ID,-1.3,131.016667,WPI_model_ready.csv,REAL,SCENARIO_INPUT
BINTULU PORT,MY,3.266667,113.066667,WPI_model_ready.csv,REAL,SCENARIO_INPUT
MIRI,MY,4.383333,113.966667,WPI_model_ready.csv,REAL,SCENARIO_INPUT
LUTONG,MY,4.466667,114.0,WPI_model_ready.csv,REAL,SCENARIO_INPUT
MUARA HARBOR,BN,5.033333,115.066667,WPI_model_ready.csv,REAL,SCENARIO_INPUT
BANDAR SERI BEGAWAN,BN,4.883333,114.883333,WPI_model_ready.csv,REAL,SCENARIO_INPUT
SERIA OIL LOADING TERMINAL,BN,4.616667,114.316667,WPI_model_ready.csv,REAL,SCENARIO_INPUT
PORTOVECCHIO DI PIOMBINO,IT,42.933333,10.55,WPI_model_ready.csv,REAL,SCENARIO_INPUT
PORTO SANTO STEFANO,IT,42.433333,11.116667,WPI_model_ready.csv,REAL,SCENARIO_INPUT
CIVITAVECCHIA,IT,42.1,11.783333,WPI_model_ready.csv,REAL,SCENARIO_INPUT
FIUMICINO,IT,41.766667,12.233333,WPI_model_ready.csv,REAL,SCENARIO_INPUT
ANZIO,IT,41.45,12.633333,WPI_model_ready.csv,REAL,SCENARIO_INPUT
GAETA,IT,41.2,13.583333,WPI_model_ready.csv,REAL,SCENARIO_INPUT
POZZUOLI,IT,40.816667,14.116667,WPI_model_ready.csv,REAL,SCENARIO_INPUT
BAGNOLI,IT,40.816667,14.166667,WPI_model_ready.csv,REAL,SCENARIO_INPUT
NAPOLI,IT,40.85,14.266667,WPI_model_ready.csv,REAL,SCENARIO_INPUT
CARLOFORTE,IT,39.15,8.316667,WPI_model_ready.csv,REAL,SCENARIO_INPUT
PORTO VESME,IT,39.2,8.4,WPI_model_ready.csv,REAL,SCENARIO_INPUT
PUERTO DE ALCUDIA,ES,39.833333,3.133333,WPI_model_ready.csv,REAL,SCENARIO_INPUT
MAHON,ES,39.883333,4.266667,WPI_model_ready.csv,REAL,SCENARIO_INPUT
ROSAS,ES,42.266667,3.183333,WPI_model_ready.csv,REAL,SCENARIO_INPUT
PORT-VENDRES,FR,42.516667,3.116667,WPI_model_ready.csv,REAL,SCENARIO_INPUT
PORT-LA-NOUVELLE,FR,43.016667,3.066667,WPI_model_ready.csv,REAL,SCENARIO_INPUT
SETE,FR,43.4,3.7,WPI_model_ready.csv,REAL,SCENARIO_INPUT
PORT SAINT LOUIS DU RHONE,FR,43.383333,4.816667,WPI_model_ready.csv,REAL,SCENARIO_INPUT
FOS,FR,43.416667,4.883333,WPI_model_ready.csv,REAL,SCENARIO_INPUT
PORT-DE-BOUC,FR,43.4,4.983333,WPI_model_ready.csv,REAL,SCENARIO_INPUT
MARSEILLE,FR,43.316667,5.366667,WPI_model_ready.csv,REAL,SCENARIO_INPUT
SAINT-TROPEZ,FR,43.266667,6.633333,WPI_model_ready.csv,REAL,SCENARIO_INPUT
SAINT-RAPHAEL,FR,43.416667,6.766667,WPI_model_ready.csv,REAL,SCENARIO_INPUT
CANNES,FR,43.55,7.016667,WPI_model_ready.csv,REAL,SCENARIO_INPUT
ANTIBES,FR,43.583333,7.133333,WPI_model_ready.csv,REAL,SCENARIO_INPUT
NICE,FR,43.7,7.283333,WPI_model_ready.csv,REAL,SCENARIO_INPUT
VILLEFRANCHE,FR,43.7,7.316667,WPI_model_ready.csv,REAL,SCENARIO_INPUT
MONACO,MC,43.733333,7.416667,WPI_model_ready.csv,REAL,SCENARIO_INPUT
BASTIA,FR,42.7,9.45,WPI_model_ready.csv,REAL,SCENARIO_INPUT
BONIFACIO,FR,41.383333,9.166667,WPI_model_ready.csv,REAL,SCENARIO_INPUT
PORT DE PROPRIANO,FR,41.683333,8.9,WPI_model_ready.csv,REAL,SCENARIO_INPUT
PORT D' AJACCIO,FR,41.916667,8.75,WPI_model_ready.csv,REAL,SCENARIO_INPUT
CALVI,FR,42.566667,8.75,WPI_model_ready.csv,REAL,SCENARIO_INPUT
L'ILE ROUSSE,FR,42.633333,8.933333,WPI_model_ready.csv,REAL,SCENARIO_INPUT
LA MADDALENA,IT,41.2,9.416667,WPI_model_ready.csv,REAL,SCENARIO_INPUT
OLBIA,IT,40.916667,9.5,WPI_model_ready.csv,REAL,SCENARIO_INPUT
ARBATAX,IT,39.933333,9.7,WPI_model_ready.csv,REAL,SCENARIO_INPUT
CAGLIARI,IT,39.216667,9.116667,WPI_model_ready.csv,REAL,SCENARIO_INPUT
SARROCH OIL TERMINAL,IT,39.083333,9.033333,WPI_model_ready.csv,REAL,SCENARIO_INPUT
VICTORIA,MY,5.283333,115.233333,WPI_model_ready.csv,REAL,SCENARIO_INPUT
KOTA KINABALU,MY,5.983333,116.066667,WPI_model_ready.csv,REAL,SCENARIO_INPUT
KUDAT,MY,6.883333,116.85,WPI_model_ready.csv,REAL,SCENARIO_INPUT
PELABUHAN SANDAKAN,MY,5.833333,118.116667,WPI_model_ready.csv,REAL,SCENARIO_INPUT
LAHAD DATU,MY,5.016667,118.316667,WPI_model_ready.csv,REAL,SCENARIO_INPUT
TANJUNG ARANG  (BUNYU),ID,3.466667,117.833333,WPI_model_ready.csv,REAL,SCENARIO_INPUT
LINGKAS,ID,3.283333,117.6,WPI_model_ready.csv,REAL,SCENARIO_INPUT
TANJUNGREDEB,ID,2.15,117.483333,WPI_model_ready.csv,REAL,SCENARIO_INPUT
BENOA,ID,0.983333,117.966667,WPI_model_ready.csv,REAL,SCENARIO_INPUT
BONTANG LNG TERMINAL,ID,0.1,117.483333,WPI_model_ready.csv,REAL,SCENARIO_INPUT
TANJUNG SANTAN,ID,-0.1,117.533333,WPI_model_ready.csv,REAL,SCENARIO_INPUT
SAMARINDA,ID,-0.516667,117.116667,WPI_model_ready.csv,REAL,SCENARIO_INPUT
SENIPAH OIL TERMINAL,ID,-0.95,117.166667,WPI_model_ready.csv,REAL,SCENARIO_INPUT
BALIKPAPAN,ID,-1.25,116.816667,WPI_model_ready.csv,REAL,SCENARIO_INPUT
LAWI LAWI OIL TERMINAL,ID,-1.45,116.766667,WPI_model_ready.csv,REAL,SCENARIO_INPUT
GUNUNG BATU BESAR,ID,-2.616667,116.3,WPI_model_ready.csv,REAL,SCENARIO_INPUT
KOTA BARU,ID,-3.233333,116.216667,WPI_model_ready.csv,REAL,SCENARIO_INPUT
BANJARMASIN,ID,-3.333333,114.583333,WPI_model_ready.csv,REAL,SCENARIO_INPUT
KUMAI,ID,-2.75,111.716667,WPI_model_ready.csv,REAL,SCENARIO_INPUT
PONTIANAK,ID,-0.016667,109.333333,WPI_model_ready.csv,REAL,SCENARIO_INPUT
MANADO,ID,1.5,124.833333,WPI_model_ready.csv,REAL,SCENARIO_INPUT
GORONTALO,ID,0.5,123.05,WPI_model_ready.csv,REAL,SCENARIO_INPUT
POSO,ID,-1.366667,120.75,WPI_model_ready.csv,REAL,SCENARIO_INPUT
KOLONODALE,ID,-1.983333,121.333333,WPI_model_ready.csv,REAL,SCENARIO_INPUT
KUCHING,MY,1.566667,110.35,WPI_model_ready.csv,REAL,SCENARIO_INPUT
SIBU,MY,2.283333,111.816667,WPI_model_ready.csv,REAL,SCENARIO_INPUT
SARIKEI,MY,2.133333,111.533333,WPI_model_ready.csv,REAL,SCENARIO_INPUT
SUNGAIPAKNING,ID,1.35,102.166667,WPI_model_ready.csv,REAL,SCENARIO_INPUT
FLYING FISH COVE,CX,-10.416667,105.7,WPI_model_ready.csv,REAL,SCENARIO_INPUT
BANTEN,ID,-6.016667,105.966667,WPI_model_ready.csv,REAL,SCENARIO_INPUT
ANYER LOR,ID,-6.05,105.916667,WPI_model_ready.csv,REAL,SCENARIO_INPUT
TANJUNG SEKONG,ID,-5.916667,106.0,WPI_model_ready.csv,REAL,SCENARIO_INPUT
JAKARTA,ID,-6.1,106.883333,WPI_model_ready.csv,REAL,SCENARIO_INPUT
CIREBON,ID,-6.716667,108.566667,WPI_model_ready.csv,REAL,SCENARIO_INPUT
PALMA DE MALLORCA,ES,39.566667,2.633333,WPI_model_ready.csv,REAL,SCENARIO_INPUT
PORTO PONTE ROMANO,IT,39.05,8.466667,WPI_model_ready.csv,REAL,SCENARIO_INPUT
SANTA CRUZ DE LA PALMA,ES,28.683333,-17.75,WPI_model_ready.csv,REAL,SCENARIO_INPUT
SANTA CRUZ DE TENERIFE,ES,28.466667,-16.233333,WPI_model_ready.csv,REAL,SCENARIO_INPUT
LAS PALMAS,ES,28.15,-15.416667,WPI_model_ready.csv,REAL,SCENARIO_INPUT
PUERTO DEL ROSARIO,ES,28.5,-13.85,WPI_model_ready.csv,REAL,SCENARIO_INPUT
ARRECIFE,ES,28.95,-13.533333,WPI_model_ready.csv,REAL,SCENARIO_INPUT
HUELVA,ES,37.25,-6.95,WPI_model_ready.csv,REAL,SCENARIO_INPUT
SEVILLA,ES,37.366667,-6.0,WPI_model_ready.csv,REAL,SCENARIO_INPUT
ROTA,ES,36.616667,-6.333333,WPI_model_ready.csv,REAL,SCENARIO_INPUT
CADIZ,ES,36.533333,-6.3,WPI_model_ready.csv,REAL,SCENARIO_INPUT
ALGECIRAS,ES,36.133333,-5.433333,WPI_model_ready.csv,REAL,SCENARIO_INPUT
EUROPA POINT,GI,36.133333,-5.35,WPI_model_ready.csv,REAL,SCENARIO_INPUT
MALAGA,ES,36.716667,-4.416667,WPI_model_ready.csv,REAL,SCENARIO_INPUT
MOTRIL,ES,36.75,-3.516667,WPI_model_ready.csv,REAL,SCENARIO_INPUT
ADRA,ES,36.733333,-3.033333,WPI_model_ready.csv,REAL,SCENARIO_INPUT
ALMERIA,ES,36.833333,-2.466667,WPI_model_ready.csv,REAL,SCENARIO_INPUT
PUERTO DE CARBONERAS,ES,37.0,-1.883333,WPI_model_ready.csv,REAL,SCENARIO_INPUT
AGUILAS,ES,37.4,-1.566667,WPI_model_ready.csv,REAL,SCENARIO_INPUT
HORNILLO,ES,37.4,-1.55,WPI_model_ready.csv,REAL,SCENARIO_INPUT
CARTAGENA,ES,37.583333,-0.983333,WPI_model_ready.csv,REAL,SCENARIO_INPUT
TORREVIEJA,ES,37.966667,-0.683333,WPI_model_ready.csv,REAL,SCENARIO_INPUT
ALICANTE,ES,38.333333,-0.483333,WPI_model_ready.csv,REAL,SCENARIO_INPUT
PUERTO DE GANDIA,ES,39.0,-0.15,WPI_model_ready.csv,REAL,SCENARIO_INPUT
VALENCIA,ES,39.45,-0.316667,WPI_model_ready.csv,REAL,SCENARIO_INPUT
SAGUNTO,ES,39.65,-0.216667,WPI_model_ready.csv,REAL,SCENARIO_INPUT
BURRIANA,ES,39.883333,-0.05,WPI_model_ready.csv,REAL,SCENARIO_INPUT
EL GRAO,ES,39.966667,0.016667,WPI_model_ready.csv,REAL,SCENARIO_INPUT
TARRAGONA,ES,41.1,1.233333,WPI_model_ready.csv,REAL,SCENARIO_INPUT
BARCELONA,ES,41.35,2.166667,WPI_model_ready.csv,REAL,SCENARIO_INPUT
SAN FELIU DE GUIXOLS,ES,41.783333,3.033333,WPI_model_ready.csv,REAL,SCENARIO_INPUT
PALAMOS,ES,41.833333,3.116667,WPI_model_ready.csv,REAL,SCENARIO_INPUT
FUNCHAL,PT,32.633333,-16.916667,WPI_model_ready.csv,REAL,SCENARIO_INPUT
PUERTO DE PASAJES,ES,43.333333,-1.933333,WPI_model_ready.csv,REAL,SCENARIO_INPUT
BERMEO,ES,43.416667,-2.716667,WPI_model_ready.csv,REAL,SCENARIO_INPUT
PUERTO DE BILBAO,ES,43.35,-3.05,WPI_model_ready.csv,REAL,SCENARIO_INPUT
SANTANDER,ES,43.466667,-3.783333,WPI_model_ready.csv,REAL,SCENARIO_INPUT
GIJON,ES,43.55,-5.666667,WPI_model_ready.csv,REAL,SCENARIO_INPUT
PORTO DE SUAPE,BR,-8.4,-34.966667,WPI_model_ready.csv,REAL,SCENARIO_INPUT
TEGAL,ID,-6.85,109.133333,WPI_model_ready.csv,REAL,SCENARIO_INPUT
PEKALONGAN,ID,-6.85,109.7,WPI_model_ready.csv,REAL,SCENARIO_INPUT
SEMARANG,ID,-6.95,110.416667,WPI_model_ready.csv,REAL,SCENARIO_INPUT
REMBANG,ID,-6.7,111.35,WPI_model_ready.csv,REAL,SCENARIO_INPUT
TUBAN,ID,-6.733333,112.15,WPI_model_ready.csv,REAL,SCENARIO_INPUT
SURABAYA,ID,-7.2,112.733333,WPI_model_ready.csv,REAL,SCENARIO_INPUT
PANARUKAN,ID,-7.7,113.933333,WPI_model_ready.csv,REAL,SCENARIO_INPUT
CILACAP,ID,-7.733333,109.0,WPI_model_ready.csv,REAL,SCENARIO_INPUT
BENOA,ID,-8.75,115.216667,WPI_model_ready.csv,REAL,SCENARIO_INPUT
LABUHANHAJI,ID,-8.7,116.566667,WPI_model_ready.csv,REAL,SCENARIO_INPUT
MAUMERE,ID,-8.616667,122.216667,WPI_model_ready.csv,REAL,SCENARIO_INPUT
LARANTUKA,ID,-8.35,122.983333,WPI_model_ready.csv,REAL,SCENARIO_INPUT
ENDE,ID,-8.833333,121.65,WPI_model_ready.csv,REAL,SCENARIO_INPUT
TAREMPAH,ID,3.216667,106.216667,WPI_model_ready.csv,REAL,SCENARIO_INPUT
BENGKALIS,ID,1.466667,102.1,WPI_model_ready.csv,REAL,SCENARIO_INPUT
PULAU BUKOM,SG,1.233333,103.766667,WPI_model_ready.csv,REAL,SCENARIO_INPUT
PULAU SEBAROK,SG,1.2,103.8,WPI_model_ready.csv,REAL,SCENARIO_INPUT
TANJUNGUBAN,ID,1.066667,104.216667,WPI_model_ready.csv,REAL,SCENARIO_INPUT
TANJUNGPINANG,ID,0.916667,104.45,WPI_model_ready.csv,REAL,SCENARIO_INPUT
KIJANG,ID,0.85,104.6,WPI_model_ready.csv,REAL,SCENARIO_INPUT
PULAU SAMBU,ID,1.166667,103.9,WPI_model_ready.csv,REAL,SCENARIO_INPUT
DABO,ID,-0.5,104.566667,WPI_model_ready.csv,REAL,SCENARIO_INPUT
TOBOALI,ID,-3.016667,106.45,WPI_model_ready.csv,REAL,SCENARIO_INPUT
MUNTOK,ID,-2.066667,105.166667,WPI_model_ready.csv,REAL,SCENARIO_INPUT
PANGKALPINANG,ID,-2.116667,106.133333,WPI_model_ready.csv,REAL,SCENARIO_INPUT
CINTA OIL TERMINAL,ID,-5.5,106.233333,WPI_model_ready.csv,REAL,SCENARIO_INPUT
PANJANG,ID,-5.466667,105.316667,WPI_model_ready.csv,REAL,SCENARIO_INPUT
TELUK BAYUR,ID,-1.0,100.366667,WPI_model_ready.csv,REAL,SCENARIO_INPUT
AVILES,ES,43.6,-5.933333,WPI_model_ready.csv,REAL,SCENARIO_INPUT
RIBADEO,ES,43.533333,-7.033333,WPI_model_ready.csv,REAL,SCENARIO_INPUT
SAN CIPRIAN,ES,43.7,-7.433333,WPI_model_ready.csv,REAL,SCENARIO_INPUT
FERROL,ES,43.483333,-8.233333,WPI_model_ready.csv,REAL,SCENARIO_INPUT
LA CORUNA,ES,43.366667,-8.4,WPI_model_ready.csv,REAL,SCENARIO_INPUT
VILLAGARCIA DE AROSA,ES,42.6,-8.766667,WPI_model_ready.csv,REAL,SCENARIO_INPUT
MARIN,ES,42.4,-8.7,WPI_model_ready.csv,REAL,SCENARIO_INPUT
VIGO,ES,42.233333,-8.716667,WPI_model_ready.csv,REAL,SCENARIO_INPUT
VIANA DO CASTELO,PT,41.7,-8.833333,WPI_model_ready.csv,REAL,SCENARIO_INPUT
PORTO DE LEIXOES,PT,41.183333,-8.7,WPI_model_ready.csv,REAL,SCENARIO_INPUT
DOURO,PT,41.15,-8.666667,WPI_model_ready.csv,REAL,SCENARIO_INPUT
AVEIRO,PT,40.65,-8.65,WPI_model_ready.csv,REAL,SCENARIO_INPUT
FIGUEIRA DA FOZ,PT,40.15,-8.85,WPI_model_ready.csv,REAL,SCENARIO_INPUT
LISBOA,PT,38.7,-9.166667,WPI_model_ready.csv,REAL,SCENARIO_INPUT
SETUBAL,PT,38.516667,-8.9,WPI_model_ready.csv,REAL,SCENARIO_INPUT
SINES,PT,37.95,-8.866667,WPI_model_ready.csv,REAL,SCENARIO_INPUT
FARO,PT,37.033333,-7.933333,WPI_model_ready.csv,REAL,SCENARIO_INPUT
VILA REAL DE S ANTONIO,PT,37.183333,-7.4,WPI_model_ready.csv,REAL,SCENARIO_INPUT
BORDEAUX,FR,44.866667,-0.566667,WPI_model_ready.csv,REAL,SCENARIO_INPUT
SAINT HELIER HARBOUR,GB,49.183333,-2.116667,WPI_model_ready.csv,REAL,SCENARIO_INPUT
PAIMPOL,FR,48.783333,-3.05,WPI_model_ready.csv,REAL,SCENARIO_INPUT
RADE DE BREST,FR,48.383333,-4.5,WPI_model_ready.csv,REAL,SCENARIO_INPUT
CONCARNEAU,FR,47.866667,-3.916667,WPI_model_ready.csv,REAL,SCENARIO_INPUT
LORIENT,FR,47.75,-3.35,WPI_model_ready.csv,REAL,SCENARIO_INPUT
ST NAZAIRE,FR,47.283333,-2.2,WPI_model_ready.csv,REAL,SCENARIO_INPUT
DONGES,FR,47.3,-2.066667,WPI_model_ready.csv,REAL,SCENARIO_INPUT
NANTES,FR,47.2,-1.566667,WPI_model_ready.csv,REAL,SCENARIO_INPUT
LES SABLES D' OLONNE,FR,46.5,-1.8,WPI_model_ready.csv,REAL,SCENARIO_INPUT
LA PALLICE,FR,46.166667,-1.216667,WPI_model_ready.csv,REAL,SCENARIO_INPUT
LA ROCHELLE,FR,46.15,-1.15,WPI_model_ready.csv,REAL,SCENARIO_INPUT
ROCHEFORT,FR,45.933333,-0.95,WPI_model_ready.csv,REAL,SCENARIO_INPUT
TONNAY CHARENTE,FR,45.933333,-0.9,WPI_model_ready.csv,REAL,SCENARIO_INPUT
LE VERDON,FR,45.55,-1.05,WPI_model_ready.csv,REAL,SCENARIO_INPUT
PAUILLAC,FR,45.2,-0.75,WPI_model_ready.csv,REAL,SCENARIO_INPUT
BLAYE,FR,45.133333,-0.666667,WPI_model_ready.csv,REAL,SCENARIO_INPUT
CONVENT,US,30.016667,-90.833333,WPI_model_ready.csv,REAL,SCENARIO_INPUT
DEER PARK,US,29.75,-95.333333,WPI_model_ready.csv,REAL,SCENARIO_INPUT
AIN SUKHNA TERMINAL,EG,29.583333,32.366667,WPI_model_ready.csv,REAL,SCENARIO_INPUT
KING FAHD PORT,SA,23.95,38.216667,WPI_model_ready.csv,REAL,SCENARIO_INPUT
RAS ISA MARINE TERMINAL,YE,15.133333,42.6,WPI_model_ready.csv,REAL,SCENARIO_INPUT
SHEKOU,CN,22.466667,113.866667,WPI_model_ready.csv,REAL,SCENARIO_INPUT
ARDJUNA OIL FIELD,ID,-5.883333,107.716667,WPI_model_ready.csv,REAL,SCENARIO_INPUT
BAYUQUAN,CN,40.3,122.083333,WPI_model_ready.csv,REAL,SCENARIO_INPUT
PIPAVAV BANDAR,IN,20.916667,71.516667,WPI_model_ready.csv,REAL,SCENARIO_INPUT
SUBIC BAY,PH,14.8,120.266667,WPI_model_ready.csv,REAL,SCENARIO_INPUT
YANTIAN,CN,22.583333,114.266667,WPI_model_ready.csv,REAL,SCENARIO_INPUT
ST. JAMES,US,29.983333,-90.933333,WPI_model_ready.csv,REAL,SCENARIO_INPUT
PETROPAVLOVSK,RU,53.05,158.65,WPI_model_ready.csv,REAL,SCENARIO_INPUT
NIKOL SKOYE,RU,55.2,165.983333,WPI_model_ready.csv,REAL,SCENARIO_INPUT
PROVIDENIYA,RU,64.416667,-173.233333,WPI_model_ready.csv,REAL,SCENARIO_INPUT
AMBARCHIK,RU,69.633333,162.316667,WPI_model_ready.csv,REAL,SCENARIO_INPUT
TIKSI,RU,71.633333,128.866667,WPI_model_ready.csv,REAL,SCENARIO_INPUT
PEVEK,RU,69.716667,170.3,WPI_model_ready.csv,REAL,SCENARIO_INPUT
PORT DIKSON,RU,73.5,80.516667,WPI_model_ready.csv,REAL,SCENARIO_INPUT
UST-PORT,RU,69.666667,84.433333,WPI_model_ready.csv,REAL,SCENARIO_INPUT
DUDINKA,RU,69.4,86.166667,WPI_model_ready.csv,REAL,SCENARIO_INPUT
IGARKA,RU,67.483333,86.6,WPI_model_ready.csv,REAL,SCENARIO_INPUT
MYS NOVYY PORT,RU,67.666667,72.9,WPI_model_ready.csv,REAL,SCENARIO_INPUT
NAR YAN-MAR,RU,67.65,53.0,WPI_model_ready.csv,REAL,SCENARIO_INPUT
MEZEN,RU,65.833333,44.183333,WPI_model_ready.csv,REAL,SCENARIO_INPUT
ARKHANGELS'K,RU,64.533333,40.533333,WPI_model_ready.csv,REAL,SCENARIO_INPUT
SIBOLGA,ID,1.733333,98.766667,WPI_model_ready.csv,REAL,SCENARIO_INPUT
ULEELHEUE,ID,5.566667,95.283333,WPI_model_ready.csv,REAL,SCENARIO_INPUT
SABANG,ID,5.883333,95.316667,WPI_model_ready.csv,REAL,SCENARIO_INPUT
BLANGLANCANG,ID,5.25,97.116667,WPI_model_ready.csv,REAL,SCENARIO_INPUT
PANGKALANSUSU,ID,4.116667,98.216667,WPI_model_ready.csv,REAL,SCENARIO_INPUT
MUAR,MY,2.05,102.566667,WPI_model_ready.csv,REAL,SCENARIO_INPUT
DUMAI,ID,1.683333,101.45,WPI_model_ready.csv,REAL,SCENARIO_INPUT
TRINCOMALEE HARBOR,LK,8.55,81.216667,WPI_model_ready.csv,REAL,SCENARIO_INPUT
KANKESANTURAI,LK,9.816667,80.05,WPI_model_ready.csv,REAL,SCENARIO_INPUT
TUTICORIN,IN,8.8,78.166667,WPI_model_ready.csv,REAL,SCENARIO_INPUT
NAGAPPATTINAM,IN,10.766667,79.85,WPI_model_ready.csv,REAL,SCENARIO_INPUT
CUDDALORE,IN,11.716667,79.766667,WPI_model_ready.csv,REAL,SCENARIO_INPUT
PONDICHERRY,IN,11.933333,79.833333,WPI_model_ready.csv,REAL,SCENARIO_INPUT
CHENNAI (MADRAS),IN,13.1,80.3,WPI_model_ready.csv,REAL,SCENARIO_INPUT
MACHILIPATNAM,IN,16.15,81.166667,WPI_model_ready.csv,REAL,SCENARIO_INPUT
KAKINADA BAY,IN,17.0,82.316667,WPI_model_ready.csv,REAL,SCENARIO_INPUT
VISHAKHAPATNAM,IN,17.683333,83.3,WPI_model_ready.csv,REAL,SCENARIO_INPUT
PARADIP,IN,20.266667,86.683333,WPI_model_ready.csv,REAL,SCENARIO_INPUT
HALDIA PORT,IN,22.016667,88.083333,WPI_model_ready.csv,REAL,SCENARIO_INPUT
CALCUTTA,IN,22.55,88.333333,WPI_model_ready.csv,REAL,SCENARIO_INPUT
MONGLA,BD,22.466667,89.6,WPI_model_ready.csv,REAL,SCENARIO_INPUT
CHITTAGONG,BD,22.316667,91.816667,WPI_model_ready.csv,REAL,SCENARIO_INPUT
SITTWE,MM,20.133333,92.9,WPI_model_ready.csv,REAL,SCENARIO_INPUT
BASSEIN,MM,16.783333,94.733333,WPI_model_ready.csv,REAL,SCENARIO_INPUT
RANGOON,MM,16.766667,96.166667,WPI_model_ready.csv,REAL,SCENARIO_INPUT
MOULMEIN HARBOR,MM,16.483333,97.616667,WPI_model_ready.csv,REAL,SCENARIO_INPUT
MERGUI,MM,12.433333,98.6,WPI_model_ready.csv,REAL,SCENARIO_INPUT
PORT BLAIR,IN,11.683333,92.75,WPI_model_ready.csv,REAL,SCENARIO_INPUT
PHUKET,TH,7.833333,98.4,WPI_model_ready.csv,REAL,SCENARIO_INPUT
KRABI,TH,8.066667,98.916667,WPI_model_ready.csv,REAL,SCENARIO_INPUT
KANTANG HARBOR,TH,7.4,99.516667,WPI_model_ready.csv,REAL,SCENARIO_INPUT
PORT KLANG,MY,3.0,101.4,WPI_model_ready.csv,REAL,SCENARIO_INPUT
PORT DICKSON,MY,2.533333,101.783333,WPI_model_ready.csv,REAL,SCENARIO_INPUT
AMBES,FR,45.016667,-0.533333,WPI_model_ready.csv,REAL,SCENARIO_INPUT
TEIGNMOUTH HARBOUR,GB,50.55,-3.5,WPI_model_ready.csv,REAL,SCENARIO_INPUT
BRIDPORT HARBOUR,GB,50.716667,-2.766667,WPI_model_ready.csv,REAL,SCENARIO_INPUT
POOLE HARBOUR,GB,50.683333,-1.95,WPI_model_ready.csv,REAL,SCENARIO_INPUT
SOUTHAMPTON,GB,50.9,-1.4,WPI_model_ready.csv,REAL,SCENARIO_INPUT
SHOREHAM HARBOUR,GB,50.816667,-0.25,WPI_model_ready.csv,REAL,SCENARIO_INPUT
DUNKERQUE PORT EST,FR,51.05,2.383333,WPI_model_ready.csv,REAL,SCENARIO_INPUT
BOULOGNE-SUR-MER,FR,50.733333,1.6,WPI_model_ready.csv,REAL,SCENARIO_INPUT
FECAMP,FR,49.766667,0.366667,WPI_model_ready.csv,REAL,SCENARIO_INPUT
HONFLEUR,FR,49.416667,0.216667,WPI_model_ready.csv,REAL,SCENARIO_INPUT
RADE DE CHERBOURG,FR,49.65,-1.633333,WPI_model_ready.csv,REAL,SCENARIO_INPUT
DARTMOUTH HARBOUR,GB,50.35,-3.616667,WPI_model_ready.csv,REAL,SCENARIO_INPUT
FISHGUARD,GB,52.016667,-4.983333,WPI_model_ready.csv,REAL,SCENARIO_INPUT
MILFORD HAVEN,GB,51.716667,-5.033333,WPI_model_ready.csv,REAL,SCENARIO_INPUT
SWANSEA,GB,51.616667,-3.95,WPI_model_ready.csv,REAL,SCENARIO_INPUT
SEVERODVINSK,RU,64.566667,39.783333,WPI_model_ready.csv,REAL,SCENARIO_INPUT
ONEGA,RU,63.9,38.1,WPI_model_ready.csv,REAL,SCENARIO_INPUT
BELOMORSK,RU,64.533333,34.8,WPI_model_ready.csv,REAL,SCENARIO_INPUT
RABOCHEOSTROVSK,RU,64.983333,34.783333,WPI_model_ready.csv,REAL,SCENARIO_INPUT
KERET,RU,66.283333,33.566667,WPI_model_ready.csv,REAL,SCENARIO_INPUT
KOVDA,RU,66.683333,32.866667,WPI_model_ready.csv,REAL,SCENARIO_INPUT
KANDALAKSHA,RU,67.133333,32.416667,WPI_model_ready.csv,REAL,SCENARIO_INPUT
BOLSHAYA PIRYU GUBA,RU,66.666667,34.366667,WPI_model_ready.csv,REAL,SCENARIO_INPUT
OSTROVNOY GREMIKHA,RU,68.05,39.516667,WPI_model_ready.csv,REAL,SCENARIO_INPUT
MURMANSK,RU,68.983333,33.05,WPI_model_ready.csv,REAL,SCENARIO_INPUT
MYS ABRAM,RU,68.983333,33.033333,WPI_model_ready.csv,REAL,SCENARIO_INPUT
ELLEFSEN HARBOR,AQ,-60.733333,-45.033333,WPI_model_ready.csv,REAL,SCENARIO_INPUT
SCOTIA BAY,AQ,-60.75,-44.716667,WPI_model_ready.csv,REAL,SCENARIO_INPUT
ADMIRALTY BAY,AQ,-62.083333,-58.416667,WPI_model_ready.csv,REAL,SCENARIO_INPUT
PORT FOSTER,AQ,-62.95,-60.633333,WPI_model_ready.csv,REAL,SCENARIO_INPUT
PORT LOCKROY,AQ,-64.816667,-63.5,WPI_model_ready.csv,REAL,SCENARIO_INPUT
MELCHIOR HARBOR,AQ,-64.316667,-63.0,WPI_model_ready.csv,REAL,SCENARIO_INPUT
ANDERSEN HARBOR,AQ,-64.316667,-62.933333,WPI_model_ready.csv,REAL,SCENARIO_INPUT
BUKHTA NAGAYEVA (MAGADAN),RU,59.566667,150.716667,WPI_model_ready.csv,REAL,SCENARIO_INPUT
SOUTHWEST PASS,US,28.45,-90.7,WPI_model_ready.csv,REAL,SCENARIO_INPUT
TRI-CITY PORT,US,38.716667,-90.2,WPI_model_ready.csv,REAL,SCENARIO_INPUT
MOJI KO,JP,33.95,130.966667,WPI_model_ready.csv,REAL,SCENARIO_INPUT
KANDA,JP,33.783333,131.016667,WPI_model_ready.csv,REAL,SCENARIO_INPUT
OITA KO,JP,33.25,131.666667,WPI_model_ready.csv,REAL,SCENARIO_INPUT
SAGANOSEKI KO,JP,33.25,131.866667,WPI_model_ready.csv,REAL,SCENARIO_INPUT
TSUKUMI KO,JP,33.083333,131.866667,WPI_model_ready.csv,REAL,SCENARIO_INPUT
SAIKI KO,JP,32.966667,131.933333,WPI_model_ready.csv,REAL,SCENARIO_INPUT
HOSOSHIMA KO,JP,32.433333,131.666667,WPI_model_ready.csv,REAL,SCENARIO_INPUT
KAGOSHIMA KO,JP,31.583333,130.566667,WPI_model_ready.csv,REAL,SCENARIO_INPUT
SHIBUSHI WAN,JP,31.466667,131.1,WPI_model_ready.csv,REAL,SCENARIO_INPUT
KIIRE,JP,31.383333,130.55,WPI_model_ready.csv,REAL,SCENARIO_INPUT
MINAMATA KO,JP,32.2,130.383333,WPI_model_ready.csv,REAL,SCENARIO_INPUT
YATSUSHIRO KO,JP,32.5,130.533333,WPI_model_ready.csv,REAL,SCENARIO_INPUT
MISUMI KO,JP,32.6,130.466667,WPI_model_ready.csv,REAL,SCENARIO_INPUT
MIIKE KO,JP,33.0,130.416667,WPI_model_ready.csv,REAL,SCENARIO_INPUT
NAGASAKI,JP,32.716667,129.85,WPI_model_ready.csv,REAL,SCENARIO_INPUT
SASEBO,JP,33.166667,129.716667,WPI_model_ready.csv,REAL,SCENARIO_INPUT
IMARI,JP,33.283333,129.883333,WPI_model_ready.csv,REAL,SCENARIO_INPUT
MELAKA,MY,2.2,102.25,WPI_model_ready.csv,REAL,SCENARIO_INPUT
COLOMBO,LK,6.95,79.85,WPI_model_ready.csv,REAL,SCENARIO_INPUT
GALLE HARBOR,LK,6.016667,80.216667,WPI_model_ready.csv,REAL,SCENARIO_INPUT
BANDAR-E MAHSHAHR,IR,30.466667,49.183333,WPI_model_ready.csv,REAL,SCENARIO_INPUT
BANDAR KHOMEYNI,IR,30.433333,49.083333,WPI_model_ready.csv,REAL,SCENARIO_INPUT
KHARG ISLAND OIL TERMINAL,IR,29.233333,50.333333,WPI_model_ready.csv,REAL,SCENARIO_INPUT
SIRUS OIL TERMINAL,IR,29.016667,49.483333,WPI_model_ready.csv,REAL,SCENARIO_INPUT
BUSHEHR,IR,28.983333,50.833333,WPI_model_ready.csv,REAL,SCENARIO_INPUT
JAZIREH-YE LAVAN OIL TERMINAL,IR,26.783333,53.333333,WPI_model_ready.csv,REAL,SCENARIO_INPUT
JAZIREH-YE HORMOZ,IR,27.1,56.45,WPI_model_ready.csv,REAL,SCENARIO_INPUT
JAZIREH-YE SIRRI,IR,25.9,54.55,WPI_model_ready.csv,REAL,SCENARIO_INPUT
CHAH BAHAR,IR,25.266667,60.616667,WPI_model_ready.csv,REAL,SCENARIO_INPUT
KARACHI,PK,24.783333,66.983333,WPI_model_ready.csv,REAL,SCENARIO_INPUT
MUHAMAMAD BIN QASIM,PK,24.766667,67.35,WPI_model_ready.csv,REAL,SCENARIO_INPUT
MANDVI,IN,22.833333,69.35,WPI_model_ready.csv,REAL,SCENARIO_INPUT
OKHA,IN,22.466667,69.083333,WPI_model_ready.csv,REAL,SCENARIO_INPUT
VERAVAL,IN,20.9,70.366667,WPI_model_ready.csv,REAL,SCENARIO_INPUT
BHAVNAGAR,IN,21.766667,72.233333,WPI_model_ready.csv,REAL,SCENARIO_INPUT
MUMBAI (BOMBAY),IN,18.966667,72.866667,WPI_model_ready.csv,REAL,SCENARIO_INPUT
JAWAHARLAL NEHRU PORT (NHAVA SHIVA),IN,18.95,72.95,WPI_model_ready.csv,REAL,SCENARIO_INPUT
MARMAGAO,IN,15.433333,73.8,WPI_model_ready.csv,REAL,SCENARIO_INPUT
KARWAR,IN,14.816667,74.116667,WPI_model_ready.csv,REAL,SCENARIO_INPUT
AZHIKAL (AZHIKKAL),IN,11.916667,75.3,WPI_model_ready.csv,REAL,SCENARIO_INPUT
CALICUT (KOZHIKODE),IN,11.25,75.766667,WPI_model_ready.csv,REAL,SCENARIO_INPUT
BEYPORE,IN,11.166667,75.8,WPI_model_ready.csv,REAL,SCENARIO_INPUT
KOCHI (COCHIN),IN,9.966667,76.233333,WPI_model_ready.csv,REAL,SCENARIO_INPUT
QUILON (KOLLAM),IN,8.883333,76.583333,WPI_model_ready.csv,REAL,SCENARIO_INPUT
KOLACHEL,IN,8.166667,77.25,WPI_model_ready.csv,REAL,SCENARIO_INPUT
NEATH,GB,51.633333,-3.833333,WPI_model_ready.csv,REAL,SCENARIO_INPUT
PORT TALBOT,GB,51.583333,-3.816667,WPI_model_ready.csv,REAL,SCENARIO_INPUT
BARRY,GB,51.4,-3.266667,WPI_model_ready.csv,REAL,SCENARIO_INPUT
CARDIFF,GB,51.45,-3.166667,WPI_model_ready.csv,REAL,SCENARIO_INPUT
NEWPORT,GB,51.55,-2.983333,WPI_model_ready.csv,REAL,SCENARIO_INPUT
SHARPNESS,GB,51.716667,-2.483333,WPI_model_ready.csv,REAL,SCENARIO_INPUT
AVONMOUTH,GB,51.5,-2.716667,WPI_model_ready.csv,REAL,SCENARIO_INPUT
BRISTOL,GB,51.466667,-2.633333,WPI_model_ready.csv,REAL,SCENARIO_INPUT
BRIDGWATER,GB,51.133333,-3.0,WPI_model_ready.csv,REAL,SCENARIO_INPUT
WATCHET HARBOR,GB,51.183333,-3.333333,WPI_model_ready.csv,REAL,SCENARIO_INPUT
BIDEFORD,GB,51.033333,-4.2,WPI_model_ready.csv,REAL,SCENARIO_INPUT
PADSTOW,GB,50.55,-4.933333,WPI_model_ready.csv,REAL,SCENARIO_INPUT
HAYLE,GB,50.183333,-5.416667,WPI_model_ready.csv,REAL,SCENARIO_INPUT
NEWLYN,GB,50.1,-5.55,WPI_model_ready.csv,REAL,SCENARIO_INPUT
FALMOUTH HARBOUR,GB,50.15,-5.066667,WPI_model_ready.csv,REAL,SCENARIO_INPUT
CHARLESTOWN,GB,50.333333,-4.75,WPI_model_ready.csv,REAL,SCENARIO_INPUT
PAR,GB,50.35,-4.7,WPI_model_ready.csv,REAL,SCENARIO_INPUT
HOLYHEAD,GB,53.316667,-4.633333,WPI_model_ready.csv,REAL,SCENARIO_INPUT
CAERNARVON,GB,53.15,-4.266667,WPI_model_ready.csv,REAL,SCENARIO_INPUT
SLIGO,IE,54.266667,-8.466667,WPI_model_ready.csv,REAL,SCENARIO_INPUT
WESTPORT,IE,53.8,-9.533333,WPI_model_ready.csv,REAL,SCENARIO_INPUT
GALWAY,IE,53.266667,-9.05,WPI_model_ready.csv,REAL,SCENARIO_INPUT
LIMERICK,IE,52.633333,-8.616667,WPI_model_ready.csv,REAL,SCENARIO_INPUT
FOYNES,IE,52.616667,-9.116667,WPI_model_ready.csv,REAL,SCENARIO_INPUT
TARBERT,IE,52.583333,-9.366667,WPI_model_ready.csv,REAL,SCENARIO_INPUT
FENIT,IE,52.266667,-9.866667,WPI_model_ready.csv,REAL,SCENARIO_INPUT
BANTRY,IE,51.683333,-9.45,WPI_model_ready.csv,REAL,SCENARIO_INPUT
COBH,IE,51.85,-8.3,WPI_model_ready.csv,REAL,SCENARIO_INPUT
CORK,IE,51.85,-8.266667,WPI_model_ready.csv,REAL,SCENARIO_INPUT
WATERFORD,IE,52.266667,-7.116667,WPI_model_ready.csv,REAL,SCENARIO_INPUT
ROSSLARE,IE,52.25,-6.333333,WPI_model_ready.csv,REAL,SCENARIO_INPUT
KARATSU,JP,33.483333,129.966667,WPI_model_ready.csv,REAL,SCENARIO_INPUT
HAKATA,JP,33.6,130.4,WPI_model_ready.csv,REAL,SCENARIO_INPUT
IZUHARA,JP,34.2,129.3,WPI_model_ready.csv,REAL,SCENARIO_INPUT
KIN WAN,JP,26.416667,127.9,WPI_model_ready.csv,REAL,SCENARIO_INPUT
NAHA KO,JP,26.216667,127.683333,WPI_model_ready.csv,REAL,SCENARIO_INPUT
HIRARA KO,JP,24.8,125.283333,WPI_model_ready.csv,REAL,SCENARIO_INPUT
ISHIGAKI,JP,24.333333,124.166667,WPI_model_ready.csv,REAL,SCENARIO_INPUT
OKHOTSK IY REYD,RU,59.366667,143.2,WPI_model_ready.csv,REAL,SCENARIO_INPUT
WAKAMATSU KO,JP,33.9,130.816667,WPI_model_ready.csv,REAL,SCENARIO_INPUT
HAGI KO,JP,34.416667,131.4,WPI_model_ready.csv,REAL,SCENARIO_INPUT
HAMADA KO,JP,34.9,132.083333,WPI_model_ready.csv,REAL,SCENARIO_INPUT
SAKAI KO,JP,35.55,133.25,WPI_model_ready.csv,REAL,SCENARIO_INPUT
MIYAZU,JP,35.533333,135.2,WPI_model_ready.csv,REAL,SCENARIO_INPUT
MAIZURU KO,JP,35.516667,135.333333,WPI_model_ready.csv,REAL,SCENARIO_INPUT
KANAZAWA,JP,36.616667,136.6,WPI_model_ready.csv,REAL,SCENARIO_INPUT
NANAO KO,JP,37.05,136.983333,WPI_model_ready.csv,REAL,SCENARIO_INPUT
NIIGATA KO,JP,37.916667,139.05,WPI_model_ready.csv,REAL,SCENARIO_INPUT
RYOTU KO,JP,38.083333,138.566667,WPI_model_ready.csv,REAL,SCENARIO_INPUT
SAKATA KO,JP,38.933333,139.816667,WPI_model_ready.csv,REAL,SCENARIO_INPUT
AKITA-FUNAKAWA KO,JP,39.833333,140.0,WPI_model_ready.csv,REAL,SCENARIO_INPUT
HANNAN KO,JP,34.466667,135.35,WPI_model_ready.csv,REAL,SCENARIO_INPUT
TAKAMATSU,JP,34.35,134.05,WPI_model_ready.csv,REAL,SCENARIO_INPUT
KOMATSUSHIMA,JP,34.016667,134.6,WPI_model_ready.csv,REAL,SCENARIO_INPUT
TACHIBANA,JP,33.866667,134.666667,WPI_model_ready.csv,REAL,SCENARIO_INPUT
KOCHI KO,JP,33.5,133.566667,WPI_model_ready.csv,REAL,SCENARIO_INPUT
SUSAKI KO,JP,33.383333,133.3,WPI_model_ready.csv,REAL,SCENARIO_INPUT
UWAJIMA KO,JP,33.216667,132.566667,WPI_model_ready.csv,REAL,SCENARIO_INPUT
YAWATAHAMA,JP,33.45,132.416667,WPI_model_ready.csv,REAL,SCENARIO_INPUT
MATSUYAMA,JP,33.85,132.7,WPI_model_ready.csv,REAL,SCENARIO_INPUT
KIKUMA KO,JP,34.033333,132.833333,WPI_model_ready.csv,REAL,SCENARIO_INPUT
MUTUREZIMA KO,JP,33.966667,130.866667,WPI_model_ready.csv,REAL,SCENARIO_INPUT
IMABARI KO,JP,34.066667,133.016667,WPI_model_ready.csv,REAL,SCENARIO_INPUT
NIIHAMA,JP,33.983333,133.283333,WPI_model_ready.csv,REAL,SCENARIO_INPUT
MISHIMA-KAWANOE KO,JP,34.0,133.55,WPI_model_ready.csv,REAL,SCENARIO_INPUT
MALE,MV,4.166667,73.5,WPI_model_ready.csv,REAL,SCENARIO_INPUT
ABADAN,IR,30.333333,48.283333,WPI_model_ready.csv,REAL,SCENARIO_INPUT
MINA RAYSUT,OM,16.933333,54.016667,WPI_model_ready.csv,REAL,SCENARIO_INPUT
MINA QABUS,OM,23.633333,58.583333,WPI_model_ready.csv,REAL,SCENARIO_INPUT
MINA AL FAHL,OM,23.633333,58.516667,WPI_model_ready.csv,REAL,SCENARIO_INPUT
FUJAYRAH HARBOR,AE,25.166667,56.333333,WPI_model_ready.csv,REAL,SCENARIO_INPUT
KHAWR FAKKAN,AE,25.35,56.383333,WPI_model_ready.csv,REAL,SCENARIO_INPUT
MINA SAQR,AE,25.983333,56.05,WPI_model_ready.csv,REAL,SCENARIO_INPUT
FATEH OIL TERMINAL,AE,25.583333,54.416667,WPI_model_ready.csv,REAL,SCENARIO_INPUT
MUBARRAZ OIL TERMINAL,AE,24.433333,53.516667,WPI_model_ready.csv,REAL,SCENARIO_INPUT
AL HAMRIYAH LPG TERMINAL,AE,25.466667,55.483333,WPI_model_ready.csv,REAL,SCENARIO_INPUT
DUBAYY,AE,25.266667,55.3,WPI_model_ready.csv,REAL,SCENARIO_INPUT
MINA JABAL ALI,AE,25.016667,55.05,WPI_model_ready.csv,REAL,SCENARIO_INPUT
JAZIRAT DAS,AE,25.15,52.866667,WPI_model_ready.csv,REAL,SCENARIO_INPUT
ABU ZABY,AE,24.5,54.333333,WPI_model_ready.csv,REAL,SCENARIO_INPUT
UMM AN NAR,AE,24.45,54.483333,WPI_model_ready.csv,REAL,SCENARIO_INPUT
JABAL AZ ZANNAH/RUWAYS,AE,24.2,52.7,WPI_model_ready.csv,REAL,SCENARIO_INPUT
UMM SAID,QA,24.916667,51.566667,WPI_model_ready.csv,REAL,SCENARIO_INPUT
DOHA,QA,25.283333,51.533333,WPI_model_ready.csv,REAL,SCENARIO_INPUT
JAZIRAT HALUL,QA,25.683333,52.416667,WPI_model_ready.csv,REAL,SCENARIO_INPUT
SITRAH,BH,26.166667,50.666667,WPI_model_ready.csv,REAL,SCENARIO_INPUT
MINA SALMAN,BH,26.2,50.633333,WPI_model_ready.csv,REAL,SCENARIO_INPUT
DAMMAM,SA,26.5,50.2,WPI_model_ready.csv,REAL,SCENARIO_INPUT
AL JUBAYL,SA,27.083333,49.666667,WPI_model_ready.csv,REAL,SCENARIO_INPUT
RAS  TANNURAH,SA,26.633333,50.166667,WPI_model_ready.csv,REAL,SCENARIO_INPUT
JU AYMAH OIL TERMINAL,SA,26.933333,50.033333,WPI_model_ready.csv,REAL,SCENARIO_INPUT
MINA AZ ZAWR,KW,28.733333,48.4,WPI_model_ready.csv,REAL,SCENARIO_INPUT
MINA ASH SHUAYBAH,KW,29.033333,48.166667,WPI_model_ready.csv,REAL,SCENARIO_INPUT
MINA ABD ALLAH,KW,29.016667,48.166667,WPI_model_ready.csv,REAL,SCENARIO_INPUT
MINA AL AHMADI,KW,29.066667,48.166667,WPI_model_ready.csv,REAL,SCENARIO_INPUT
KHAWR AL AMAYA,IQ,29.783333,48.8,WPI_model_ready.csv,REAL,SCENARIO_INPUT
AL-BASRA OIL TERMINAL,IQ,29.683333,48.816667,WPI_model_ready.csv,REAL,SCENARIO_INPUT
UMM QASR,IQ,30.016667,47.95,WPI_model_ready.csv,REAL,SCENARIO_INPUT
AL BASRAH,IQ,30.516667,47.833333,WPI_model_ready.csv,REAL,SCENARIO_INPUT
KHORRAMSHAHR,IR,30.433333,48.183333,WPI_model_ready.csv,REAL,SCENARIO_INPUT
AL AHMADI,YE,14.833333,42.966667,WPI_model_ready.csv,REAL,SCENARIO_INPUT
ADEN,YE,12.783333,44.95,WPI_model_ready.csv,REAL,SCENARIO_INPUT
AL MUKALLA,YE,14.516667,49.116667,WPI_model_ready.csv,REAL,SCENARIO_INPUT
DUBLIN,IE,53.35,-6.25,WPI_model_ready.csv,REAL,SCENARIO_INPUT
GREENORE,IE,54.033333,-6.133333,WPI_model_ready.csv,REAL,SCENARIO_INPUT
SILLOTH,GB,54.866667,-3.4,WPI_model_ready.csv,REAL,SCENARIO_INPUT
WORKINGTON,GB,54.566667,-3.633333,WPI_model_ready.csv,REAL,SCENARIO_INPUT
BARROW IN FURNESS,GB,54.116667,-3.233333,WPI_model_ready.csv,REAL,SCENARIO_INPUT
HEYSHAM,GB,54.033333,-2.916667,WPI_model_ready.csv,REAL,SCENARIO_INPUT
FLEETWOOD,GB,53.916667,-3.016667,WPI_model_ready.csv,REAL,SCENARIO_INPUT
LIVERPOOL,GB,53.416667,-3.0,WPI_model_ready.csv,REAL,SCENARIO_INPUT
MANCHESTER,GB,53.483333,-2.266667,WPI_model_ready.csv,REAL,SCENARIO_INPUT
RATHMULLAN,IE,55.1,-7.533333,WPI_model_ready.csv,REAL,SCENARIO_INPUT
KILLYBEGS,IE,54.633333,-8.45,WPI_model_ready.csv,REAL,SCENARIO_INPUT
MALLAIG,GB,57.0,-5.816667,WPI_model_ready.csv,REAL,SCENARIO_INPUT
TOBERMORY,GB,56.616667,-6.066667,WPI_model_ready.csv,REAL,SCENARIO_INPUT
CRAIGNURE,GB,56.466667,-5.7,WPI_model_ready.csv,REAL,SCENARIO_INPUT
CORPACH,GB,56.85,-5.116667,WPI_model_ready.csv,REAL,SCENARIO_INPUT
OBAN,GB,56.416667,-5.466667,WPI_model_ready.csv,REAL,SCENARIO_INPUT
PORT ELLEN,GB,55.633333,-6.2,WPI_model_ready.csv,REAL,SCENARIO_INPUT
CRINAN (CANAL),GB,56.083333,-5.566667,WPI_model_ready.csv,REAL,SCENARIO_INPUT
CAMPBELTOWN,GB,55.433333,-5.6,WPI_model_ready.csv,REAL,SCENARIO_INPUT
LAMLASH HARBOR,GB,55.533333,-5.116667,WPI_model_ready.csv,REAL,SCENARIO_INPUT
ARDRISHAIG,GB,56.016667,-5.45,WPI_model_ready.csv,REAL,SCENARIO_INPUT
ROTHESAY HARBOR,GB,55.833333,-5.05,WPI_model_ready.csv,REAL,SCENARIO_INPUT
GREENOCK,GB,55.95,-4.75,WPI_model_ready.csv,REAL,SCENARIO_INPUT
FINNART OIL TERMINAL,GB,56.116667,-4.833333,WPI_model_ready.csv,REAL,SCENARIO_INPUT
BOWLING,GB,55.933333,-4.483333,WPI_model_ready.csv,REAL,SCENARIO_INPUT
OLD KILPATRICK,GB,55.916667,-4.466667,WPI_model_ready.csv,REAL,SCENARIO_INPUT
ROTHESAY DOCK,GB,55.9,-4.4,WPI_model_ready.csv,REAL,SCENARIO_INPUT
RENFREW,GB,55.883333,-4.383333,WPI_model_ready.csv,REAL,SCENARIO_INPUT
GLASGOW,GB,55.866667,-4.283333,WPI_model_ready.csv,REAL,SCENARIO_INPUT
LARGS,GB,55.8,-4.866667,WPI_model_ready.csv,REAL,SCENARIO_INPUT
HUNTERSTON,GB,55.75,-4.883333,WPI_model_ready.csv,REAL,SCENARIO_INPUT
MILLPORT,GB,55.75,-4.916667,WPI_model_ready.csv,REAL,SCENARIO_INPUT
ARDROSSAN,GB,55.65,-4.816667,WPI_model_ready.csv,REAL,SCENARIO_INPUT
TROON,GB,55.55,-4.683333,WPI_model_ready.csv,REAL,SCENARIO_INPUT
AYR,GB,55.466667,-4.633333,WPI_model_ready.csv,REAL,SCENARIO_INPUT
STRANRAER,GB,54.9,-5.033333,WPI_model_ready.csv,REAL,SCENARIO_INPUT
DOUGLAS,GB,54.15,-4.466667,WPI_model_ready.csv,REAL,SCENARIO_INPUT
RAMSEY,GB,54.316667,-4.366667,WPI_model_ready.csv,REAL,SCENARIO_INPUT
ARDGLASS,GB,54.266667,-5.616667,WPI_model_ready.csv,REAL,SCENARIO_INPUT
MARUGAME KO,JP,34.3,133.783333,WPI_model_ready.csv,REAL,SCENARIO_INPUT
UBE KO,JP,33.933333,131.233333,WPI_model_ready.csv,REAL,SCENARIO_INPUT
URAGA KO,JP,35.233333,139.716667,WPI_model_ready.csv,REAL,SCENARIO_INPUT
TAGONOURA KO,JP,35.133333,138.7,WPI_model_ready.csv,REAL,SCENARIO_INPUT
SHIMODA KO,JP,34.666667,138.95,WPI_model_ready.csv,REAL,SCENARIO_INPUT
OMAEZAKI KO,JP,34.6,138.233333,WPI_model_ready.csv,REAL,SCENARIO_INPUT
SHIMIZU KO,JP,35.016667,138.5,WPI_model_ready.csv,REAL,SCENARIO_INPUT
KINUURA KO,JP,34.85,136.95,WPI_model_ready.csv,REAL,SCENARIO_INPUT
GAMAGORI KO,JP,34.816667,137.216667,WPI_model_ready.csv,REAL,SCENARIO_INPUT
NAGOYA KO,JP,35.066667,136.866667,WPI_model_ready.csv,REAL,SCENARIO_INPUT
YOKKAICHI,JP,34.966667,136.633333,WPI_model_ready.csv,REAL,SCENARIO_INPUT
MATSUSAKA,JP,34.6,136.566667,WPI_model_ready.csv,REAL,SCENARIO_INPUT
TOBA,JP,34.483333,136.85,WPI_model_ready.csv,REAL,SCENARIO_INPUT
OWASE KO,JP,34.066667,136.216667,WPI_model_ready.csv,REAL,SCENARIO_INPUT
TANABE KO,JP,33.716667,135.366667,WPI_model_ready.csv,REAL,SCENARIO_INPUT
WAKAYAMA-SHIMOTSU KO,JP,34.2,135.133333,WPI_model_ready.csv,REAL,SCENARIO_INPUT
SAKAI-SENBOKU,JP,34.55,135.433333,WPI_model_ready.csv,REAL,SCENARIO_INPUT
AMAGASAKI,JP,34.7,135.383333,WPI_model_ready.csv,REAL,SCENARIO_INPUT
KOBE,JP,34.65,135.183333,WPI_model_ready.csv,REAL,SCENARIO_INPUT
HIMEJI,JP,34.75,134.633333,WPI_model_ready.csv,REAL,SCENARIO_INPUT
AIOI,JP,34.783333,134.466667,WPI_model_ready.csv,REAL,SCENARIO_INPUT
KAKOGAWA,JP,34.7,134.833333,WPI_model_ready.csv,REAL,SCENARIO_INPUT
UNO KO,JP,34.483333,133.95,WPI_model_ready.csv,REAL,SCENARIO_INPUT
HIBI KO,JP,34.45,133.933333,WPI_model_ready.csv,REAL,SCENARIO_INPUT
MIZUSHIMA KO,JP,34.5,133.75,WPI_model_ready.csv,REAL,SCENARIO_INPUT
ONOMICHI-ITOZAKI,JP,34.383333,133.166667,WPI_model_ready.csv,REAL,SCENARIO_INPUT
KURE,JP,34.233333,132.55,WPI_model_ready.csv,REAL,SCENARIO_INPUT
KANOKAWA KO,JP,34.183333,132.433333,WPI_model_ready.csv,REAL,SCENARIO_INPUT
IWAKUNI KO,JP,34.183333,132.25,WPI_model_ready.csv,REAL,SCENARIO_INPUT
KUDAMATSU,JP,34.0,131.866667,WPI_model_ready.csv,REAL,SCENARIO_INPUT
TOKUYAMA,JP,34.033333,131.816667,WPI_model_ready.csv,REAL,SCENARIO_INPUT
YOKOSUKA KO,JP,35.283333,139.666667,WPI_model_ready.csv,REAL,SCENARIO_INPUT
ALEKSANDROVSK -SAKHALINSKIY,RU,50.9,142.133333,WPI_model_ready.csv,REAL,SCENARIO_INPUT
LAZAREV,RU,52.216667,141.516667,WPI_model_ready.csv,REAL,SCENARIO_INPUT
MOSKAL VO,RU,53.583333,142.5,WPI_model_ready.csv,REAL,SCENARIO_INPUT
MAINTIRANO,MG,-18.066667,44.016667,WPI_model_ready.csv,REAL,SCENARIO_INPUT
FARADOFAY,MG,-25.033333,47.0,WPI_model_ready.csv,REAL,SCENARIO_INPUT
MANAKARA,MG,-22.116667,48.05,WPI_model_ready.csv,REAL,SCENARIO_INPUT
MAROANTSETRA,MG,-15.45,49.816667,WPI_model_ready.csv,REAL,SCENARIO_INPUT
IHARANA,MG,-13.35,50.0,WPI_model_ready.csv,REAL,SCENARIO_INPUT
PORT EST,RE,-20.933333,55.316667,WPI_model_ready.csv,REAL,SCENARIO_INPUT
SAINT-PIERRE,RE,-21.35,55.466667,WPI_model_ready.csv,REAL,SCENARIO_INPUT
DIEGO GARCIA,IO,-7.35,72.466667,WPI_model_ready.csv,REAL,SCENARIO_INPUT
BERBERA,SO,10.45,45.016667,WPI_model_ready.csv,REAL,SCENARIO_INPUT
DJIBOUTI,DJ,11.6,43.133333,WPI_model_ready.csv,REAL,SCENARIO_INPUT
ASSAB,ER,13.0,42.75,WPI_model_ready.csv,REAL,SCENARIO_INPUT
MITSIWA HARBOR,ER,15.616667,39.466667,WPI_model_ready.csv,REAL,SCENARIO_INPUT
PORT SUDAN,SD,19.6,37.233333,WPI_model_ready.csv,REAL,SCENARIO_INPUT
AL QUSAYR,EG,26.1,34.283333,WPI_model_ready.csv,REAL,SCENARIO_INPUT
BUR SAFAGA,EG,26.733333,33.95,WPI_model_ready.csv,REAL,SCENARIO_INPUT
ZEIT BAY TERMINAL,EG,27.833333,33.6,WPI_model_ready.csv,REAL,SCENARIO_INPUT
EL GHARDAQA,EG,27.216667,33.85,WPI_model_ready.csv,REAL,SCENARIO_INPUT
RAS SHUKHIER,EG,28.133333,33.283333,WPI_model_ready.csv,REAL,SCENARIO_INPUT
RAS GHARIB,EG,28.35,33.1,WPI_model_ready.csv,REAL,SCENARIO_INPUT
AS SUWAYS,EG,29.966667,32.55,WPI_model_ready.csv,REAL,SCENARIO_INPUT
EL-ADABIYA,EG,29.866667,32.466667,WPI_model_ready.csv,REAL,SCENARIO_INPUT
EL ISMAILIYA,EG,30.583333,32.283333,WPI_model_ready.csv,REAL,SCENARIO_INPUT
RAS ABU ZANIMAH,EG,29.033333,33.116667,WPI_model_ready.csv,REAL,SCENARIO_INPUT
WADI FEIRAN,EG,28.75,33.2,WPI_model_ready.csv,REAL,SCENARIO_INPUT
ELAT,IL,29.55,34.95,WPI_model_ready.csv,REAL,SCENARIO_INPUT
AL AQABAH,JO,29.516667,35.0,WPI_model_ready.csv,REAL,SCENARIO_INPUT
YANBU,SA,24.083333,38.05,WPI_model_ready.csv,REAL,SCENARIO_INPUT
JIDDAH,SA,21.483333,39.183333,WPI_model_ready.csv,REAL,SCENARIO_INPUT
JIZAN,SA,16.9,42.483333,WPI_model_ready.csv,REAL,SCENARIO_INPUT
SIMONSTOWN,ZA,-34.183333,18.433333,WPI_model_ready.csv,REAL,SCENARIO_INPUT
MOSSEL BAY,ZA,-34.183333,22.15,WPI_model_ready.csv,REAL,SCENARIO_INPUT
PORT ELIZABETH,ZA,-33.966667,25.616667,WPI_model_ready.csv,REAL,SCENARIO_INPUT
BELFAST,GB,54.616667,-5.9,WPI_model_ready.csv,REAL,SCENARIO_INPUT
LARNE,GB,54.85,-5.8,WPI_model_ready.csv,REAL,SCENARIO_INPUT
COLERAINE,GB,55.133333,-6.666667,WPI_model_ready.csv,REAL,SCENARIO_INPUT
LONDONDERRY,GB,55.0,-7.316667,WPI_model_ready.csv,REAL,SCENARIO_INPUT
ORNSAY,GB,57.15,-5.8,WPI_model_ready.csv,REAL,SCENARIO_INPUT
BUCKIE HARBOR,GB,57.683333,-2.966667,WPI_model_ready.csv,REAL,SCENARIO_INPUT
LOSSIEMOUTH,GB,57.716667,-3.283333,WPI_model_ready.csv,REAL,SCENARIO_INPUT
BURGHEAD,GB,57.7,-3.5,WPI_model_ready.csv,REAL,SCENARIO_INPUT
INVERNESS,GB,57.483333,-4.233333,WPI_model_ready.csv,REAL,SCENARIO_INPUT
CROMARTY,GB,57.683333,-4.033333,WPI_model_ready.csv,REAL,SCENARIO_INPUT
INVERGORDON,GB,57.683333,-4.166667,WPI_model_ready.csv,REAL,SCENARIO_INPUT
PORTMAHOMACK HARBOR,GB,57.833333,-3.833333,WPI_model_ready.csv,REAL,SCENARIO_INPUT
HELMSDALE HARBOR,GB,58.116667,-3.65,WPI_model_ready.csv,REAL,SCENARIO_INPUT
WICK,GB,58.433333,-3.083333,WPI_model_ready.csv,REAL,SCENARIO_INPUT
PIEROWALL,GB,59.3,-2.983333,WPI_model_ready.csv,REAL,SCENARIO_INPUT
KETTLETOFT,GB,59.233333,-2.6,WPI_model_ready.csv,REAL,SCENARIO_INPUT
WHITEHALL,GB,59.133333,-2.6,WPI_model_ready.csv,REAL,SCENARIO_INPUT
KIRKWALL,GB,58.983333,-2.966667,WPI_model_ready.csv,REAL,SCENARIO_INPUT
STROMNESS,GB,58.966667,-3.3,WPI_model_ready.csv,REAL,SCENARIO_INPUT
SOUTH NESS,GB,58.8,-3.2,WPI_model_ready.csv,REAL,SCENARIO_INPUT
ST MARGARETS HOPE,GB,58.833333,-2.95,WPI_model_ready.csv,REAL,SCENARIO_INPUT
LYNESS,GB,58.833333,-3.2,WPI_model_ready.csv,REAL,SCENARIO_INPUT
SCAPA BAY,GB,58.95,-2.983333,WPI_model_ready.csv,REAL,SCENARIO_INPUT
SCALLOWAY,GB,60.133333,-1.283333,WPI_model_ready.csv,REAL,SCENARIO_INPUT
LERWICK,GB,60.15,-1.15,WPI_model_ready.csv,REAL,SCENARIO_INPUT
SULLOM VOE,GB,60.466667,-1.3,WPI_model_ready.csv,REAL,SCENARIO_INPUT
TVOROYRI,FO,61.55,-6.8,WPI_model_ready.csv,REAL,SCENARIO_INPUT
TORSHAVN,FO,62.0,-6.75,WPI_model_ready.csv,REAL,SCENARIO_INPUT
KONGSHAVN,FO,62.116667,-6.733333,WPI_model_ready.csv,REAL,SCENARIO_INPUT
VESTMANNA,FO,62.15,-7.166667,WPI_model_ready.csv,REAL,SCENARIO_INPUT
SORVAGUR,FO,62.083333,-7.25,WPI_model_ready.csv,REAL,SCENARIO_INPUT
FUGLAFJORDUR,FO,62.25,-6.8,WPI_model_ready.csv,REAL,SCENARIO_INPUT
KLAKSVIK,FO,62.233333,-6.583333,WPI_model_ready.csv,REAL,SCENARIO_INPUT
SCRABSTER HARBOR,GB,58.616667,-3.55,WPI_model_ready.csv,REAL,SCENARIO_INPUT
ULLAPOOL,GB,57.9,-5.15,WPI_model_ready.csv,REAL,SCENARIO_INPUT
AULTBEA,GB,57.833333,-5.583333,WPI_model_ready.csv,REAL,SCENARIO_INPUT
GAIRLOCH,GB,57.716667,-5.683333,WPI_model_ready.csv,REAL,SCENARIO_INPUT
PLOCKTON,GB,57.333333,-5.65,WPI_model_ready.csv,REAL,SCENARIO_INPUT
KYLE OF LOCHALSH,GB,57.283333,-5.716667,WPI_model_ready.csv,REAL,SCENARIO_INPUT
KYLEAKIN,GB,57.266667,-5.733333,WPI_model_ready.csv,REAL,SCENARIO_INPUT
BROADFORD BAY,GB,57.25,-5.883333,WPI_model_ready.csv,REAL,SCENARIO_INPUT
PORTREE HARBOR,GB,57.416667,-6.2,WPI_model_ready.csv,REAL,SCENARIO_INPUT
PUERTO MIRANDA,VE,10.766667,-71.566667,WPI_model_ready.csv,REAL,SCENARIO_INPUT
LA SALINA,VE,10.366667,-71.466667,WPI_model_ready.csv,REAL,SCENARIO_INPUT
HIROSHIMA,JP,34.35,132.466667,WPI_model_ready.csv,REAL,SCENARIO_INPUT
PUERTO BOLIVAR,CO,12.25,-71.966667,WPI_model_ready.csv,REAL,SCENARIO_INPUT
POZOS COLORADOS,CO,11.15,-74.25,WPI_model_ready.csv,REAL,SCENARIO_INPUT
BARRANQUILLA,CO,10.966667,-74.766667,WPI_model_ready.csv,REAL,SCENARIO_INPUT
BAHIA DE LAS MINAS,PA,9.4,-79.816667,WPI_model_ready.csv,REAL,SCENARIO_INPUT
PUERTO CRISTOBAL,PA,9.35,-79.916667,WPI_model_ready.csv,REAL,SCENARIO_INPUT
PUERTO MOIN,CR,10.0,-83.083333,WPI_model_ready.csv,REAL,SCENARIO_INPUT
BLUEFIELDS,NI,12.016667,-83.75,WPI_model_ready.csv,REAL,SCENARIO_INPUT
TANGIER-MEDITERRANEAN,MA,35.9,-5.516667,WPI_model_ready.csv,REAL,SCENARIO_INPUT
PUERTO ESTE,HN,16.083333,-86.9,WPI_model_ready.csv,REAL,SCENARIO_INPUT
NEUM,BA,42.916667,17.6,WPI_model_ready.csv,REAL,SCENARIO_INPUT
BELIZE CITY,BZ,17.5,-88.183333,WPI_model_ready.csv,REAL,SCENARIO_INPUT
CAMPECHE,MX,19.85,-90.55,WPI_model_ready.csv,REAL,SCENARIO_INPUT
FRONTERA,MX,18.533333,-92.65,WPI_model_ready.csv,REAL,SCENARIO_INPUT
NANCHITAL,MX,18.066667,-94.416667,WPI_model_ready.csv,REAL,SCENARIO_INPUT
MAGDALLA,IN,21.15,72.75,WPI_model_ready.csv,REAL,SCENARIO_INPUT
HAZIRA,IN,21.083333,72.633333,WPI_model_ready.csv,REAL,SCENARIO_INPUT
BEPPU,JP,33.316667,131.516667,WPI_model_ready.csv,REAL,SCENARIO_INPUT
KOKURA KO,JP,33.883333,130.883333,WPI_model_ready.csv,REAL,SCENARIO_INPUT
SHIMONOSEKI,JP,33.933333,130.933333,WPI_model_ready.csv,REAL,SCENARIO_INPUT
RATNAGIRI,IN,16.983333,73.283333,WPI_model_ready.csv,REAL,SCENARIO_INPUT
TRIVANDRUM,IN,8.483333,76.95,WPI_model_ready.csv,REAL,SCENARIO_INPUT
SHIMMINATO,JP,36.766667,137.116667,WPI_model_ready.csv,REAL,SCENARIO_INPUT
GUAYAQUIL,EC,-2.2,-79.883333,WPI_model_ready.csv,REAL,SCENARIO_INPUT
MONTOIR,FR,47.3,-2.133333,WPI_model_ready.csv,REAL,SCENARIO_INPUT
POINT SAN PABLO,US,37.966667,-122.433333,WPI_model_ready.csv,REAL,SCENARIO_INPUT
SAUSALITO,US,37.85,-122.483333,WPI_model_ready.csv,REAL,SCENARIO_INPUT
PINOLE POINT,US,38.016667,-122.366667,WPI_model_ready.csv,REAL,SCENARIO_INPUT
OLEUM,US,38.05,-122.266667,WPI_model_ready.csv,REAL,SCENARIO_INPUT
MARE ISLAND,US,38.1,-122.266667,WPI_model_ready.csv,REAL,SCENARIO_INPUT
SOUTH VALLEJO,US,38.083333,-122.25,WPI_model_ready.csv,REAL,SCENARIO_INPUT
CROCKETT,US,38.05,-122.216667,WPI_model_ready.csv,REAL,SCENARIO_INPUT
PORT COSTA,US,38.05,-122.183333,WPI_model_ready.csv,REAL,SCENARIO_INPUT
BENICIA,US,38.05,-122.15,WPI_model_ready.csv,REAL,SCENARIO_INPUT
MARTINEZ,US,38.033333,-122.133333,WPI_model_ready.csv,REAL,SCENARIO_INPUT
PITTSBURG,US,38.033333,-121.883333,WPI_model_ready.csv,REAL,SCENARIO_INPUT
ANTIOCH,US,38.016667,-121.8,WPI_model_ready.csv,REAL,SCENARIO_INPUT
STOCKTON,US,37.95,-121.3,WPI_model_ready.csv,REAL,SCENARIO_INPUT
RIO VISTA,US,38.15,-121.7,WPI_model_ready.csv,REAL,SCENARIO_INPUT
ISLETON,US,38.166667,-121.6,WPI_model_ready.csv,REAL,SCENARIO_INPUT
WALNUT GROVE,US,38.233333,-121.516667,WPI_model_ready.csv,REAL,SCENARIO_INPUT
COURTLAND,US,38.333333,-121.566667,WPI_model_ready.csv,REAL,SCENARIO_INPUT
SACRAMENTO,US,38.583333,-121.5,WPI_model_ready.csv,REAL,SCENARIO_INPUT
BODEGA BAY,US,38.333333,-123.05,WPI_model_ready.csv,REAL,SCENARIO_INPUT
FORT BRAGG,US,39.45,-123.816667,WPI_model_ready.csv,REAL,SCENARIO_INPUT
FIELDS LANDING,US,40.716667,-124.216667,WPI_model_ready.csv,REAL,SCENARIO_INPUT
EUREKA,US,40.8,-124.183333,WPI_model_ready.csv,REAL,SCENARIO_INPUT
SAMOA,US,40.816667,-124.183333,WPI_model_ready.csv,REAL,SCENARIO_INPUT
CRESCENT CITY,US,41.75,-124.2,WPI_model_ready.csv,REAL,SCENARIO_INPUT
PORT ORFORD,US,42.733333,-124.5,WPI_model_ready.csv,REAL,SCENARIO_INPUT
BANDON,US,43.116667,-124.416667,WPI_model_ready.csv,REAL,SCENARIO_INPUT
PROSPER,US,43.15,-124.366667,WPI_model_ready.csv,REAL,SCENARIO_INPUT
EMPIRE,US,43.4,-124.283333,WPI_model_ready.csv,REAL,SCENARIO_INPUT
NORTH BEND,US,43.4,-124.216667,WPI_model_ready.csv,REAL,SCENARIO_INPUT
COOS BAY,US,43.366667,-124.216667,WPI_model_ready.csv,REAL,SCENARIO_INPUT
WINCHESTER BAY,US,43.683333,-124.183333,WPI_model_ready.csv,REAL,SCENARIO_INPUT
GARDINER,US,43.716667,-124.1,WPI_model_ready.csv,REAL,SCENARIO_INPUT
REEDSPORT,US,43.7,-124.1,WPI_model_ready.csv,REAL,SCENARIO_INPUT
FLORENCE,US,43.966667,-124.116667,WPI_model_ready.csv,REAL,SCENARIO_INPUT
GLENADA,US,43.966667,-124.116667,WPI_model_ready.csv,REAL,SCENARIO_INPUT
CUSHMAN,US,43.983333,-124.066667,WPI_model_ready.csv,REAL,SCENARIO_INPUT
WALDPORT,US,44.433333,-124.066667,WPI_model_ready.csv,REAL,SCENARIO_INPUT
NEWPORT,US,44.633333,-124.05,WPI_model_ready.csv,REAL,SCENARIO_INPUT
TOLEDO,US,44.616667,-123.933333,WPI_model_ready.csv,REAL,SCENARIO_INPUT
DEPOE BAY,US,44.8,-124.066667,WPI_model_ready.csv,REAL,SCENARIO_INPUT
ILWACO,US,46.3,-124.05,WPI_model_ready.csv,REAL,SCENARIO_INPUT
PRINCETOWN,US,37.5,-122.483333,WPI_model_ready.csv,REAL,SCENARIO_INPUT
PUERTO VALLARTA,MX,20.616667,-105.266667,WPI_model_ready.csv,REAL,SCENARIO_INPUT
MAZATLAN,MX,23.2,-106.416667,WPI_model_ready.csv,REAL,SCENARIO_INPUT
TOPOLOBAMPO,MX,25.6,-109.066667,WPI_model_ready.csv,REAL,SCENARIO_INPUT
GUAYMAS,MX,27.916667,-110.916667,WPI_model_ready.csv,REAL,SCENARIO_INPUT
SANTA ROSALIA,MX,27.333333,-112.283333,WPI_model_ready.csv,REAL,SCENARIO_INPUT
MONHEGAN,US,43.766667,-69.316667,WPI_model_ready.csv,REAL,SCENARIO_INPUT
PORT CLYDE,US,43.916667,-69.25,WPI_model_ready.csv,REAL,SCENARIO_INPUT
THOMASTON,US,44.066667,-69.183333,WPI_model_ready.csv,REAL,SCENARIO_INPUT
FRIENDSHIP,US,43.966667,-69.333333,WPI_model_ready.csv,REAL,SCENARIO_INPUT
NEW HARBOR,US,43.866667,-69.483333,WPI_model_ready.csv,REAL,SCENARIO_INPUT
PEMAQUID BEACH,US,43.866667,-69.533333,WPI_model_ready.csv,REAL,SCENARIO_INPUT
SOUTH BRISTOL,US,43.866667,-69.55,WPI_model_ready.csv,REAL,SCENARIO_INPUT
BOOTHBAY HARBOR,US,43.866667,-69.583333,WPI_model_ready.csv,REAL,SCENARIO_INPUT
ROBINHOOD,US,43.85,-69.733333,WPI_model_ready.csv,REAL,SCENARIO_INPUT
BATH,US,43.916667,-69.816667,WPI_model_ready.csv,REAL,SCENARIO_INPUT
GARDINER,US,44.233333,-69.766667,WPI_model_ready.csv,REAL,SCENARIO_INPUT
AUGUSTA,US,44.316667,-69.766667,WPI_model_ready.csv,REAL,SCENARIO_INPUT
CUNDY HARBOR,US,43.783333,-69.9,WPI_model_ready.csv,REAL,SCENARIO_INPUT
SOUTH HARPSWELL,US,43.733333,-70.016667,WPI_model_ready.csv,REAL,SCENARIO_INPUT
PORTLAND,US,43.666667,-70.25,WPI_model_ready.csv,REAL,SCENARIO_INPUT
SACO,US,43.5,-70.45,WPI_model_ready.csv,REAL,SCENARIO_INPUT
KENNEBUNKPORT,US,43.366667,-70.466667,WPI_model_ready.csv,REAL,SCENARIO_INPUT
PORTSMOUTH,US,43.083333,-70.75,WPI_model_ready.csv,REAL,SCENARIO_INPUT
COREA,US,44.4,-67.966667,WPI_model_ready.csv,REAL,SCENARIO_INPUT
GOLDSBORO,CA,45.183333,-61.65,WPI_model_ready.csv,REAL,SCENARIO_INPUT
STORMONT,CA,45.216667,-61.716667,WPI_model_ready.csv,REAL,SCENARIO_INPUT
SONORA,CA,45.066667,-61.916667,WPI_model_ready.csv,REAL,SCENARIO_INPUT
MUSQUODOBOIT HARBOUR,CA,44.783333,-63.15,WPI_model_ready.csv,REAL,SCENARIO_INPUT
HALIFAX,CA,44.65,-63.583333,WPI_model_ready.csv,REAL,SCENARIO_INPUT
SAMBRO,CA,44.466667,-63.6,WPI_model_ready.csv,REAL,SCENARIO_INPUT
LUNENBURG,CA,44.383333,-64.316667,WPI_model_ready.csv,REAL,SCENARIO_INPUT
LOCKEPORT,CA,43.7,-65.116667,WPI_model_ready.csv,REAL,SCENARIO_INPUT
DIGBY,CA,44.616667,-65.766667,WPI_model_ready.csv,REAL,SCENARIO_INPUT
ANNAPOLIS ROYAL,CA,44.75,-65.516667,WPI_model_ready.csv,REAL,SCENARIO_INPUT
WINDSOR,CA,45.0,-64.15,WPI_model_ready.csv,REAL,SCENARIO_INPUT
ST JOHN,CA,45.266667,-66.05,WPI_model_ready.csv,REAL,SCENARIO_INPUT
PORT BAYSIDE NB,CA,45.15,-67.133333,WPI_model_ready.csv,REAL,SCENARIO_INPUT
EASTPORT,US,44.9,-66.983333,WPI_model_ready.csv,REAL,SCENARIO_INPUT
LUBEC,US,44.866667,-66.983333,WPI_model_ready.csv,REAL,SCENARIO_INPUT
MACHIASPORT,US,44.7,-67.4,WPI_model_ready.csv,REAL,SCENARIO_INPUT
MACHIAS,US,44.716667,-67.466667,WPI_model_ready.csv,REAL,SCENARIO_INPUT
JONESPORT,US,44.533333,-67.616667,WPI_model_ready.csv,REAL,SCENARIO_INPUT
WYMAN,US,44.516667,-67.866667,WPI_model_ready.csv,REAL,SCENARIO_INPUT
MILBRIDGE,US,44.533333,-67.883333,WPI_model_ready.csv,REAL,SCENARIO_INPUT
CANSO,CA,45.333333,-61.0,WPI_model_ready.csv,REAL,SCENARIO_INPUT
PORT WING,US,46.783333,-91.383333,WPI_model_ready.csv,REAL,SCENARIO_INPUT
KERTEMINDE,DK,55.45,10.666667,WPI_model_ready.csv,REAL,SCENARIO_INPUT
CUETA,ES,35.9,-5.316667,WPI_model_ready.csv,REAL,SCENARIO_INPUT
INKOO,FI,60.016667,23.916667,WPI_model_ready.csv,REAL,SCENARIO_INPUT
TOLKKINEN,FI,60.033333,25.583333,WPI_model_ready.csv,REAL,SCENARIO_INPUT
RAHJA,FI,64.2,23.733333,WPI_model_ready.csv,REAL,SCENARIO_INPUT
PORT D AL HOCEIMA,MA,35.25,-3.916667,WPI_model_ready.csv,REAL,SCENARIO_INPUT
RABIGH,SA,22.733333,38.983333,WPI_model_ready.csv,REAL,SCENARIO_INPUT
BROFJORDEN,SE,58.383333,11.416667,WPI_model_ready.csv,REAL,SCENARIO_INPUT
STENUNGSUND,SE,58.066667,11.833333,WPI_model_ready.csv,REAL,SCENARIO_INPUT
MUUGA-PORT OF TALLIN,EE,59.5,24.95,WPI_model_ready.csv,REAL,SCENARIO_INPUT
FAGERSTRAND,NO,59.733333,10.6,WPI_model_ready.csv,REAL,SCENARIO_INPUT
GWADAR,PK,25.133333,62.3,WPI_model_ready.csv,REAL,SCENARIO_INPUT
NEW MANGALORE,IN,12.916667,74.816667,WPI_model_ready.csv,REAL,SCENARIO_INPUT
PETCHBURI TERMINAL,TH,13.166667,100.15,WPI_model_ready.csv,REAL,SCENARIO_INPUT
RAYONG TPI TERMINAL,TH,12.633333,101.3,WPI_model_ready.csv,REAL,SCENARIO_INPUT
SIAM SEAPORT,TH,13.133333,100.883333,WPI_model_ready.csv,REAL,SCENARIO_INPUT
LUMUT,MY,4.233333,100.633333,WPI_model_ready.csv,REAL,SCENARIO_INPUT
TAWA,MY,4.25,117.883333,WPI_model_ready.csv,REAL,SCENARIO_INPUT
TELUK ANSON,MY,4.016667,101.016667,WPI_model_ready.csv,REAL,SCENARIO_INPUT
KAMARAJAR PORT,IN,13.266667,80.316667,WPI_model_ready.csv,REAL,SCENARIO_INPUT
LUMUT,BN,4.716667,114.45,WPI_model_ready.csv,REAL,SCENARIO_INPUT
SIKKA,IN,22.433333,69.833333,WPI_model_ready.csv,REAL,SCENARIO_INPUT
MUNDRA,IN,22.733333,69.7,WPI_model_ready.csv,REAL,SCENARIO_INPUT
DAHEJ,IN,21.7,72.533333,WPI_model_ready.csv,REAL,SCENARIO_INPUT
JABUNG BATANGHARI MARINE TERMINAL,ID,-0.916667,104.066667,WPI_model_ready.csv,REAL,SCENARIO_INPUT
KUALA KAPUS,ID,3.0,114.366667,WPI_model_ready.csv,REAL,SCENARIO_INPUT
LALANG MARINE TERMINAL,ID,1.183333,102.216667,WPI_model_ready.csv,REAL,SCENARIO_INPUT
PAREPARE,ID,-4.0,119.616667,WPI_model_ready.csv,REAL,SCENARIO_INPUT
BELANAK FIELD TERMINAL,ID,4.15,106.25,WPI_model_ready.csv,REAL,SCENARIO_INPUT
BELIDA MARINE TERMINAL,ID,4.133333,105.133333,WPI_model_ready.csv,REAL,SCENARIO_INPUT
TANJUNG BENETE,ID,-8.9,116.75,WPI_model_ready.csv,REAL,SCENARIO_INPUT
CELUKAN BAWANG,ID,-8.183333,114.833333,WPI_model_ready.csv,REAL,SCENARIO_INPUT
ZAFARANA TERMINAL,EG,29.166667,32.683333,WPI_model_ready.csv,REAL,SCENARIO_INPUT
ZEIT BAY LPG TERMINAL,EG,27.8,33.566667,WPI_model_ready.csv,REAL,SCENARIO_INPUT
WHITSTABLE,GB,51.366667,1.033333,WPI_model_ready.csv,REAL,SCENARIO_INPUT
SHEERNESS,GB,51.45,0.75,WPI_model_ready.csv,REAL,SCENARIO_INPUT
THAMESPORT,GB,51.433333,0.7,WPI_model_ready.csv,REAL,SCENARIO_INPUT
CHATHAM DOCKS,GB,51.4,0.55,WPI_model_ready.csv,REAL,SCENARIO_INPUT
GRAVESEND,GB,51.45,0.366667,WPI_model_ready.csv,REAL,SCENARIO_INPUT
LONDON,GB,51.5,-0.083333,WPI_model_ready.csv,REAL,SCENARIO_INPUT
COLCHESTER,GB,51.883333,0.916667,WPI_model_ready.csv,REAL,SCENARIO_INPUT
HARWICH,GB,51.95,1.283333,WPI_model_ready.csv,REAL,SCENARIO_INPUT
IPSWICH,GB,52.05,1.166667,WPI_model_ready.csv,REAL,SCENARIO_INPUT
LOWESTOFT,GB,52.483333,1.75,WPI_model_ready.csv,REAL,SCENARIO_INPUT
GREAT YARMOUTH,GB,52.616667,1.733333,WPI_model_ready.csv,REAL,SCENARIO_INPUT
KING'S LYNN,GB,52.75,0.4,WPI_model_ready.csv,REAL,SCENARIO_INPUT
BOSTON,GB,52.966667,-0.016667,WPI_model_ready.csv,REAL,SCENARIO_INPUT
GRIMSBY,GB,53.583333,-0.066667,WPI_model_ready.csv,REAL,SCENARIO_INPUT
IMMINGHAM,GB,53.633333,-0.2,WPI_model_ready.csv,REAL,SCENARIO_INPUT
KINGSTON UPON HULL,GB,53.75,-0.283333,WPI_model_ready.csv,REAL,SCENARIO_INPUT
GOOLE,GB,53.7,-0.833333,WPI_model_ready.csv,REAL,SCENARIO_INPUT
BRIDLINGTON,GB,54.083333,-0.183333,WPI_model_ready.csv,REAL,SCENARIO_INPUT
SCARBOROUGH,GB,54.283333,-0.4,WPI_model_ready.csv,REAL,SCENARIO_INPUT
WHITBY,GB,54.483333,-0.616667,WPI_model_ready.csv,REAL,SCENARIO_INPUT
ROTTERDAM,NL,51.9,4.483333,WPI_model_ready.csv,REAL,SCENARIO_INPUT
RINGKOBING,DK,56.083333,8.25,WPI_model_ready.csv,REAL,SCENARIO_INPUT
ESBJERG,DK,55.466667,8.45,WPI_model_ready.csv,REAL,SCENARIO_INPUT
HUSUM,DE,54.483333,9.05,WPI_model_ready.csv,REAL,SCENARIO_INPUT
BRUNSBUTTEL ELBAHAFEN,DE,53.883333,9.166667,WPI_model_ready.csv,REAL,SCENARIO_INPUT
BRUNSBUTTEL CANAL TERMINALS,DE,53.9,9.15,WPI_model_ready.csv,REAL,SCENARIO_INPUT
RENDSBURG,DE,54.3,9.683333,WPI_model_ready.csv,REAL,SCENARIO_INPUT
GLUCKSTADT,DE,53.783333,9.416667,WPI_model_ready.csv,REAL,SCENARIO_INPUT
HAMBURG,DE,53.55,9.933333,WPI_model_ready.csv,REAL,SCENARIO_INPUT
CUXHAVEN,DE,53.866667,8.716667,WPI_model_ready.csv,REAL,SCENARIO_INPUT
BREMERHAVEN,DE,53.533333,8.583333,WPI_model_ready.csv,REAL,SCENARIO_INPUT
NORDENHAM,DE,53.483333,8.483333,WPI_model_ready.csv,REAL,SCENARIO_INPUT
BRAKE,DE,53.333333,8.483333,WPI_model_ready.csv,REAL,SCENARIO_INPUT
ELSFLETH,DE,53.233333,8.466667,WPI_model_ready.csv,REAL,SCENARIO_INPUT
OLDENBURG,DE,53.116667,8.216667,WPI_model_ready.csv,REAL,SCENARIO_INPUT
BREMEN,DE,53.133333,8.766667,WPI_model_ready.csv,REAL,SCENARIO_INPUT
WILHELMSHAVEN,DE,53.533333,8.166667,WPI_model_ready.csv,REAL,SCENARIO_INPUT
EMDEN,DE,53.333333,7.183333,WPI_model_ready.csv,REAL,SCENARIO_INPUT
LEER,DE,53.233333,7.45,WPI_model_ready.csv,REAL,SCENARIO_INPUT
PAPENBURG,DE,53.1,7.383333,WPI_model_ready.csv,REAL,SCENARIO_INPUT
DELFZIJL,NL,53.333333,6.933333,WPI_model_ready.csv,REAL,SCENARIO_INPUT
HARLINGEN,NL,53.183333,5.416667,WPI_model_ready.csv,REAL,SCENARIO_INPUT
DEN HELDER,NL,52.966667,4.783333,WPI_model_ready.csv,REAL,SCENARIO_INPUT
ISLA SAN MARCOS,MX,27.183333,-112.1,WPI_model_ready.csv,REAL,SCENARIO_INPUT
SAN JUAN DE LA COSTA,MX,24.4,-110.7,WPI_model_ready.csv,REAL,SCENARIO_INPUT
LA PAZ,MX,24.166667,-110.316667,WPI_model_ready.csv,REAL,SCENARIO_INPUT
ENSENADA,MX,31.866667,-116.633333,WPI_model_ready.csv,REAL,SCENARIO_INPUT
ROSARITO,MX,32.366667,-117.1,WPI_model_ready.csv,REAL,SCENARIO_INPUT
SAN DIEGO,US,32.716667,-117.183333,WPI_model_ready.csv,REAL,SCENARIO_INPUT
WILSON COVE,US,33.0,-118.55,WPI_model_ready.csv,REAL,SCENARIO_INPUT
ISTHMUS COVE,US,33.45,-118.5,WPI_model_ready.csv,REAL,SCENARIO_INPUT
AVALON,US,33.35,-118.316667,WPI_model_ready.csv,REAL,SCENARIO_INPUT
NEWPORT BEACH,US,33.616667,-117.9,WPI_model_ready.csv,REAL,SCENARIO_INPUT
LONG BEACH,US,33.766667,-118.183333,WPI_model_ready.csv,REAL,SCENARIO_INPUT
LOS ANGELES,US,33.75,-118.25,WPI_model_ready.csv,REAL,SCENARIO_INPUT
EL SEGUNDO,US,33.916667,-118.433333,WPI_model_ready.csv,REAL,SCENARIO_INPUT
PORT HUENEME,US,34.15,-119.2,WPI_model_ready.csv,REAL,SCENARIO_INPUT
PRISONERS,US,34.016667,-119.683333,WPI_model_ready.csv,REAL,SCENARIO_INPUT
VENTURA,US,34.283333,-119.283333,WPI_model_ready.csv,REAL,SCENARIO_INPUT
CARPINTERIA,US,34.383333,-119.516667,WPI_model_ready.csv,REAL,SCENARIO_INPUT
SANTA BARBARA,US,34.416667,-119.683333,WPI_model_ready.csv,REAL,SCENARIO_INPUT
ELLWOOD,US,34.433333,-119.916667,WPI_model_ready.csv,REAL,SCENARIO_INPUT
GAVIOTA,US,34.466667,-120.2,WPI_model_ready.csv,REAL,SCENARIO_INPUT
PISMO BEACH,US,35.133333,-120.65,WPI_model_ready.csv,REAL,SCENARIO_INPUT
PORT SAN LUIS,US,35.166667,-120.75,WPI_model_ready.csv,REAL,SCENARIO_INPUT
MORRO BAY,US,35.366667,-120.85,WPI_model_ready.csv,REAL,SCENARIO_INPUT
MONTEREY,US,36.616667,-121.883333,WPI_model_ready.csv,REAL,SCENARIO_INPUT
MOSS LANDING,US,36.8,-121.783333,WPI_model_ready.csv,REAL,SCENARIO_INPUT
SANTA CRUZ,US,36.966667,-122.016667,WPI_model_ready.csv,REAL,SCENARIO_INPUT
DAVENPORT,US,37.016667,-122.2,WPI_model_ready.csv,REAL,SCENARIO_INPUT
ACAPULCO,MX,16.85,-99.933333,WPI_model_ready.csv,REAL,SCENARIO_INPUT
LAZARO CARDENAS,MX,17.933333,-102.166667,WPI_model_ready.csv,REAL,SCENARIO_INPUT
MANZANILLO,MX,19.05,-104.316667,WPI_model_ready.csv,REAL,SCENARIO_INPUT
CALETA LOBITOS,PE,-4.45,-81.283333,WPI_model_ready.csv,REAL,SCENARIO_INPUT
PUERTO CABO BLANCO,PE,-4.25,-81.233333,WPI_model_ready.csv,REAL,SCENARIO_INPUT
PUERTO BOLIVAR,EC,-3.266667,-80.0,WPI_model_ready.csv,REAL,SCENARIO_INPUT
PUERTO MARITIMO DE GUAYAQUIL,EC,-2.283333,-79.9,WPI_model_ready.csv,REAL,SCENARIO_INPUT
LA LIBERTAD,EC,-2.216667,-80.916667,WPI_model_ready.csv,REAL,SCENARIO_INPUT
MANTA,EC,-0.95,-80.716667,WPI_model_ready.csv,REAL,SCENARIO_INPUT
ESMERALDAS,EC,1.0,-79.65,WPI_model_ready.csv,REAL,SCENARIO_INPUT
TUMACO,CO,1.816667,-78.75,WPI_model_ready.csv,REAL,SCENARIO_INPUT
BUENAVENTURA,CO,3.883333,-77.066667,WPI_model_ready.csv,REAL,SCENARIO_INPUT
BALBOA,PA,8.95,-79.566667,WPI_model_ready.csv,REAL,SCENARIO_INPUT
PEDREGAL,PA,8.35,-82.433333,WPI_model_ready.csv,REAL,SCENARIO_INPUT
PUERTO ARMUELLES,PA,8.266667,-82.85,WPI_model_ready.csv,REAL,SCENARIO_INPUT
SUPERIOR,US,46.733333,-92.066667,WPI_model_ready.csv,REAL,SCENARIO_INPUT
DULUTH,US,46.766667,-92.1,WPI_model_ready.csv,REAL,SCENARIO_INPUT
TWO HARBORS,US,47.016667,-91.65,WPI_model_ready.csv,REAL,SCENARIO_INPUT
GRAND MARAIS,US,47.75,-90.333333,WPI_model_ready.csv,REAL,SCENARIO_INPUT
WASHINGTON HARBOR,US,47.916667,-89.15,WPI_model_ready.csv,REAL,SCENARIO_INPUT
DOUGLASTOWN,CA,48.766667,-64.383333,WPI_model_ready.csv,REAL,SCENARIO_INPUT
CHANDLER,CA,48.366667,-64.666667,WPI_model_ready.csv,REAL,SCENARIO_INPUT
CARAQUET,CA,47.8,-64.933333,WPI_model_ready.csv,REAL,SCENARIO_INPUT
SHIPPEGAN,CA,47.75,-64.7,WPI_model_ready.csv,REAL,SCENARIO_INPUT
SHEDIAC,CA,46.216667,-64.55,WPI_model_ready.csv,REAL,SCENARIO_INPUT
ALBERTON,CA,46.8,-64.066667,WPI_model_ready.csv,REAL,SCENARIO_INPUT
GEORGETOWN,CA,46.183333,-62.533333,WPI_model_ready.csv,REAL,SCENARIO_INPUT
SUMMERSIDE,CA,46.4,-63.783333,WPI_model_ready.csv,REAL,SCENARIO_INPUT
PICTOU,CA,45.666667,-62.716667,WPI_model_ready.csv,REAL,SCENARIO_INPUT
PORT HAWKESBURY,CA,45.616667,-61.366667,WPI_model_ready.csv,REAL,SCENARIO_INPUT
PORT HASTINGS,CA,45.65,-61.4,WPI_model_ready.csv,REAL,SCENARIO_INPUT
CHETICAMP,CA,46.633333,-61.0,WPI_model_ready.csv,REAL,SCENARIO_INPUT
WHYCOCOMAGH,CA,45.966667,-61.133333,WPI_model_ready.csv,REAL,SCENARIO_INPUT
GRAND NARROWS,CA,45.95,-60.783333,WPI_model_ready.csv,REAL,SCENARIO_INPUT
LITTLE BRAS D OR,CA,46.25,-60.3,WPI_model_ready.csv,REAL,SCENARIO_INPUT
NORTH SYDNEY,CA,46.216667,-60.25,WPI_model_ready.csv,REAL,SCENARIO_INPUT
ARICHAT,CA,45.516667,-61.016667,WPI_model_ready.csv,REAL,SCENARIO_INPUT
GUYSBOROUGH,CA,45.4,-61.5,WPI_model_ready.csv,REAL,SCENARIO_INPUT
CORNUCOPIA,US,46.866667,-91.1,WPI_model_ready.csv,REAL,SCENARIO_INPUT
STURGEON BAY,US,44.833333,-87.383333,WPI_model_ready.csv,REAL,SCENARIO_INPUT
GREEN BAY,US,44.516667,-88.016667,WPI_model_ready.csv,REAL,SCENARIO_INPUT
DEPERE,US,44.45,-88.066667,WPI_model_ready.csv,REAL,SCENARIO_INPUT
KAUKAUNA,US,44.283333,-88.266667,WPI_model_ready.csv,REAL,SCENARIO_INPUT
OCONTO,US,44.9,-87.833333,WPI_model_ready.csv,REAL,SCENARIO_INPUT
MARINETTE,US,45.083333,-87.6,WPI_model_ready.csv,REAL,SCENARIO_INPUT
MENOMINEE,US,45.1,-87.6,WPI_model_ready.csv,REAL,SCENARIO_INPUT
ESCANABA,US,45.766667,-87.05,WPI_model_ready.csv,REAL,SCENARIO_INPUT
GLADSTONE,US,45.85,-87.016667,WPI_model_ready.csv,REAL,SCENARIO_INPUT
NAHMA,US,45.833333,-86.666667,WPI_model_ready.csv,REAL,SCENARIO_INPUT
MANISTIQUE,US,45.95,-86.25,WPI_model_ready.csv,REAL,SCENARIO_INPUT
PORT INLAND,US,45.966667,-85.866667,WPI_model_ready.csv,REAL,SCENARIO_INPUT
GOULAIS BAY,CA,46.733333,-84.5,WPI_model_ready.csv,REAL,SCENARIO_INPUT
BATCHAWANA BAY,CA,46.916667,-84.6,WPI_model_ready.csv,REAL,SCENARIO_INPUT
EAST ZEIT TERMINAL,EG,27.85,33.6,WPI_model_ready.csv,REAL,SCENARIO_INPUT
SHARM EL SHEIKH,EG,27.85,34.283333,WPI_model_ready.csv,REAL,SCENARIO_INPUT
EL TUR HARBOR,EG,28.233333,33.616667,WPI_model_ready.csv,REAL,SCENARIO_INPUT
NUWEIBA EL MUZEIMA,EG,28.966667,34.65,WPI_model_ready.csv,REAL,SCENARIO_INPUT
SHARMAH,SA,27.933333,35.25,WPI_model_ready.csv,REAL,SCENARIO_INPUT
DUBA,SA,27.566667,35.533333,WPI_model_ready.csv,REAL,SCENARIO_INPUT
DUBA BULK PLANT TANKER TERMINAL,SA,27.316667,35.9,WPI_model_ready.csv,REAL,SCENARIO_INPUT
NORTH AIN SUKHNA PORT,EG,29.65,32.366667,WPI_model_ready.csv,REAL,SCENARIO_INPUT
RAS BADRAN OIL TERMINAL,EG,28.95,33.166667,WPI_model_ready.csv,REAL,SCENARIO_INPUT
SOKHNA PORT GAS TANKER TERMINAL,EG,29.683333,32.366667,WPI_model_ready.csv,REAL,SCENARIO_INPUT
BANDAR-E PARS TERMINAL,IR,27.533333,52.533333,WPI_model_ready.csv,REAL,SCENARIO_INPUT
BARKAN OIL-LOADING TERMINAL,IR,29.733333,50.166667,WPI_model_ready.csv,REAL,SCENARIO_INPUT
KHAWR AL ZUBAIR,IQ,30.183333,47.9,WPI_model_ready.csv,REAL,SCENARIO_INPUT
KHAWR AL ZUBAIR LNG TERMINAL,IQ,30.133333,47.916667,WPI_model_ready.csv,REAL,SCENARIO_INPUT
JU AYMAH LPG TERMINAL,SA,26.866667,50.05,WPI_model_ready.csv,REAL,SCENARIO_INPUT
RAS AL GHAR,SA,26.9,49.866667,WPI_model_ready.csv,REAL,SCENARIO_INPUT
HULAYLAH OIL TERMINAL,AE,25.983333,55.933333,WPI_model_ready.csv,REAL,SCENARIO_INPUT
RUDUM TERMINAL,YE,13.983333,47.916667,WPI_model_ready.csv,REAL,SCENARIO_INPUT
BALHAF,YE,13.966667,48.183333,WPI_model_ready.csv,REAL,SCENARIO_INPUT
PORT DALRYMPLE,AU,-41.133333,146.833333,WPI_model_ready.csv,REAL,SCENARIO_INPUT
CAPE CUVIER,AU,-24.216667,113.383333,WPI_model_ready.csv,REAL,SCENARIO_INPUT
KLEIN POINT,AU,-34.966667,137.766667,WPI_model_ready.csv,REAL,SCENARIO_INPUT
USELESS LOOP,AU,-26.083333,113.4,WPI_model_ready.csv,REAL,SCENARIO_INPUT
BARBER'S POINT,US,21.316667,-158.116667,WPI_model_ready.csv,REAL,SCENARIO_INPUT
PORT NORO,SB,-8.216667,157.183333,WPI_model_ready.csv,REAL,SCENARIO_INPUT
THANH HOA,VN,10.816667,106.766667,WPI_model_ready.csv,REAL,SCENARIO_INPUT
NGHE TINH,VN,18.766667,105.766667,WPI_model_ready.csv,REAL,SCENARIO_INPUT
PORTO DI CHIOGGIA,IT,45.233333,12.3,WPI_model_ready.csv,REAL,SCENARIO_INPUT
CAT LAI,VN,10.75,106.783333,WPI_model_ready.csv,REAL,SCENARIO_INPUT
MAILIAO,TW,23.783333,120.166667,WPI_model_ready.csv,REAL,SCENARIO_INPUT
CHAOZHOU,CN,23.616667,117.083333,WPI_model_ready.csv,REAL,SCENARIO_INPUT
CHANGSHU,CN,31.766667,120.95,WPI_model_ready.csv,REAL,SCENARIO_INPUT
DANDONG,CN,39.816667,124.15,WPI_model_ready.csv,REAL,SCENARIO_INPUT
HUIZHOU,CN,22.716667,114.516667,WPI_model_ready.csv,REAL,SCENARIO_INPUT
DONGSHAN,CN,23.75,117.516667,WPI_model_ready.csv,REAL,SCENARIO_INPUT
LANSHAN,CN,30.1,119.366667,WPI_model_ready.csv,REAL,SCENARIO_INPUT
PENGLAI,CN,37.816667,120.833333,WPI_model_ready.csv,REAL,SCENARIO_INPUT
QUANZHOU,CN,24.883333,118.6,WPI_model_ready.csv,REAL,SCENARIO_INPUT
RIZHAO,CN,35.383333,119.566667,WPI_model_ready.csv,REAL,SCENARIO_INPUT
TAICANG,CN,31.65,121.2,WPI_model_ready.csv,REAL,SCENARIO_INPUT
TANGSHAN (JINGTANG),CN,39.2,119.016667,WPI_model_ready.csv,REAL,SCENARIO_INPUT
XIUYU,CN,25.233333,118.983333,WPI_model_ready.csv,REAL,SCENARIO_INPUT
ZHANGZHOU,CN,24.683333,118.15,WPI_model_ready.csv,REAL,SCENARIO_INPUT
IJMUIDEN,NL,52.466667,4.583333,WPI_model_ready.csv,REAL,SCENARIO_INPUT
ZAANDAM,NL,52.433333,4.833333,WPI_model_ready.csv,REAL,SCENARIO_INPUT
AMSTERDAM,NL,52.366667,4.9,WPI_model_ready.csv,REAL,SCENARIO_INPUT
SCHEVENINGEN,NL,52.1,4.266667,WPI_model_ready.csv,REAL,SCENARIO_INPUT
HOEK VAN HOLLAND,NL,51.95,4.133333,WPI_model_ready.csv,REAL,SCENARIO_INPUT
EUROPOORT,NL,51.95,4.116667,WPI_model_ready.csv,REAL,SCENARIO_INPUT
MAASSLUIS,NL,51.916667,4.25,WPI_model_ready.csv,REAL,SCENARIO_INPUT
VLAARDINGEN,NL,51.9,4.35,WPI_model_ready.csv,REAL,SCENARIO_INPUT
SCHIEDAM,NL,51.9,4.4,WPI_model_ready.csv,REAL,SCENARIO_INPUT
THYBORON,DK,56.7,8.216667,WPI_model_ready.csv,REAL,SCENARIO_INPUT
SAKSKOBING,DK,54.8,11.633333,WPI_model_ready.csv,REAL,SCENARIO_INPUT
BANDHOLM,DK,54.833333,11.5,WPI_model_ready.csv,REAL,SCENARIO_INPUT
NAKSKOV,DK,54.833333,11.133333,WPI_model_ready.csv,REAL,SCENARIO_INPUT
RODBY HAVN,DK,54.65,11.35,WPI_model_ready.csv,REAL,SCENARIO_INPUT
NYSTED,DK,54.666667,11.733333,WPI_model_ready.csv,REAL,SCENARIO_INPUT
RUDKOBING,DK,54.95,10.716667,WPI_model_ready.csv,REAL,SCENARIO_INPUT
MARSTAL,DK,54.916667,10.333333,WPI_model_ready.csv,REAL,SCENARIO_INPUT
AEROSKOBING,DK,54.883333,10.416667,WPI_model_ready.csv,REAL,SCENARIO_INPUT
SVENDBORG,DK,55.066667,10.616667,WPI_model_ready.csv,REAL,SCENARIO_INPUT
NYBORG,DK,55.316667,10.8,WPI_model_ready.csv,REAL,SCENARIO_INPUT
ODENSE,DK,55.416667,10.383333,WPI_model_ready.csv,REAL,SCENARIO_INPUT
MIDDELFART,DK,55.5,9.733333,WPI_model_ready.csv,REAL,SCENARIO_INPUT
ASSENS,DK,55.266667,9.883333,WPI_model_ready.csv,REAL,SCENARIO_INPUT
FABORG,DK,55.1,10.25,WPI_model_ready.csv,REAL,SCENARIO_INPUT
SONDERBORG,DK,54.916667,9.783333,WPI_model_ready.csv,REAL,SCENARIO_INPUT
AUGUSTENBORG,DK,54.95,9.866667,WPI_model_ready.csv,REAL,SCENARIO_INPUT
ABENRA,DK,55.05,9.433333,WPI_model_ready.csv,REAL,SCENARIO_INPUT
ENSTED,DK,55.016667,9.433333,WPI_model_ready.csv,REAL,SCENARIO_INPUT
HADERSLEV,DK,55.25,9.5,WPI_model_ready.csv,REAL,SCENARIO_INPUT
KOLDING,DK,55.483333,9.5,WPI_model_ready.csv,REAL,SCENARIO_INPUT
FREDERICIA,DK,55.566667,9.766667,WPI_model_ready.csv,REAL,SCENARIO_INPUT
VEJLE,DK,55.716667,9.55,WPI_model_ready.csv,REAL,SCENARIO_INPUT
HORSENS,DK,55.866667,9.85,WPI_model_ready.csv,REAL,SCENARIO_INPUT
ARHUS,DK,56.15,10.216667,WPI_model_ready.csv,REAL,SCENARIO_INPUT
STUDSTRUP,DK,56.25,10.35,WPI_model_ready.csv,REAL,SCENARIO_INPUT
GRENAA HAVN,DK,56.416667,10.933333,WPI_model_ready.csv,REAL,SCENARIO_INPUT
RANDERS,DK,56.466667,10.05,WPI_model_ready.csv,REAL,SCENARIO_INPUT
HADSUND,DK,56.716667,10.116667,WPI_model_ready.csv,REAL,SCENARIO_INPUT
MARIAGER,DK,56.65,9.983333,WPI_model_ready.csv,REAL,SCENARIO_INPUT
HOBRO,DK,56.633333,9.8,WPI_model_ready.csv,REAL,SCENARIO_INPUT
HALS,DK,56.983333,10.316667,WPI_model_ready.csv,REAL,SCENARIO_INPUT
ALBORG,DK,57.05,9.933333,WPI_model_ready.csv,REAL,SCENARIO_INPUT
FREDERIKSHAVN,DK,57.433333,10.55,WPI_model_ready.csv,REAL,SCENARIO_INPUT
SKAGEN HAVN,DK,57.716667,10.6,WPI_model_ready.csv,REAL,SCENARIO_INPUT
GOLFITO,CR,8.633333,-83.166667,WPI_model_ready.csv,REAL,SCENARIO_INPUT
PUERTO QUEPOS,CR,9.433333,-84.166667,WPI_model_ready.csv,REAL,SCENARIO_INPUT
PUERTO CALDERA,CR,9.916667,-84.716667,WPI_model_ready.csv,REAL,SCENARIO_INPUT
PUNTARENAS,CR,9.983333,-84.833333,WPI_model_ready.csv,REAL,SCENARIO_INPUT
PUERTO SANDINO,NI,12.183333,-86.766667,WPI_model_ready.csv,REAL,SCENARIO_INPUT
CORINTO,NI,12.483333,-87.166667,WPI_model_ready.csv,REAL,SCENARIO_INPUT
PUERTO DE HENCAN,HN,13.4,-87.45,WPI_model_ready.csv,REAL,SCENARIO_INPUT
LA UNION,SV,13.333333,-87.833333,WPI_model_ready.csv,REAL,SCENARIO_INPUT
ACAJUTLA,SV,13.583333,-89.833333,WPI_model_ready.csv,REAL,SCENARIO_INPUT
PUERTO QUETZAL,GT,13.916667,-90.8,WPI_model_ready.csv,REAL,SCENARIO_INPUT
PUERTO MADERO,MX,14.7,-92.45,WPI_model_ready.csv,REAL,SCENARIO_INPUT
SALINA CRUZ,MX,16.166667,-95.2,WPI_model_ready.csv,REAL,SCENARIO_INPUT
PAITA,PE,-5.083333,-81.116667,WPI_model_ready.csv,REAL,SCENARIO_INPUT
TALARA,PE,-4.583333,-81.283333,WPI_model_ready.csv,REAL,SCENARIO_INPUT
BAHIA SAN VICENTE,CL,-36.733333,-73.166667,WPI_model_ready.csv,REAL,SCENARIO_INPUT
TALCAHUANO,CL,-36.7,-73.1,WPI_model_ready.csv,REAL,SCENARIO_INPUT
LIRQUEN,CL,-36.716667,-72.983333,WPI_model_ready.csv,REAL,SCENARIO_INPUT
PENCO,CL,-36.716667,-73.0,WPI_model_ready.csv,REAL,SCENARIO_INPUT
PUERTO SAN ANTONIO,CL,-33.583333,-71.616667,WPI_model_ready.csv,REAL,SCENARIO_INPUT
BAHIA DE VALPARAISO,CL,-33.033333,-71.616667,WPI_model_ready.csv,REAL,SCENARIO_INPUT
BAHIA QUINTERO (VENTANAS),CL,-32.766667,-71.533333,WPI_model_ready.csv,REAL,SCENARIO_INPUT
BAHIA HERRADURA GUAYACAN,CL,-29.966667,-71.366667,WPI_model_ready.csv,REAL,SCENARIO_INPUT
COQUIMBO,CL,-29.95,-71.333333,WPI_model_ready.csv,REAL,SCENARIO_INPUT
HUASCO,CL,-28.466667,-71.25,WPI_model_ready.csv,REAL,SCENARIO_INPUT
PUERTO CALDERA,CL,-27.05,-70.833333,WPI_model_ready.csv,REAL,SCENARIO_INPUT
PUERTO CALDERILLA,CL,-27.083333,-70.866667,WPI_model_ready.csv,REAL,SCENARIO_INPUT
PUERTO CHANARAL,CL,-26.35,-70.65,WPI_model_ready.csv,REAL,SCENARIO_INPUT
TALTAL,CL,-25.4,-70.483333,WPI_model_ready.csv,REAL,SCENARIO_INPUT
ANTOFAGASTA,CL,-23.65,-70.416667,WPI_model_ready.csv,REAL,SCENARIO_INPUT
MEJILLONES,CL,-23.1,-70.466667,WPI_model_ready.csv,REAL,SCENARIO_INPUT
TOCOPILLA,CL,-22.083333,-70.233333,WPI_model_ready.csv,REAL,SCENARIO_INPUT
IQUIQUE,CL,-20.2,-70.166667,WPI_model_ready.csv,REAL,SCENARIO_INPUT
RADA DE ARICA,CL,-18.466667,-70.333333,WPI_model_ready.csv,REAL,SCENARIO_INPUT
PUERTO ILO,PE,-17.633333,-71.366667,WPI_model_ready.csv,REAL,SCENARIO_INPUT
BAHIA DE MATARANI,PE,-17.0,-72.116667,WPI_model_ready.csv,REAL,SCENARIO_INPUT
BAHIA SAN NICOLAS,PE,-15.25,-75.233333,WPI_model_ready.csv,REAL,SCENARIO_INPUT
GARGANTUA,CA,47.566667,-84.966667,WPI_model_ready.csv,REAL,SCENARIO_INPUT
MICHIPICOTEN,CA,47.966667,-84.9,WPI_model_ready.csv,REAL,SCENARIO_INPUT
QUEBEC HARBOUR,CA,47.7,-85.8,WPI_model_ready.csv,REAL,SCENARIO_INPUT
HERON BAY,CA,48.65,-86.316667,WPI_model_ready.csv,REAL,SCENARIO_INPUT
THUNDER BAY,CA,48.4,-89.233333,WPI_model_ready.csv,REAL,SCENARIO_INPUT
GRAND MARAIS,US,46.683333,-85.966667,WPI_model_ready.csv,REAL,SCENARIO_INPUT
MUNISING,US,46.416667,-86.65,WPI_model_ready.csv,REAL,SCENARIO_INPUT
MARQUETTE,US,46.533333,-87.383333,WPI_model_ready.csv,REAL,SCENARIO_INPUT
PRESQUE ISLE,US,46.566667,-87.383333,WPI_model_ready.csv,REAL,SCENARIO_INPUT
L ANSE,US,46.766667,-88.466667,WPI_model_ready.csv,REAL,SCENARIO_INPUT
BARAGA,US,46.783333,-88.483333,WPI_model_ready.csv,REAL,SCENARIO_INPUT
COPPER HARBOR,US,47.466667,-87.866667,WPI_model_ready.csv,REAL,SCENARIO_INPUT
EAGLE HARBOR,US,47.466667,-88.166667,WPI_model_ready.csv,REAL,SCENARIO_INPUT
HOUGHTON,US,47.116667,-88.566667,WPI_model_ready.csv,REAL,SCENARIO_INPUT
ONTONAGON,US,46.883333,-89.333333,WPI_model_ready.csv,REAL,SCENARIO_INPUT
ASHLAND,US,46.6,-90.866667,WPI_model_ready.csv,REAL,SCENARIO_INPUT
WASHBURN,US,46.666667,-90.883333,WPI_model_ready.csv,REAL,SCENARIO_INPUT
BAYFIELD,US,46.8,-90.816667,WPI_model_ready.csv,REAL,SCENARIO_INPUT
LA POINTE,US,46.783333,-90.783333,WPI_model_ready.csv,REAL,SCENARIO_INPUT
TWO RIVERS,US,44.15,-87.566667,WPI_model_ready.csv,REAL,SCENARIO_INPUT
KEWAUNEE,US,44.466667,-87.5,WPI_model_ready.csv,REAL,SCENARIO_INPUT
ALGOMA,US,44.6,-87.433333,WPI_model_ready.csv,REAL,SCENARIO_INPUT
SAGINAW,US,43.433333,-83.933333,WPI_model_ready.csv,REAL,SCENARIO_INPUT
ALABASTER,US,44.183333,-83.55,WPI_model_ready.csv,REAL,SCENARIO_INPUT
TAWAS CITY,US,44.266667,-83.5,WPI_model_ready.csv,REAL,SCENARIO_INPUT
AU SABLE,US,44.4,-83.316667,WPI_model_ready.csv,REAL,SCENARIO_INPUT
OSCODA,US,44.416667,-83.316667,WPI_model_ready.csv,REAL,SCENARIO_INPUT
ALPENA,US,45.066667,-83.416667,WPI_model_ready.csv,REAL,SCENARIO_INPUT
ROCKPORT,US,45.2,-83.383333,WPI_model_ready.csv,REAL,SCENARIO_INPUT
CALCITE,US,45.416667,-83.783333,WPI_model_ready.csv,REAL,SCENARIO_INPUT
ROGERS CITY,US,45.45,-83.816667,WPI_model_ready.csv,REAL,SCENARIO_INPUT
CHEBOYGAN,US,45.65,-84.466667,WPI_model_ready.csv,REAL,SCENARIO_INPUT
MACKINAW CITY,US,45.783333,-84.716667,WPI_model_ready.csv,REAL,SCENARIO_INPUT
MACKINAC ISLAND,US,45.85,-84.616667,WPI_model_ready.csv,REAL,SCENARIO_INPUT
ST IGNACE,US,45.85,-84.716667,WPI_model_ready.csv,REAL,SCENARIO_INPUT
SAULT STE MARIE,US,46.5,-84.35,WPI_model_ready.csv,REAL,SCENARIO_INPUT
ST. JAMES HARBOR,US,45.733333,-85.516667,WPI_model_ready.csv,REAL,SCENARIO_INPUT
HARBOR SPRINGS,US,45.433333,-84.983333,WPI_model_ready.csv,REAL,SCENARIO_INPUT
PETOSKEY,US,45.366667,-84.966667,WPI_model_ready.csv,REAL,SCENARIO_INPUT
CHARLEVOIX,US,45.316667,-85.266667,WPI_model_ready.csv,REAL,SCENARIO_INPUT
TRAVERSE CITY,US,44.766667,-85.616667,WPI_model_ready.csv,REAL,SCENARIO_INPUT
LELAND,US,45.016667,-85.766667,WPI_model_ready.csv,REAL,SCENARIO_INPUT
FRANKFORT,US,44.633333,-86.25,WPI_model_ready.csv,REAL,SCENARIO_INPUT
MANISTEE,US,44.25,-86.316667,WPI_model_ready.csv,REAL,SCENARIO_INPUT
LUDINGTON,US,43.95,-86.45,WPI_model_ready.csv,REAL,SCENARIO_INPUT
WHITE LAKE,US,43.383333,-86.35,WPI_model_ready.csv,REAL,SCENARIO_INPUT
MUSKEGON,US,43.233333,-86.266667,WPI_model_ready.csv,REAL,SCENARIO_INPUT
ZHAPU,CN,30.583333,121.083333,WPI_model_ready.csv,REAL,SCENARIO_INPUT
SANYA,CN,18.316667,109.45,WPI_model_ready.csv,REAL,SCENARIO_INPUT
YANGPU,CN,19.733333,109.183333,WPI_model_ready.csv,REAL,SCENARIO_INPUT
CHIWAN,CN,19.966667,110.033333,WPI_model_ready.csv,REAL,SCENARIO_INPUT
SHUI DONG,CN,21.483333,111.083333,WPI_model_ready.csv,REAL,SCENARIO_INPUT
ZHUHAI,CN,22.233333,113.583333,WPI_model_ready.csv,REAL,SCENARIO_INPUT
QINZHOU,CN,21.733333,108.583333,WPI_model_ready.csv,REAL,SCENARIO_INPUT
HUANGPU,CN,23.083333,113.416667,WPI_model_ready.csv,REAL,SCENARIO_INPUT
CHANGZHOU,CN,31.966667,119.983333,WPI_model_ready.csv,REAL,SCENARIO_INPUT
NANTONG,CN,32.0,120.8,WPI_model_ready.csv,REAL,SCENARIO_INPUT
ZHANGJIANGANG,CN,31.966667,120.4,WPI_model_ready.csv,REAL,SCENARIO_INPUT
DAESAN HANG,KR,37.016667,126.4,WPI_model_ready.csv,REAL,SCENARIO_INPUT
VOSTOCHNYY,RU,42.75,133.083333,WPI_model_ready.csv,REAL,SCENARIO_INPUT
ATSUMI,JP,34.666667,137.066667,WPI_model_ready.csv,REAL,SCENARIO_INPUT
SLAVYANKA,RU,42.866667,131.383333,WPI_model_ready.csv,REAL,SCENARIO_INPUT
O0KIHAMA,JP,34.75,134.566667,WPI_model_ready.csv,REAL,SCENARIO_INPUT
ISIKARI WAN,JP,43.233333,141.366667,WPI_model_ready.csv,REAL,SCENARIO_INPUT
TSURUGA KO,JP,35.65,136.066667,WPI_model_ready.csv,REAL,SCENARIO_INPUT
NAOETSU KO,JP,37.183333,138.25,WPI_model_ready.csv,REAL,SCENARIO_INPUT
BELEKERI,IN,14.7,74.266667,WPI_model_ready.csv,REAL,SCENARIO_INPUT
PANAJI,IN,15.5,73.816667,WPI_model_ready.csv,REAL,SCENARIO_INPUT
VADINAR TERMINAL,IN,22.516667,69.7,WPI_model_ready.csv,REAL,SCENARIO_INPUT
NAKAGUSUKU,JP,26.266667,127.916667,WPI_model_ready.csv,REAL,SCENARIO_INPUT
AOKATA,JP,32.983333,129.066667,WPI_model_ready.csv,REAL,SCENARIO_INPUT
FUKUI,JP,36.066667,136.2,WPI_model_ready.csv,REAL,SCENARIO_INPUT
KASHIWAZAKI,JP,37.366667,138.55,WPI_model_ready.csv,REAL,SCENARIO_INPUT
HABU KO,JP,34.283333,133.183333,WPI_model_ready.csv,REAL,SCENARIO_INPUT
NISHIHARA,JP,26.216667,127.8,WPI_model_ready.csv,REAL,SCENARIO_INPUT
ONODA,JP,34.0,131.183333,WPI_model_ready.csv,REAL,SCENARIO_INPUT
SHINGU,JP,33.666667,135.983333,WPI_model_ready.csv,REAL,SCENARIO_INPUT
TAKUMA,JP,34.216667,133.683333,WPI_model_ready.csv,REAL,SCENARIO_INPUT
TOKACHI,JP,42.25,143.3,WPI_model_ready.csv,REAL,SCENARIO_INPUT
TONDA,JP,34.033333,131.75,WPI_model_ready.csv,REAL,SCENARIO_INPUT
UCHIURA,JP,35.516667,135.5,WPI_model_ready.csv,REAL,SCENARIO_INPUT
MCMURDO STATION,AQ,-77.85,166.65,WPI_model_ready.csv,REAL,SCENARIO_INPUT
PUERTO MORRO REDONDO,MX,28.05,-115.183333,WPI_model_ready.csv,REAL,SCENARIO_INPUT
PICHILINGUE,MX,24.266667,-110.333333,WPI_model_ready.csv,REAL,SCENARIO_INPUT
PUERTO COLON,PA,9.366667,-79.883333,WPI_model_ready.csv,REAL,SCENARIO_INPUT
CHARCO AZUL,PA,8.216667,-82.866667,WPI_model_ready.csv,REAL,SCENARIO_INPUT
HIRTSHALS,DK,57.6,9.966667,WPI_model_ready.csv,REAL,SCENARIO_INPUT
HANSTHOLM,DK,57.133333,8.6,WPI_model_ready.csv,REAL,SCENARIO_INPUT
NYKOBING (FALSTER),DK,54.766667,11.866667,WPI_model_ready.csv,REAL,SCENARIO_INPUT
ROSTOCK,DE,54.1,12.133333,WPI_model_ready.csv,REAL,SCENARIO_INPUT
WISMAR,DE,53.9,11.466667,WPI_model_ready.csv,REAL,SCENARIO_INPUT
LUBECK-TRAVEMUNDE,DE,53.966667,10.883333,WPI_model_ready.csv,REAL,SCENARIO_INPUT
LUBECK,DE,53.883333,10.7,WPI_model_ready.csv,REAL,SCENARIO_INPUT
NEUSTADT,DE,54.1,10.816667,WPI_model_ready.csv,REAL,SCENARIO_INPUT
HEILIGENHAFEN,DE,54.366667,10.983333,WPI_model_ready.csv,REAL,SCENARIO_INPUT
KIEL,DE,54.316667,10.133333,WPI_model_ready.csv,REAL,SCENARIO_INPUT
ECKERNFORDE,DE,54.483333,9.833333,WPI_model_ready.csv,REAL,SCENARIO_INPUT
KAPPELN,DE,54.666667,9.933333,WPI_model_ready.csv,REAL,SCENARIO_INPUT
FLENSBURG,DE,54.8,9.433333,WPI_model_ready.csv,REAL,SCENARIO_INPUT
NEKSO,DK,55.066667,15.133333,WPI_model_ready.csv,REAL,SCENARIO_INPUT
RONNE,DK,55.1,14.7,WPI_model_ready.csv,REAL,SCENARIO_INPUT
HASLE,DK,55.183333,14.7,WPI_model_ready.csv,REAL,SCENARIO_INPUT
CHRISTIANSO HARBOR,DK,55.316667,15.183333,WPI_model_ready.csv,REAL,SCENARIO_INPUT
FAKSE LADEPLADS HAVN,DK,55.216667,12.166667,WPI_model_ready.csv,REAL,SCENARIO_INPUT
KOGE,DK,55.45,12.2,WPI_model_ready.csv,REAL,SCENARIO_INPUT
KOBENHAVN,DK,55.7,12.616667,WPI_model_ready.csv,REAL,SCENARIO_INPUT
TUBORG,DK,55.716667,12.583333,WPI_model_ready.csv,REAL,SCENARIO_INPUT
HELSINGOR,DK,56.033333,12.616667,WPI_model_ready.csv,REAL,SCENARIO_INPUT
FREDERIKSVAERK,DK,55.966667,12.016667,WPI_model_ready.csv,REAL,SCENARIO_INPUT
FREDERIKSSUND,DK,55.833333,12.05,WPI_model_ready.csv,REAL,SCENARIO_INPUT
KYNDBYVAERKETS HAVN,DK,55.816667,11.883333,WPI_model_ready.csv,REAL,SCENARIO_INPUT
HOLBAEK,DK,55.716667,11.716667,WPI_model_ready.csv,REAL,SCENARIO_INPUT
KALUNDBORG,DK,55.683333,11.1,WPI_model_ready.csv,REAL,SCENARIO_INPUT
KORSOR,DK,55.333333,11.133333,WPI_model_ready.csv,REAL,SCENARIO_INPUT
SKAELSKOR,DK,55.25,11.3,WPI_model_ready.csv,REAL,SCENARIO_INPUT
STIGSNAESVAERKET,DK,55.2,11.25,WPI_model_ready.csv,REAL,SCENARIO_INPUT
NAESTVED,DK,55.233333,11.75,WPI_model_ready.csv,REAL,SCENARIO_INPUT
VORDINGBORG,DK,55.0,11.9,WPI_model_ready.csv,REAL,SCENARIO_INPUT
STUBBEKOBING,DK,54.883333,12.05,WPI_model_ready.csv,REAL,SCENARIO_INPUT
STEGE,DK,54.983333,12.283333,WPI_model_ready.csv,REAL,SCENARIO_INPUT
STRALSUND,DE,54.316667,13.1,WPI_model_ready.csv,REAL,SCENARIO_INPUT
HELSINKI,FI,60.166667,24.966667,WPI_model_ready.csv,REAL,SCENARIO_INPUT
PORVOO,FI,60.3,25.633333,WPI_model_ready.csv,REAL,SCENARIO_INPUT
LOVIISA,FI,60.45,26.233333,WPI_model_ready.csv,REAL,SCENARIO_INPUT
KOTKA,FI,60.466667,26.966667,WPI_model_ready.csv,REAL,SCENARIO_INPUT
HAMINA,FI,60.566667,27.2,WPI_model_ready.csv,REAL,SCENARIO_INPUT
VYBORG,RU,60.716667,28.75,WPI_model_ready.csv,REAL,SCENARIO_INPUT
GAVAN VYSOTSK,RU,60.616667,28.566667,WPI_model_ready.csv,REAL,SCENARIO_INPUT
PRIMORSK,RU,60.366667,28.633333,WPI_model_ready.csv,REAL,SCENARIO_INPUT
SANKT-PETERBURG,RU,59.933333,30.3,WPI_model_ready.csv,REAL,SCENARIO_INPUT
PUERTO DEL CALLAO,PE,-12.05,-77.15,WPI_model_ready.csv,REAL,SCENARIO_INPUT
BAHIA DE ANCON,PE,-11.75,-77.183333,WPI_model_ready.csv,REAL,SCENARIO_INPUT
CHANCAY,PE,-11.583333,-77.25,WPI_model_ready.csv,REAL,SCENARIO_INPUT
PUERTO DE HUACHO,PE,-11.116667,-77.616667,WPI_model_ready.csv,REAL,SCENARIO_INPUT
PUERTO SUPE,PE,-10.8,-77.75,WPI_model_ready.csv,REAL,SCENARIO_INPUT
PUNTA LOBITOS (BAHIA DE HUARMEY),PE,-10.1,-78.166667,WPI_model_ready.csv,REAL,SCENARIO_INPUT
PUERTO DE CHIMBOTE,PE,-9.083333,-78.616667,WPI_model_ready.csv,REAL,SCENARIO_INPUT
SALAVERRY,PE,-8.233333,-78.983333,WPI_model_ready.csv,REAL,SCENARIO_INPUT
PIMENTAL,PE,-6.833333,-79.933333,WPI_model_ready.csv,REAL,SCENARIO_INPUT
PUERTO BAYOVAR,PE,-5.833333,-81.05,WPI_model_ready.csv,REAL,SCENARIO_INPUT
CORONEL,CL,-37.033333,-73.166667,WPI_model_ready.csv,REAL,SCENARIO_INPUT
PUERTO BELGRANO,AR,-38.883333,-62.1,WPI_model_ready.csv,REAL,SCENARIO_INPUT
BAHIA BLANCA,AR,-38.783333,-62.266667,WPI_model_ready.csv,REAL,SCENARIO_INPUT
PUERTO INGENIERO WHITE,AR,-38.8,-62.266667,WPI_model_ready.csv,REAL,SCENARIO_INPUT
PUERTO NACIONAL,AR,-38.8,-62.283333,WPI_model_ready.csv,REAL,SCENARIO_INPUT
PUERTO GALVAN,AR,-38.783333,-62.3,WPI_model_ready.csv,REAL,SCENARIO_INPUT
SAN BLAS,AR,-40.566667,-62.233333,WPI_model_ready.csv,REAL,SCENARIO_INPUT
PUERTO MADRYN,AR,-42.766667,-65.033333,WPI_model_ready.csv,REAL,SCENARIO_INPUT
PUERTO SAN JULIAN,AR,-49.316667,-67.7,WPI_model_ready.csv,REAL,SCENARIO_INPUT
PUERTO SANTA CRUZ,AR,-50.016667,-68.516667,WPI_model_ready.csv,REAL,SCENARIO_INPUT
PUERTO GALLEGOS,AR,-51.616667,-68.966667,WPI_model_ready.csv,REAL,SCENARIO_INPUT
USHUAIA,AR,-54.816667,-68.3,WPI_model_ready.csv,REAL,SCENARIO_INPUT
PRINCE OLAV HARBOR,GS,-54.033333,-37.15,WPI_model_ready.csv,REAL,SCENARIO_INPUT
STROMNESS HARBOR,GS,-54.15,-36.7,WPI_model_ready.csv,REAL,SCENARIO_INPUT
PUERTO SARA,CL,-52.633333,-70.2,WPI_model_ready.csv,REAL,SCENARIO_INPUT
CALETA CLARENCIA,CL,-52.9,-70.1,WPI_model_ready.csv,REAL,SCENARIO_INPUT
PORT SAN JUAN DE LA JUAN,CL,-53.633333,-70.916667,WPI_model_ready.csv,REAL,SCENARIO_INPUT
BAHIA HARRIS,CL,-53.85,-70.45,WPI_model_ready.csv,REAL,SCENARIO_INPUT
CALETA MINA ELENA,CL,-52.683333,-71.9,WPI_model_ready.csv,REAL,SCENARIO_INPUT
GRAND HAVEN,US,43.066667,-86.233333,WPI_model_ready.csv,REAL,SCENARIO_INPUT
HOLLAND,US,42.783333,-86.133333,WPI_model_ready.csv,REAL,SCENARIO_INPUT
SAUGATUCK,US,42.666667,-86.2,WPI_model_ready.csv,REAL,SCENARIO_INPUT
SOUTH HAVEN,US,42.4,-86.283333,WPI_model_ready.csv,REAL,SCENARIO_INPUT
ST JOSEPH,US,42.116667,-86.483333,WPI_model_ready.csv,REAL,SCENARIO_INPUT
MICHIGAN CITY,US,41.733333,-86.9,WPI_model_ready.csv,REAL,SCENARIO_INPUT
GARY,US,41.616667,-87.333333,WPI_model_ready.csv,REAL,SCENARIO_INPUT
BUFFINGTON,US,41.633333,-87.416667,WPI_model_ready.csv,REAL,SCENARIO_INPUT
INDIANA HARBOR,US,41.666667,-87.433333,WPI_model_ready.csv,REAL,SCENARIO_INPUT
CALUMET HARBOR,US,41.733333,-87.516667,WPI_model_ready.csv,REAL,SCENARIO_INPUT
CHICAGO,US,41.883333,-87.6,WPI_model_ready.csv,REAL,SCENARIO_INPUT
WILMETTE,US,42.083333,-87.683333,WPI_model_ready.csv,REAL,SCENARIO_INPUT
GREAT LAKES,US,42.3,-87.833333,WPI_model_ready.csv,REAL,SCENARIO_INPUT
WAUKEGAN,US,42.366667,-87.816667,WPI_model_ready.csv,REAL,SCENARIO_INPUT
KENOSHA,US,42.583333,-87.816667,WPI_model_ready.csv,REAL,SCENARIO_INPUT
RACINE,US,42.733333,-87.783333,WPI_model_ready.csv,REAL,SCENARIO_INPUT
MILWAUKEE,US,43.033333,-87.883333,WPI_model_ready.csv,REAL,SCENARIO_INPUT
PORT WASHINGTON,US,43.383333,-87.866667,WPI_model_ready.csv,REAL,SCENARIO_INPUT
SHEBOYGAN,US,43.75,-87.7,WPI_model_ready.csv,REAL,SCENARIO_INPUT
MANITOWOC,US,44.1,-87.65,WPI_model_ready.csv,REAL,SCENARIO_INPUT
PORT HOPE,US,43.95,-82.7,WPI_model_ready.csv,REAL,SCENARIO_INPUT
BAY CITY,US,43.6,-83.866667,WPI_model_ready.csv,REAL,SCENARIO_INPUT
SARNIA,CA,42.983333,-82.416667,WPI_model_ready.csv,REAL,SCENARIO_INPUT
POINT EDWARD,CA,43.0,-82.416667,WPI_model_ready.csv,REAL,SCENARIO_INPUT
GODERICH,CA,43.75,-81.733333,WPI_model_ready.csv,REAL,SCENARIO_INPUT
PORT ELGIN,CA,44.433333,-81.4,WPI_model_ready.csv,REAL,SCENARIO_INPUT
SOUTHAMPTON,CA,44.5,-81.383333,WPI_model_ready.csv,REAL,SCENARIO_INPUT
TOBERMORY,CA,45.266667,-81.666667,WPI_model_ready.csv,REAL,SCENARIO_INPUT
LIONS HEAD,CA,44.983333,-81.25,WPI_model_ready.csv,REAL,SCENARIO_INPUT
WIARTON,CA,44.75,-81.133333,WPI_model_ready.csv,REAL,SCENARIO_INPUT
OWEN SOUND,CA,44.583333,-80.933333,WPI_model_ready.csv,REAL,SCENARIO_INPUT
MEAFORD,CA,44.616667,-80.6,WPI_model_ready.csv,REAL,SCENARIO_INPUT
THORNBURY,CA,44.566667,-80.45,WPI_model_ready.csv,REAL,SCENARIO_INPUT
COLLINGWOOD,CA,44.5,-80.233333,WPI_model_ready.csv,REAL,SCENARIO_INPUT
PENETANGUISHENE,CA,44.766667,-79.933333,WPI_model_ready.csv,REAL,SCENARIO_INPUT
MIDLAND,CA,44.75,-79.916667,WPI_model_ready.csv,REAL,SCENARIO_INPUT
TIFFIN,CA,44.75,-79.85,WPI_model_ready.csv,REAL,SCENARIO_INPUT
PORT MCNICOLL,CA,44.75,-79.8,WPI_model_ready.csv,REAL,SCENARIO_INPUT
VICTORIA HARBOUR,CA,44.75,-79.816667,WPI_model_ready.csv,REAL,SCENARIO_INPUT
WAUBAUSHENE,CA,44.766667,-79.716667,WPI_model_ready.csv,REAL,SCENARIO_INPUT
PORT SEVERN,CA,44.8,-79.716667,WPI_model_ready.csv,REAL,SCENARIO_INPUT
DEPOT HARBOUR,CA,45.316667,-80.1,WPI_model_ready.csv,REAL,SCENARIO_INPUT
PARRY SOUND,CA,45.333333,-80.033333,WPI_model_ready.csv,REAL,SCENARIO_INPUT
BYNG INLET,CA,45.766667,-80.566667,WPI_model_ready.csv,REAL,SCENARIO_INPUT
KEY HARBOUR,CA,45.883333,-80.75,WPI_model_ready.csv,REAL,SCENARIO_INPUT
KILLARNEY,CA,45.966667,-81.516667,WPI_model_ready.csv,REAL,SCENARIO_INPUT
MAMONAL,CO,10.316667,-75.516667,WPI_model_ready.csv,REAL,SCENARIO_INPUT
IMBITUBA,BR,-28.233333,-48.666667,WPI_model_ready.csv,REAL,SCENARIO_INPUT
GUAIBA ISLAND TERMINAL,BR,-23.016667,-44.033333,WPI_model_ready.csv,REAL,SCENARIO_INPUT
DTSE / GEGUA OIL TERMINAL,BR,-22.816667,-43.15,WPI_model_ready.csv,REAL,SCENARIO_INPUT
GEBIG,BR,-23.05,-44.216667,WPI_model_ready.csv,REAL,SCENARIO_INPUT
PORTOCEL,BR,-19.85,-40.05,WPI_model_ready.csv,REAL,SCENARIO_INPUT
SANTA CLARA,BR,-20.883333,-51.366667,WPI_model_ready.csv,REAL,SCENARIO_INPUT
EL TABIAZO,VE,10.766667,-71.533333,WPI_model_ready.csv,REAL,SCENARIO_INPUT
VENTERMINALS,VE,10.483333,-68.033333,WPI_model_ready.csv,REAL,SCENARIO_INPUT
JOSE IGNACIO,UY,-34.95,-54.7,WPI_model_ready.csv,REAL,SCENARIO_INPUT
COCKBURN HARBOR,TC,21.5,-71.533333,WPI_model_ready.csv,REAL,SCENARIO_INPUT
RISAN,ME,42.516667,18.7,WPI_model_ready.csv,REAL,SCENARIO_INPUT
KOTOR,ME,42.416667,18.766667,WPI_model_ready.csv,REAL,SCENARIO_INPUT
TIVAT,ME,42.433333,18.7,WPI_model_ready.csv,REAL,SCENARIO_INPUT
BAR,ME,42.083333,19.083333,WPI_model_ready.csv,REAL,SCENARIO_INPUT
PORT ALUCROIX,VI,17.7,-64.766667,WPI_model_ready.csv,REAL,SCENARIO_INPUT
CIUDAD BOLIVAR,VE,8.133333,-63.55,WPI_model_ready.csv,REAL,SCENARIO_INPUT
DJENO TERMINAL,CG,-4.933333,11.9,WPI_model_ready.csv,REAL,SCENARIO_INPUT
N'KOSSA TERMINAL,CG,-5.266667,11.566667,WPI_model_ready.csv,REAL,SCENARIO_INPUT
MATADI,CD,-5.816667,13.45,WPI_model_ready.csv,REAL,SCENARIO_INPUT
TIN CAN ISLAND,NG,6.35,3.35,WPI_model_ready.csv,REAL,SCENARIO_INPUT
SAPELE,NG,5.9,5.683333,WPI_model_ready.csv,REAL,SCENARIO_INPUT
WARRI,NG,5.516667,5.733333,WPI_model_ready.csv,REAL,SCENARIO_INPUT
YOHO TERMINAL,NG,4.016667,7.466667,WPI_model_ready.csv,REAL,SCENARIO_INPUT
SEA EAGLE TERMINAL,NG,4.8,5.316667,WPI_model_ready.csv,REAL,SCENARIO_INPUT
QUA IBOE OIL TERMINAL,NG,4.233333,8.033333,WPI_model_ready.csv,REAL,SCENARIO_INPUT
PENNINGTON OIL TERMINAL,NG,4.25,5.616667,WPI_model_ready.csv,REAL,SCENARIO_INPUT
BONNY OFFSHORE TERMINAL,NG,4.183333,7.233333,WPI_model_ready.csv,REAL,SCENARIO_INPUT
LOMONOSOV,RU,59.916667,29.766667,WPI_model_ready.csv,REAL,SCENARIO_INPUT
KRONSHTADT,RU,59.983333,29.783333,WPI_model_ready.csv,REAL,SCENARIO_INPUT
REKA LUGA,RU,59.666667,28.316667,WPI_model_ready.csv,REAL,SCENARIO_INPUT
KUNDA,EE,59.533333,26.533333,WPI_model_ready.csv,REAL,SCENARIO_INPUT
TALLINN,EE,59.45,24.766667,WPI_model_ready.csv,REAL,SCENARIO_INPUT
PALDISKI,EE,59.35,24.033333,WPI_model_ready.csv,REAL,SCENARIO_INPUT
OSMUSSAAR,EE,59.3,23.366667,WPI_model_ready.csv,REAL,SCENARIO_INPUT
PARNU,EE,58.383333,24.5,WPI_model_ready.csv,REAL,SCENARIO_INPUT
RIGA,LV,56.95,24.1,WPI_model_ready.csv,REAL,SCENARIO_INPUT
VENTSPILS,LV,57.4,21.533333,WPI_model_ready.csv,REAL,SCENARIO_INPUT
LIEPAJA,LV,56.516667,21.016667,WPI_model_ready.csv,REAL,SCENARIO_INPUT
KLAIPEDA,LT,55.716667,21.116667,WPI_model_ready.csv,REAL,SCENARIO_INPUT
BALTIYSK,RU,54.633333,19.9,WPI_model_ready.csv,REAL,SCENARIO_INPUT
KALININGRAD,RU,54.7,20.483333,WPI_model_ready.csv,REAL,SCENARIO_INPUT
GDANSK,PL,54.35,18.666667,WPI_model_ready.csv,REAL,SCENARIO_INPUT
PORT POLNOCHNY,PL,54.4,18.716667,WPI_model_ready.csv,REAL,SCENARIO_INPUT
NOWY PORT,PL,54.416667,18.666667,WPI_model_ready.csv,REAL,SCENARIO_INPUT
GDYNIA,PL,54.533333,18.55,WPI_model_ready.csv,REAL,SCENARIO_INPUT
USTKA,PL,54.583333,16.85,WPI_model_ready.csv,REAL,SCENARIO_INPUT
DARLOWO,PL,54.433333,16.416667,WPI_model_ready.csv,REAL,SCENARIO_INPUT
KOLOBRZEG,PL,54.216667,15.55,WPI_model_ready.csv,REAL,SCENARIO_INPUT
SWINOUJSCIE,PL,53.916667,14.266667,WPI_model_ready.csv,REAL,SCENARIO_INPUT
SZCZECIN,PL,53.416667,14.55,WPI_model_ready.csv,REAL,SCENARIO_INPUT
WOLGAST,DE,54.05,13.783333,WPI_model_ready.csv,REAL,SCENARIO_INPUT
SASSNITZ,DE,54.516667,13.65,WPI_model_ready.csv,REAL,SCENARIO_INPUT
EKENAS,FI,59.983333,23.433333,WPI_model_ready.csv,REAL,SCENARIO_INPUT
JUSSARO,FI,59.833333,23.566667,WPI_model_ready.csv,REAL,SCENARIO_INPUT
PORKKALA,FI,60.083333,24.383333,WPI_model_ready.csv,REAL,SCENARIO_INPUT
KARLSBORG,SE,65.8,23.283333,WPI_model_ready.csv,REAL,SCENARIO_INPUT
SANDVIK,SE,65.733333,23.766667,WPI_model_ready.csv,REAL,SCENARIO_INPUT
TORINA,FI,65.766667,24.166667,WPI_model_ready.csv,REAL,SCENARIO_INPUT
KEMI,FI,65.733333,24.566667,WPI_model_ready.csv,REAL,SCENARIO_INPUT
OULU,FI,65.016667,25.4,WPI_model_ready.csv,REAL,SCENARIO_INPUT
RAAHE,FI,64.683333,24.416667,WPI_model_ready.csv,REAL,SCENARIO_INPUT
HIMANKA,FI,64.0,23.65,WPI_model_ready.csv,REAL,SCENARIO_INPUT
KOKKOLA,FI,63.85,23.016667,WPI_model_ready.csv,REAL,SCENARIO_INPUT
JAKOBSTAD,FI,63.683333,22.666667,WPI_model_ready.csv,REAL,SCENARIO_INPUT
NYKARLEBY,FI,63.516667,22.533333,WPI_model_ready.csv,REAL,SCENARIO_INPUT
KANTLAX,FI,63.416667,22.283333,WPI_model_ready.csv,REAL,SCENARIO_INPUT
HELLNAS,FI,63.283333,22.233333,WPI_model_ready.csv,REAL,SCENARIO_INPUT
VAASA,FI,63.1,21.583333,WPI_model_ready.csv,REAL,SCENARIO_INPUT
KASKINEN,FI,62.383333,21.233333,WPI_model_ready.csv,REAL,SCENARIO_INPUT
KRISTINESTAD,FI,62.283333,21.4,WPI_model_ready.csv,REAL,SCENARIO_INPUT
MANTYLUOTO,FI,61.6,21.483333,WPI_model_ready.csv,REAL,SCENARIO_INPUT
TAHKOLUOTO,FI,61.633333,21.4,WPI_model_ready.csv,REAL,SCENARIO_INPUT
PUERTO NATALES,CL,-51.716667,-72.566667,WPI_model_ready.csv,REAL,SCENARIO_INPUT
PUERTO CHACABUCO,CL,-45.466667,-72.833333,WPI_model_ready.csv,REAL,SCENARIO_INPUT
PUERTO CASTRO,CL,-42.483333,-73.766667,WPI_model_ready.csv,REAL,SCENARIO_INPUT
PUERTO QUEMCHI,CL,-42.15,-73.483333,WPI_model_ready.csv,REAL,SCENARIO_INPUT
PUERTO MONTT,CL,-41.483333,-72.966667,WPI_model_ready.csv,REAL,SCENARIO_INPUT
PUERTO DE CORRAL,CL,-39.866667,-73.433333,WPI_model_ready.csv,REAL,SCENARIO_INPUT
BAHIA DE VALDIVIA,CL,-39.8,-73.25,WPI_model_ready.csv,REAL,SCENARIO_INPUT
LOTA,CL,-37.1,-73.15,WPI_model_ready.csv,REAL,SCENARIO_INPUT
MAR DEL PLATA,AR,-38.033333,-57.533333,WPI_model_ready.csv,REAL,SCENARIO_INPUT
ITAJAI,BR,-26.916667,-48.633333,WPI_model_ready.csv,REAL,SCENARIO_INPUT
LAGUNA,BR,-28.5,-48.783333,WPI_model_ready.csv,REAL,SCENARIO_INPUT
TRAMANDAI,BR,-29.983333,-50.133333,WPI_model_ready.csv,REAL,SCENARIO_INPUT
RIO GRANDE,BR,-32.05,-52.083333,WPI_model_ready.csv,REAL,SCENARIO_INPUT
PELOTAS,BR,-31.783333,-52.333333,WPI_model_ready.csv,REAL,SCENARIO_INPUT
PORTO ALEGRE,BR,-30.033333,-51.233333,WPI_model_ready.csv,REAL,SCENARIO_INPUT
LA PALOMA,UY,-34.65,-54.15,WPI_model_ready.csv,REAL,SCENARIO_INPUT
PUERTO SAUCE,UY,-34.433333,-57.45,WPI_model_ready.csv,REAL,SCENARIO_INPUT
FRAY BENTOS,UY,-33.116667,-58.316667,WPI_model_ready.csv,REAL,SCENARIO_INPUT
PAYSANDU,UY,-32.316667,-58.066667,WPI_model_ready.csv,REAL,SCENARIO_INPUT
PARANA,AR,-31.716667,-60.533333,WPI_model_ready.csv,REAL,SCENARIO_INPUT
DIAMANTE,AR,-32.066667,-60.65,WPI_model_ready.csv,REAL,SCENARIO_INPUT
PUERTO SAN MARTIN,AR,-32.716667,-60.733333,WPI_model_ready.csv,REAL,SCENARIO_INPUT
VILLA CONSTITUCION,AR,-33.233333,-60.333333,WPI_model_ready.csv,REAL,SCENARIO_INPUT
SAN NICOLAS,AR,-33.333333,-60.233333,WPI_model_ready.csv,REAL,SCENARIO_INPUT
RAMALLO,AR,-33.483333,-60.016667,WPI_model_ready.csv,REAL,SCENARIO_INPUT
ZARATE,AR,-34.083333,-59.033333,WPI_model_ready.csv,REAL,SCENARIO_INPUT
CAMPANA,AR,-34.15,-58.966667,WPI_model_ready.csv,REAL,SCENARIO_INPUT
CONCORDIA,AR,-31.4,-58.033333,WPI_model_ready.csv,REAL,SCENARIO_INPUT
MANITOWANING,CA,45.75,-81.8,WPI_model_ready.csv,REAL,SCENARIO_INPUT
SHEGUIANDAH,CA,45.9,-81.916667,WPI_model_ready.csv,REAL,SCENARIO_INPUT
LITTLE CURRENT,CA,45.983333,-81.933333,WPI_model_ready.csv,REAL,SCENARIO_INPUT
HONORA,CA,45.866667,-82.166667,WPI_model_ready.csv,REAL,SCENARIO_INPUT
KAGAWONG,CA,45.916667,-82.25,WPI_model_ready.csv,REAL,SCENARIO_INPUT
GORE BAY,CA,45.916667,-82.466667,WPI_model_ready.csv,REAL,SCENARIO_INPUT
MELDRUM BAY,CA,45.933333,-83.116667,WPI_model_ready.csv,REAL,SCENARIO_INPUT
BLIND RIVER,CA,46.183333,-82.95,WPI_model_ready.csv,REAL,SCENARIO_INPUT
COCKBURN,CA,45.95,-83.316667,WPI_model_ready.csv,REAL,SCENARIO_INPUT
THESSALON,CA,46.25,-83.566667,WPI_model_ready.csv,REAL,SCENARIO_INPUT
BRUCE MINES,CA,46.283333,-83.783333,WPI_model_ready.csv,REAL,SCENARIO_INPUT
HILTON,CA,46.25,-83.883333,WPI_model_ready.csv,REAL,SCENARIO_INPUT
DESBARATS,CA,46.333333,-83.916667,WPI_model_ready.csv,REAL,SCENARIO_INPUT
RICHARDS LANDING,CA,46.3,-84.033333,WPI_model_ready.csv,REAL,SCENARIO_INPUT
SAULT STE MARIE,CA,46.516667,-84.35,WPI_model_ready.csv,REAL,SCENARIO_INPUT
ALGONAC,US,42.616667,-82.516667,WPI_model_ready.csv,REAL,SCENARIO_INPUT
MARINE CITY,US,42.716667,-82.5,WPI_model_ready.csv,REAL,SCENARIO_INPUT
ST CLAIR,US,42.816667,-82.483333,WPI_model_ready.csv,REAL,SCENARIO_INPUT
PORT HURON,US,43.0,-82.433333,WPI_model_ready.csv,REAL,SCENARIO_INPUT
HARBOR BEACH,US,43.85,-82.65,WPI_model_ready.csv,REAL,SCENARIO_INPUT
COURTRIGHT,CA,42.816667,-82.466667,WPI_model_ready.csv,REAL,SCENARIO_INPUT
SODUS BAY,US,43.266667,-76.983333,WPI_model_ready.csv,REAL,SCENARIO_INPUT
ROCHESTER,US,43.266667,-77.6,WPI_model_ready.csv,REAL,SCENARIO_INPUT
YOUNGSTOWN,US,43.25,-79.05,WPI_model_ready.csv,REAL,SCENARIO_INPUT
PORT COLBORNE,CA,42.883333,-79.25,WPI_model_ready.csv,REAL,SCENARIO_INPUT
PORT MAITLAND,CA,42.85,-79.583333,WPI_model_ready.csv,REAL,SCENARIO_INPUT
PORT DOVER,CA,42.783333,-80.2,WPI_model_ready.csv,REAL,SCENARIO_INPUT
PORT STANLEY,CA,42.666667,-81.2,WPI_model_ready.csv,REAL,SCENARIO_INPUT
RONDEAU,CA,42.266667,-81.9,WPI_model_ready.csv,REAL,SCENARIO_INPUT
PELEE I NORTH WHARF,CA,41.816667,-82.666667,WPI_model_ready.csv,REAL,SCENARIO_INPUT
PELEE I WEST DOCK,CA,41.766667,-82.683333,WPI_model_ready.csv,REAL,SCENARIO_INPUT
LEAMINGTON,CA,42.033333,-82.6,WPI_model_ready.csv,REAL,SCENARIO_INPUT
KINGSVILLE,CA,42.016667,-82.733333,WPI_model_ready.csv,REAL,SCENARIO_INPUT
AMHERSTBURG,CA,42.1,-83.1,WPI_model_ready.csv,REAL,SCENARIO_INPUT
WINDSOR,CA,42.316667,-83.033333,WPI_model_ready.csv,REAL,SCENARIO_INPUT
TONAWANDA,US,43.033333,-78.883333,WPI_model_ready.csv,REAL,SCENARIO_INPUT
BUFFALO,US,42.883333,-78.883333,WPI_model_ready.csv,REAL,SCENARIO_INPUT
DUNKIRK,US,42.483333,-79.333333,WPI_model_ready.csv,REAL,SCENARIO_INPUT
ERIE,US,42.15,-80.1,WPI_model_ready.csv,REAL,SCENARIO_INPUT
CONNEAUT,US,41.966667,-80.55,WPI_model_ready.csv,REAL,SCENARIO_INPUT
ASHTABULA,US,41.9,-80.8,WPI_model_ready.csv,REAL,SCENARIO_INPUT
FAIRPORT,US,41.766667,-81.3,WPI_model_ready.csv,REAL,SCENARIO_INPUT
CLEVELAND,US,41.5,-81.716667,WPI_model_ready.csv,REAL,SCENARIO_INPUT
LORAIN,US,41.466667,-82.183333,WPI_model_ready.csv,REAL,SCENARIO_INPUT
VERMILION,US,41.433333,-82.366667,WPI_model_ready.csv,REAL,SCENARIO_INPUT
HURON,US,41.4,-82.55,WPI_model_ready.csv,REAL,SCENARIO_INPUT
SANDUSKY,US,41.45,-82.716667,WPI_model_ready.csv,REAL,SCENARIO_INPUT
BLINYU,ID,-1.633333,105.783333,WPI_model_ready.csv,REAL,SCENARIO_INPUT
RAS LAFFAN,QA,25.916667,51.583333,WPI_model_ready.csv,REAL,SCENARIO_INPUT
TANJUNGPANDAN,ID,-2.75,107.633333,WPI_model_ready.csv,REAL,SCENARIO_INPUT
PALEMBANG,ID,-2.983333,104.766667,WPI_model_ready.csv,REAL,SCENARIO_INPUT
LUDERITZ BAY,,-26.65,15.15,WPI_model_ready.csv,REAL,SCENARIO_INPUT
WALVIS BAY,,-22.95,14.5,WPI_model_ready.csv,REAL,SCENARIO_INPUT
EAST LONDON,ZA,-33.033333,27.916667,WPI_model_ready.csv,REAL,SCENARIO_INPUT
DURBAN,ZA,-29.866667,31.066667,WPI_model_ready.csv,REAL,SCENARIO_INPUT
INHAMBANE,MZ,-23.916667,35.4,WPI_model_ready.csv,REAL,SCENARIO_INPUT
BEIRA,MZ,-19.833333,34.833333,WPI_model_ready.csv,REAL,SCENARIO_INPUT
PORTO BELO,MZ,-17.7,37.183333,WPI_model_ready.csv,REAL,SCENARIO_INPUT
PEBANE,MZ,-17.266667,38.15,WPI_model_ready.csv,REAL,SCENARIO_INPUT
PEMBA,MZ,-12.966667,40.5,WPI_model_ready.csv,REAL,SCENARIO_INPUT
IBO,MZ,-12.333333,40.616667,WPI_model_ready.csv,REAL,SCENARIO_INPUT
KILWA KIVINJE,TZ,-8.733333,39.416667,WPI_model_ready.csv,REAL,SCENARIO_INPUT
MJIMWEMA TERMINAL,TZ,-6.816667,39.366667,WPI_model_ready.csv,REAL,SCENARIO_INPUT
TANGA,TZ,-5.083333,39.116667,WPI_model_ready.csv,REAL,SCENARIO_INPUT
ZANZIBAR,TZ,-6.166667,39.183333,WPI_model_ready.csv,REAL,SCENARIO_INPUT
KISMAAYO,SO,-0.366667,42.55,WPI_model_ready.csv,REAL,SCENARIO_INPUT
BARAAWE,SO,1.1,44.05,WPI_model_ready.csv,REAL,SCENARIO_INPUT
VICTORIA,SC,-4.616667,55.45,WPI_model_ready.csv,REAL,SCENARIO_INPUT
MORONI,KM,-11.7,43.25,WPI_model_ready.csv,REAL,SCENARIO_INPUT
DZAOUDZI,KM,-12.783333,45.25,WPI_model_ready.csv,REAL,SCENARIO_INPUT
ANDOANY,MG,-13.4,48.3,WPI_model_ready.csv,REAL,SCENARIO_INPUT
MORONDAVA,MG,-20.283333,44.3,WPI_model_ready.csv,REAL,SCENARIO_INPUT
RAUMA,FI,61.133333,21.5,WPI_model_ready.csv,REAL,SCENARIO_INPUT
UUSIKAUPUNKI,FI,60.8,21.4,WPI_model_ready.csv,REAL,SCENARIO_INPUT
NAANTALI,FI,60.466667,22.016667,WPI_model_ready.csv,REAL,SCENARIO_INPUT
TURKU,FI,60.45,22.233333,WPI_model_ready.csv,REAL,SCENARIO_INPUT
UDANG OILFIELD,ID,4.033333,106.483333,WPI_model_ready.csv,REAL,SCENARIO_INPUT
SIGNILSKAR,FI,60.2,19.333333,WPI_model_ready.csv,REAL,SCENARIO_INPUT
WIDURI MARINE TERMINAL,ID,-4.666667,106.65,WPI_model_ready.csv,REAL,SCENARIO_INPUT
MARIEHAMN,FI,60.1,19.916667,WPI_model_ready.csv,REAL,SCENARIO_INPUT
KUMUL,PG,-8.1,144.566667,WPI_model_ready.csv,REAL,SCENARIO_INPUT
HANKO,FI,59.816667,22.95,WPI_model_ready.csv,REAL,SCENARIO_INPUT
TOREHAMN,SE,65.9,22.65,WPI_model_ready.csv,REAL,SCENARIO_INPUT
TARAKOHE,NZ,-40.85,172.9,WPI_model_ready.csv,REAL,SCENARIO_INPUT
KOPMANHOLMEN,SE,63.166667,18.583333,WPI_model_ready.csv,REAL,SCENARIO_INPUT
BAKAPIT,MY,4.95,118.583333,WPI_model_ready.csv,REAL,SCENARIO_INPUT
ORNSKOLDSVIK,SE,63.283333,18.716667,WPI_model_ready.csv,REAL,SCENARIO_INPUT
HUSUM,SE,63.333333,19.15,WPI_model_ready.csv,REAL,SCENARIO_INPUT
RUNDVIK,SE,63.533333,19.45,WPI_model_ready.csv,REAL,SCENARIO_INPUT
NORDMALING,SE,63.566667,19.483333,WPI_model_ready.csv,REAL,SCENARIO_INPUT
BINTANGOR,MY,2.166667,111.633333,WPI_model_ready.csv,REAL,SCENARIO_INPUT
MOSTYN,MY,4.683333,118.25,WPI_model_ready.csv,REAL,SCENARIO_INPUT
PORT LANGKAWI,MY,6.433333,99.766667,WPI_model_ready.csv,REAL,SCENARIO_INPUT
KEMAMAN HARBOR,MY,4.25,103.466667,WPI_model_ready.csv,REAL,SCENARIO_INPUT
UMEA HAMN,SE,63.7,20.35,WPI_model_ready.csv,REAL,SCENARIO_INPUT
TG. MANI,MY,2.15,111.35,WPI_model_ready.csv,REAL,SCENARIO_INPUT
GUMBODAHAMN,SE,64.233333,21.1,WPI_model_ready.csv,REAL,SCENARIO_INPUT
TANJUNG PELEPAS,MY,1.35,103.55,WPI_model_ready.csv,REAL,SCENARIO_INPUT
BONGKOT TERMINAL,TH,8.05,102.333333,WPI_model_ready.csv,REAL,SCENARIO_INPUT
VUNG TAU,VN,10.35,107.066667,WPI_model_ready.csv,REAL,SCENARIO_INPUT
SKELLEFTEHAMN,SE,64.683333,21.233333,WPI_model_ready.csv,REAL,SCENARIO_INPUT
KAGEHAMN,SE,64.833333,21.033333,WPI_model_ready.csv,REAL,SCENARIO_INPUT
PATTANI,TH,6.95,101.3,WPI_model_ready.csv,REAL,SCENARIO_INPUT
TANTAWAN MARINE TERMINAL,TH,10.083333,101.416667,WPI_model_ready.csv,REAL,SCENARIO_INPUT
BRANNFORS,SE,65.016667,21.383333,WPI_model_ready.csv,REAL,SCENARIO_INPUT
BANG SAPHAN,TH,11.183333,99.6,WPI_model_ready.csv,REAL,SCENARIO_INPUT
KHANOM,TH,9.2,99.9,WPI_model_ready.csv,REAL,SCENARIO_INPUT
LAEM CHABANG,TH,13.083333,100.883333,WPI_model_ready.csv,REAL,SCENARIO_INPUT
PITEA,SE,65.316667,21.483333,WPI_model_ready.csv,REAL,SCENARIO_INPUT
ERAWAN TERMINAL,TH,9.1,101.35,WPI_model_ready.csv,REAL,SCENARIO_INPUT
BENCHAMAS TERMINAL,TH,10.516667,101.25,WPI_model_ready.csv,REAL,SCENARIO_INPUT
LULEA,SE,65.583333,22.166667,WPI_model_ready.csv,REAL,SCENARIO_INPUT
SI RACHA,TH,13.166667,100.916667,WPI_model_ready.csv,REAL,SCENARIO_INPUT
MAP TA PHUT,TH,12.666667,101.166667,WPI_model_ready.csv,REAL,SCENARIO_INPUT
GAVLE,SE,60.683333,17.166667,WPI_model_ready.csv,REAL,SCENARIO_INPUT
COLON,AR,-32.216667,-58.133333,WPI_model_ready.csv,REAL,SCENARIO_INPUT
LA PLATA,AR,-34.833333,-57.883333,WPI_model_ready.csv,REAL,SCENARIO_INPUT
DEGRAD DES CANNES,GF,4.85,-52.266667,WPI_model_ready.csv,REAL,SCENARIO_INPUT
PORTO SANTANA,BR,-0.05,-51.183333,WPI_model_ready.csv,REAL,SCENARIO_INPUT
BELEM,BR,-1.45,-48.5,WPI_model_ready.csv,REAL,SCENARIO_INPUT
CAMETA,BR,-2.25,-49.5,WPI_model_ready.csv,REAL,SCENARIO_INPUT
SANTAREM,BR,-2.416667,-54.716667,WPI_model_ready.csv,REAL,SCENARIO_INPUT
ITACOATIARA,BR,-3.15,-58.45,WPI_model_ready.csv,REAL,SCENARIO_INPUT
MANAUS,BR,-3.133333,-60.016667,WPI_model_ready.csv,REAL,SCENARIO_INPUT
TUTOIA,BR,-2.783333,-42.283333,WPI_model_ready.csv,REAL,SCENARIO_INPUT
CAMOCIM,BR,-2.9,-40.833333,WPI_model_ready.csv,REAL,SCENARIO_INPUT
CABEDELO,BR,-6.966667,-34.833333,WPI_model_ready.csv,REAL,SCENARIO_INPUT
RECIFE,BR,-8.05,-34.866667,WPI_model_ready.csv,REAL,SCENARIO_INPUT
PORTO DE MACEIO,BR,-9.666667,-35.733333,WPI_model_ready.csv,REAL,SCENARIO_INPUT
ARATU,BR,-12.783333,-38.5,WPI_model_ready.csv,REAL,SCENARIO_INPUT
MADRE DE DEUS,BR,-12.75,-38.616667,WPI_model_ready.csv,REAL,SCENARIO_INPUT
PORT OF ILHEUS,BR,-14.783333,-39.016667,WPI_model_ready.csv,REAL,SCENARIO_INPUT
MACAE,BR,-22.366667,-41.766667,WPI_model_ready.csv,REAL,SCENARIO_INPUT
PORTO DO FORNO,BR,-22.966667,-42.016667,WPI_model_ready.csv,REAL,SCENARIO_INPUT
ANGRA DOS REIS,BR,-23.016667,-44.316667,WPI_model_ready.csv,REAL,SCENARIO_INPUT
SAO SEBASTIAO,BR,-23.8,-45.4,WPI_model_ready.csv,REAL,SCENARIO_INPUT
SANTOS,BR,-23.95,-46.3,WPI_model_ready.csv,REAL,SCENARIO_INPUT
MOENGO,SR,5.633333,-54.416667,WPI_model_ready.csv,REAL,SCENARIO_INPUT
MARACAIBO,VE,10.633333,-71.6,WPI_model_ready.csv,REAL,SCENARIO_INPUT
PORT CLINTON,US,41.516667,-82.933333,WPI_model_ready.csv,REAL,SCENARIO_INPUT
PUT IN BAY,US,41.65,-82.816667,WPI_model_ready.csv,REAL,SCENARIO_INPUT
TOLEDO,US,41.7,-83.466667,WPI_model_ready.csv,REAL,SCENARIO_INPUT
MONROE,US,41.883333,-83.333333,WPI_model_ready.csv,REAL,SCENARIO_INPUT
TRENTON,US,42.133333,-83.166667,WPI_model_ready.csv,REAL,SCENARIO_INPUT
WYANDOTTE,US,42.2,-83.15,WPI_model_ready.csv,REAL,SCENARIO_INPUT
ROUGE RIVER,US,42.283333,-83.116667,WPI_model_ready.csv,REAL,SCENARIO_INPUT
DETROIT,US,42.333333,-83.033333,WPI_model_ready.csv,REAL,SCENARIO_INPUT
WALPOLE ISLAND,CA,42.616667,-82.516667,WPI_model_ready.csv,REAL,SCENARIO_INPUT
SOMBRA,CA,42.716667,-82.483333,WPI_model_ready.csv,REAL,SCENARIO_INPUT
SACKETS HARBOR,US,43.95,-76.116667,WPI_model_ready.csv,REAL,SCENARIO_INPUT
OSWEGO,US,43.466667,-76.516667,WPI_model_ready.csv,REAL,SCENARIO_INPUT
MASSON,CA,45.533333,-75.416667,WPI_model_ready.csv,REAL,SCENARIO_INPUT
GATINEAU,CA,45.483333,-75.65,WPI_model_ready.csv,REAL,SCENARIO_INPUT
OTTAWA,CA,45.433333,-75.7,WPI_model_ready.csv,REAL,SCENARIO_INPUT
HULL,CA,45.433333,-75.7,WPI_model_ready.csv,REAL,SCENARIO_INPUT
BEAUHARNOIS,CA,45.316667,-73.883333,WPI_model_ready.csv,REAL,SCENARIO_INPUT
COTEAU LANDING,CA,45.25,-74.2,WPI_model_ready.csv,REAL,SCENARIO_INPUT
ST ZOTIQUE,CA,45.25,-74.25,WPI_model_ready.csv,REAL,SCENARIO_INPUT
ST ANICET,CA,45.133333,-74.366667,WPI_model_ready.csv,REAL,SCENARIO_INPUT
SOUTH LANCASTER,CA,45.133333,-74.5,WPI_model_ready.csv,REAL,SCENARIO_INPUT
CORNWALL,CA,45.016667,-74.733333,WPI_model_ready.csv,REAL,SCENARIO_INPUT
CARDINAL,CA,44.783333,-75.383333,WPI_model_ready.csv,REAL,SCENARIO_INPUT
LOWER LAKES TERMINAL,CA,44.733333,-75.466667,WPI_model_ready.csv,REAL,SCENARIO_INPUT
BROCKVILLE,CA,44.583333,-75.666667,WPI_model_ready.csv,REAL,SCENARIO_INPUT
ROCKPORT,CA,44.383333,-75.933333,WPI_model_ready.csv,REAL,SCENARIO_INPUT
GANANOQUE,CA,44.333333,-76.166667,WPI_model_ready.csv,REAL,SCENARIO_INPUT
WOLFE ISLAND,CA,44.2,-76.433333,WPI_model_ready.csv,REAL,SCENARIO_INPUT
KINGSTON,CA,44.233333,-76.5,WPI_model_ready.csv,REAL,SCENARIO_INPUT
OGDENSBURG,US,44.7,-75.5,WPI_model_ready.csv,REAL,SCENARIO_INPUT
ALEXANDRIA BAY,US,44.333333,-75.916667,WPI_model_ready.csv,REAL,SCENARIO_INPUT
CLAYTON,US,44.233333,-76.05,WPI_model_ready.csv,REAL,SCENARIO_INPUT
MILLHAVEN,CA,44.2,-76.733333,WPI_model_ready.csv,REAL,SCENARIO_INPUT
PICTON,CA,44.016667,-77.133333,WPI_model_ready.csv,REAL,SCENARIO_INPUT
BELLEVILLE,CA,44.15,-77.4,WPI_model_ready.csv,REAL,SCENARIO_INPUT
TRENTON,CA,44.1,-77.566667,WPI_model_ready.csv,REAL,SCENARIO_INPUT
COBOURG,CA,43.95,-78.166667,WPI_model_ready.csv,REAL,SCENARIO_INPUT
PORT HOPE,CA,43.933333,-78.283333,WPI_model_ready.csv,REAL,SCENARIO_INPUT
OSHAWA,CA,43.866667,-78.816667,WPI_model_ready.csv,REAL,SCENARIO_INPUT
PORT WHITBY,CA,43.85,-78.933333,WPI_model_ready.csv,REAL,SCENARIO_INPUT
TORONTO,CA,43.616667,-79.383333,WPI_model_ready.csv,REAL,SCENARIO_INPUT
PORT CREDIT,CA,43.55,-79.583333,WPI_model_ready.csv,REAL,SCENARIO_INPUT
CLARKSON,CA,43.5,-79.6,WPI_model_ready.csv,REAL,SCENARIO_INPUT
OAKVILLE,CA,43.433333,-79.666667,WPI_model_ready.csv,REAL,SCENARIO_INPUT
BRONTE,CA,43.4,-79.716667,WPI_model_ready.csv,REAL,SCENARIO_INPUT
HAMILTON,CA,43.25,-79.85,WPI_model_ready.csv,REAL,SCENARIO_INPUT
PORT DALHOUSIE,CA,43.216667,-79.266667,WPI_model_ready.csv,REAL,SCENARIO_INPUT
PORT WELLER,CA,43.233333,-79.216667,WPI_model_ready.csv,REAL,SCENARIO_INPUT
WELLAND,CA,43.0,-79.25,WPI_model_ready.csv,REAL,SCENARIO_INPUT
TOLIARA,MG,-23.366667,43.666667,WPI_model_ready.csv,REAL,SCENARIO_INPUT
MANANJARY,MG,-21.25,48.333333,WPI_model_ready.csv,REAL,SCENARIO_INPUT
TOAMASINA,MG,-18.166667,49.416667,WPI_model_ready.csv,REAL,SCENARIO_INPUT
ANTISRANANA,MG,-12.266667,49.283333,WPI_model_ready.csv,REAL,SCENARIO_INPUT
SAINT-DENIS,RE,-20.866667,55.45,WPI_model_ready.csv,REAL,SCENARIO_INPUT
PORT OUEST,RE,-20.933333,55.283333,WPI_model_ready.csv,REAL,SCENARIO_INPUT
PORT LOUIS,MU,-20.15,57.5,WPI_model_ready.csv,REAL,SCENARIO_INPUT
PORT MATHURIN,MU,-19.683333,63.416667,WPI_model_ready.csv,REAL,SCENARIO_INPUT
GASPE,CA,48.833333,-64.483333,WPI_model_ready.csv,REAL,SCENARIO_INPUT
RIMOUSKI,CA,48.45,-68.516667,WPI_model_ready.csv,REAL,SCENARIO_INPUT
CHICOUTIMI (PORT SAGUENAY),CA,48.433333,-71.066667,WPI_model_ready.csv,REAL,SCENARIO_INPUT
SOREL,CA,46.05,-73.116667,WPI_model_ready.csv,REAL,SCENARIO_INPUT
JASK,IR,25.633333,57.766667,WPI_model_ready.csv,REAL,SCENARIO_INPUT
DORALEH,DJ,11.6,43.083333,WPI_model_ready.csv,REAL,SCENARIO_INPUT
BOOSAASO,SO,11.283333,49.183333,WPI_model_ready.csv,REAL,SCENARIO_INPUT
AL KHAIR OIL TERMINAL,SD,19.583333,37.25,WPI_model_ready.csv,REAL,SCENARIO_INPUT
BESHAYER OIL TERMINAL,SD,19.4,37.316667,WPI_model_ready.csv,REAL,SCENARIO_INPUT
SAWAKIN HARBOR,SD,19.133333,37.35,WPI_model_ready.csv,REAL,SCENARIO_INPUT
UMM AL QAYWAYN,AE,25.583333,55.583333,WPI_model_ready.csv,REAL,SCENARIO_INPUT
SHARJAH OFFSHORE TERMINAL,AE,25.583333,55.4,WPI_model_ready.csv,REAL,SCENARIO_INPUT
ASH SHARIQAH,AE,25.416667,55.366667,WPI_model_ready.csv,REAL,SCENARIO_INPUT
AJMAN,AE,25.416667,55.433333,WPI_model_ready.csv,REAL,SCENARIO_INPUT
AL JAZEERA PORT,AE,25.716667,55.783333,WPI_model_ready.csv,REAL,SCENARIO_INPUT
ZIRKUH PETROLEUM PORT,AE,25.016667,53.0,WPI_model_ready.csv,REAL,SCENARIO_INPUT
BENGKULU,ID,-3.783333,102.25,WPI_model_ready.csv,REAL,SCENARIO_INPUT
CANAPORT (ST. JOHN),CA,45.2,-65.983333,WPI_model_ready.csv,REAL,SCENARIO_INPUT
YARMOUTH,CA,43.833333,-66.116667,WPI_model_ready.csv,REAL,SCENARIO_INPUT
LIVERPOOL (BROOKLYN),CA,44.033333,-64.65,WPI_model_ready.csv,REAL,SCENARIO_INPUT
WHITEHAVEN HARBOR,CA,45.233333,-61.183333,WPI_model_ready.csv,REAL,SCENARIO_INPUT
JIJEL,DZ,36.833333,5.783333,WPI_model_ready.csv,REAL,SCENARIO_INPUT
NORRSUNDET,SE,60.933333,17.166667,WPI_model_ready.csv,REAL,SCENARIO_INPUT
SONGKHLA HARBOR,TH,7.216667,100.583333,WPI_model_ready.csv,REAL,SCENARIO_INPUT
DAI HANG,VN,8.483333,108.683333,WPI_model_ready.csv,REAL,SCENARIO_INPUT
VALLVIK,SE,61.183333,17.166667,WPI_model_ready.csv,REAL,SCENARIO_INPUT
MUI VUNG TAU,VN,10.316667,107.066667,WPI_model_ready.csv,REAL,SCENARIO_INPUT
SODERHAMN,SE,61.3,17.083333,WPI_model_ready.csv,REAL,SCENARIO_INPUT
PHU MY,VN,10.583333,107.033333,WPI_model_ready.csv,REAL,SCENARIO_INPUT
GINGOOG,PH,8.833333,125.1,WPI_model_ready.csv,REAL,SCENARIO_INPUT
IGGESUND,SE,61.65,17.083333,WPI_model_ready.csv,REAL,SCENARIO_INPUT
ISABEL,PH,10.916667,124.433333,WPI_model_ready.csv,REAL,SCENARIO_INPUT
HUDIKSVALL,SE,61.733333,17.116667,WPI_model_ready.csv,REAL,SCENARIO_INPUT
MASAO,PH,9.0,125.416667,WPI_model_ready.csv,REAL,SCENARIO_INPUT
STOCKA,SE,61.9,17.35,WPI_model_ready.csv,REAL,SCENARIO_INPUT
TANAUAN,PH,11.1,125.016667,WPI_model_ready.csv,REAL,SCENARIO_INPUT
SHAKHTERSK,RU,49.166667,142.066667,WPI_model_ready.csv,REAL,SCENARIO_INPUT
KAVKAZ OIL TERMINAL,RU,45.333333,36.65,WPI_model_ready.csv,REAL,SCENARIO_INPUT
ZARUBINO,RU,42.633333,131.083333,WPI_model_ready.csv,REAL,SCENARIO_INPUT
VITAZ MARINE TERMINAL,RU,52.7,143.55,WPI_model_ready.csv,REAL,SCENARIO_INPUT
STOCKVIK,SE,62.333333,17.383333,WPI_model_ready.csv,REAL,SCENARIO_INPUT
SUNDSVALL,SE,62.383333,17.35,WPI_model_ready.csv,REAL,SCENARIO_INPUT
VIVSTAVARV,SE,62.483333,17.35,WPI_model_ready.csv,REAL,SCENARIO_INPUT
SORAKER,SE,62.5,17.5,WPI_model_ready.csv,REAL,SCENARIO_INPUT
HARNOSAND,SE,62.633333,17.933333,WPI_model_ready.csv,REAL,SCENARIO_INPUT
ULVVIK,SE,62.666667,17.866667,WPI_model_ready.csv,REAL,SCENARIO_INPUT
UTANSJO,SE,62.766667,17.933333,WPI_model_ready.csv,REAL,SCENARIO_INPUT
GUSTAVSVIK,SE,62.833333,17.883333,WPI_model_ready.csv,REAL,SCENARIO_INPUT
LUNDE,SE,62.883333,17.883333,WPI_model_ready.csv,REAL,SCENARIO_INPUT
KRAMFORS,SE,62.933333,17.8,WPI_model_ready.csv,REAL,SCENARIO_INPUT
KARSKAR,SE,60.683333,17.266667,WPI_model_ready.csv,REAL,SCENARIO_INPUT
VAJA,SE,62.983333,17.716667,WPI_model_ready.csv,REAL,SCENARIO_INPUT
BOLLSTABRUK,SE,63.0,17.7,WPI_model_ready.csv,REAL,SCENARIO_INPUT
DEGERHAMN,SE,56.35,16.416667,WPI_model_ready.csv,REAL,SCENARIO_INPUT
RONEHAMN,SE,57.116667,18.5,WPI_model_ready.csv,REAL,SCENARIO_INPUT
SLITE,SE,57.7,18.816667,WPI_model_ready.csv,REAL,SCENARIO_INPUT
FAROSUND,SE,57.916667,19.05,WPI_model_ready.csv,REAL,SCENARIO_INPUT
STORUGNS,SE,57.833333,18.8,WPI_model_ready.csv,REAL,SCENARIO_INPUT
VISBY,SE,57.633333,18.283333,WPI_model_ready.csv,REAL,SCENARIO_INPUT
KLINTEHAMN,SE,57.383333,18.2,WPI_model_ready.csv,REAL,SCENARIO_INPUT
VERKEBACK,SE,57.733333,16.533333,WPI_model_ready.csv,REAL,SCENARIO_INPUT
VASTERVIK,SE,57.766667,16.65,WPI_model_ready.csv,REAL,SCENARIO_INPUT
NORRKOPING,SE,58.583333,16.2,WPI_model_ready.csv,REAL,SCENARIO_INPUT
OXELOSUND,SE,58.666667,17.116667,WPI_model_ready.csv,REAL,SCENARIO_INPUT
NYKOPING,SE,58.75,17.016667,WPI_model_ready.csv,REAL,SCENARIO_INPUT
SODERTALJE,SE,59.183333,17.65,WPI_model_ready.csv,REAL,SCENARIO_INPUT
NYNASHAMN,SE,58.9,17.966667,WPI_model_ready.csv,REAL,SCENARIO_INPUT
SAN LORENZO,VE,9.783333,-71.066667,WPI_model_ready.csv,REAL,SCENARIO_INPUT
PUNTA DE PALMAS,VE,10.783333,-71.583333,WPI_model_ready.csv,REAL,SCENARIO_INPUT
BAJO GRANDE,VE,10.516667,-71.633333,WPI_model_ready.csv,REAL,SCENARIO_INPUT
PUNTA CARDON,VE,11.633333,-70.233333,WPI_model_ready.csv,REAL,SCENARIO_INPUT
AMUAY (BAHIA DE AMUAY),VE,11.75,-70.233333,WPI_model_ready.csv,REAL,SCENARIO_INPUT
PUERTO CUMAREBO,VE,11.483333,-69.35,WPI_model_ready.csv,REAL,SCENARIO_INPUT
EL PALITO,VE,10.483333,-68.116667,WPI_model_ready.csv,REAL,SCENARIO_INPUT
PUERTO CABELLO,VE,10.483333,-68.0,WPI_model_ready.csv,REAL,SCENARIO_INPUT
LA GUAIRA,VE,10.616667,-66.933333,WPI_model_ready.csv,REAL,SCENARIO_INPUT
GUANTA,VE,10.25,-64.583333,WPI_model_ready.csv,REAL,SCENARIO_INPUT
BAHIA DE PERTIGALETE,VE,10.233333,-64.566667,WPI_model_ready.csv,REAL,SCENARIO_INPUT
CARUPANO,VE,10.7,-63.25,WPI_model_ready.csv,REAL,SCENARIO_INPUT
GUIRIA,VE,10.566667,-62.3,WPI_model_ready.csv,REAL,SCENARIO_INPUT
PUERTO DE HIERRO,VE,10.633333,-62.1,WPI_model_ready.csv,REAL,SCENARIO_INPUT
CARIPITO,VE,10.15,-63.033333,WPI_model_ready.csv,REAL,SCENARIO_INPUT
PALUA,VE,8.366667,-62.683333,WPI_model_ready.csv,REAL,SCENARIO_INPUT
PUERTO ORDAZ,VE,8.35,-62.716667,WPI_model_ready.csv,REAL,SCENARIO_INPUT
GEORGETOWN,GY,6.833333,-58.166667,WPI_model_ready.csv,REAL,SCENARIO_INPUT
LINDEN,GY,6.0,-58.3,WPI_model_ready.csv,REAL,SCENARIO_INPUT
NEW AMSTERDAM,GY,6.25,-57.516667,WPI_model_ready.csv,REAL,SCENARIO_INPUT
NIEUW NICKERIE,SR,5.95,-57.0,WPI_model_ready.csv,REAL,SCENARIO_INPUT
PARAMARIBO,SR,5.833333,-55.166667,WPI_model_ready.csv,REAL,SCENARIO_INPUT
PARANAM,SR,5.616667,-55.1,WPI_model_ready.csv,REAL,SCENARIO_INPUT
BASSE TERRE,GP,16.0,-61.733333,WPI_model_ready.csv,REAL,SCENARIO_INPUT
PORT LOUIS,GP,16.416667,-61.533333,WPI_model_ready.csv,REAL,SCENARIO_INPUT
ROSEAU,DM,15.3,-61.4,WPI_model_ready.csv,REAL,SCENARIO_INPUT
PORTSMOUTH,DM,15.566667,-61.466667,WPI_model_ready.csv,REAL,SCENARIO_INPUT
FORT DE FRANCE,MQ,14.6,-61.066667,WPI_model_ready.csv,REAL,SCENARIO_INPUT
THOROLD,CA,43.083333,-79.716667,WPI_model_ready.csv,REAL,SCENARIO_INPUT
ST CATHERINE,CA,43.183333,-79.283333,WPI_model_ready.csv,REAL,SCENARIO_INPUT
NIAGARA,CA,43.25,-79.066667,WPI_model_ready.csv,REAL,SCENARIO_INPUT
QUEENSTON,CA,43.166667,-79.066667,WPI_model_ready.csv,REAL,SCENARIO_INPUT
CHAUMONT,US,44.066667,-76.133333,WPI_model_ready.csv,REAL,SCENARIO_INPUT
CUMBERLAND,CA,45.516667,-75.4,WPI_model_ready.csv,REAL,SCENARIO_INPUT
GRAND BANK,CA,47.1,-55.75,WPI_model_ready.csv,REAL,SCENARIO_INPUT
PORT AUX BASQUES,CA,47.566667,-59.133333,WPI_model_ready.csv,REAL,SCENARIO_INPUT
STEPHENVILLE,CA,48.533333,-58.533333,WPI_model_ready.csv,REAL,SCENARIO_INPUT
ST GEORGE'S,CA,48.45,-58.45,WPI_model_ready.csv,REAL,SCENARIO_INPUT
CORNER BROOK,CA,48.95,-57.95,WPI_model_ready.csv,REAL,SCENARIO_INPUT
BLANC SABLON,CA,51.416667,-57.133333,WPI_model_ready.csv,REAL,SCENARIO_INPUT
HAVRE ST PIERRE,CA,50.233333,-63.6,WPI_model_ready.csv,REAL,SCENARIO_INPUT
POINTE NOIRE,CA,50.166667,-66.483333,WPI_model_ready.csv,REAL,SCENARIO_INPUT
PORT CARTIER,CA,50.033333,-66.783333,WPI_model_ready.csv,REAL,SCENARIO_INPUT
MATANE,CA,48.85,-67.533333,WPI_model_ready.csv,REAL,SCENARIO_INPUT
BAIE COMEAU,CA,49.233333,-68.133333,WPI_model_ready.csv,REAL,SCENARIO_INPUT
TADOUSSAC,CA,48.15,-69.716667,WPI_model_ready.csv,REAL,SCENARIO_INPUT
LA BAIE (PORT ALFRED),CA,48.333333,-70.883333,WPI_model_ready.csv,REAL,SCENARIO_INPUT
RIVIERE DU LOUP,CA,47.833333,-69.516667,WPI_model_ready.csv,REAL,SCENARIO_INPUT
QUEBEC,CA,46.816667,-71.216667,WPI_model_ready.csv,REAL,SCENARIO_INPUT
TROIS RIVIERES,CA,46.35,-72.55,WPI_model_ready.csv,REAL,SCENARIO_INPUT
MONTREAL,CA,45.516667,-73.55,WPI_model_ready.csv,REAL,SCENARIO_INPUT
VAUDREUIL,CA,45.4,-74.033333,WPI_model_ready.csv,REAL,SCENARIO_INPUT
OKA SUR LE LAC,CA,45.466667,-74.083333,WPI_model_ready.csv,REAL,SCENARIO_INPUT
HUDSON,CA,45.466667,-74.133333,WPI_model_ready.csv,REAL,SCENARIO_INPUT
ST PLACIDE,CA,45.533333,-74.2,WPI_model_ready.csv,REAL,SCENARIO_INPUT
ST ANDREWS EAST,CA,45.566667,-74.333333,WPI_model_ready.csv,REAL,SCENARIO_INPUT
CARILLON,CA,45.566667,-74.366667,WPI_model_ready.csv,REAL,SCENARIO_INPUT
CHUTE A BLONDEAU,CA,45.583333,-74.466667,WPI_model_ready.csv,REAL,SCENARIO_INPUT
GRENVILLE,CA,45.633333,-74.6,WPI_model_ready.csv,REAL,SCENARIO_INPUT
HAWKESBURY,CA,45.616667,-74.616667,WPI_model_ready.csv,REAL,SCENARIO_INPUT
FASSETT,CA,45.65,-74.866667,WPI_model_ready.csv,REAL,SCENARIO_INPUT
MONTEBELLO,CA,45.65,-74.933333,WPI_model_ready.csv,REAL,SCENARIO_INPUT
PAPINEAUVILLE,CA,45.616667,-75.016667,WPI_model_ready.csv,REAL,SCENARIO_INPUT
THURSO,CA,45.6,-75.233333,WPI_model_ready.csv,REAL,SCENARIO_INPUT
SYDNEY,CA,46.15,-60.2,WPI_model_ready.csv,REAL,SCENARIO_INPUT
LOUISBURG,CA,45.916667,-59.966667,WPI_model_ready.csv,REAL,SCENARIO_INPUT
SOURIS HARBOUR,CA,46.35,-62.25,WPI_model_ready.csv,REAL,SCENARIO_INPUT
CHARLOTTETOWN,CA,46.233333,-63.133333,WPI_model_ready.csv,REAL,SCENARIO_INPUT
DALHOUSIE,CA,48.066667,-66.366667,WPI_model_ready.csv,REAL,SCENARIO_INPUT
MINGAN,CA,50.283333,-64.016667,WPI_model_ready.csv,REAL,SCENARIO_INPUT
SEPT ILES,CA,50.2,-66.383333,WPI_model_ready.csv,REAL,SCENARIO_INPUT
BURGEO,CA,47.6,-57.616667,WPI_model_ready.csv,REAL,SCENARIO_INPUT
PORT DE ST PIERRE,CA,46.783333,-56.166667,WPI_model_ready.csv,REAL,SCENARIO_INPUT
COME BY CHANCE HARBOR,CA,47.8,-54.016667,WPI_model_ready.csv,REAL,SCENARIO_INPUT
BELAWAN,ID,3.783333,98.683333,WPI_model_ready.csv,REAL,SCENARIO_INPUT
SIDI KERIR (KURAYR),EG,31.1,29.616667,WPI_model_ready.csv,REAL,SCENARIO_INPUT
GRESIK,ID,-7.15,112.65,WPI_model_ready.csv,REAL,SCENARIO_INPUT
FORTUNE HARBOR,CA,49.533333,-55.233333,WPI_model_ready.csv,REAL,SCENARIO_INPUT
SPRINGDALE,CA,49.5,-56.066667,WPI_model_ready.csv,REAL,SCENARIO_INPUT
HAIFA,IL,32.816667,35.0,WPI_model_ready.csv,REAL,SCENARIO_INPUT
BAYRUT,LB,33.9,35.5,WPI_model_ready.csv,REAL,SCENARIO_INPUT
CONCHE,CA,50.883333,-55.9,WPI_model_ready.csv,REAL,SCENARIO_INPUT
BRINDISI,IT,40.65,17.983333,WPI_model_ready.csv,REAL,SCENARIO_INPUT
PORT BERINGOVSKY,RU,63.066667,179.366667,WPI_model_ready.csv,REAL,SCENARIO_INPUT
EL JADIDA,MA,33.25,-8.5,WPI_model_ready.csv,REAL,SCENARIO_INPUT
CHURCHILL,CA,58.783333,-94.183333,WPI_model_ready.csv,REAL,SCENARIO_INPUT
GUSTAVSBERG,SE,59.316667,18.383333,WPI_model_ready.csv,REAL,SCENARIO_INPUT
SANDHAMN,SE,59.283333,18.916667,WPI_model_ready.csv,REAL,SCENARIO_INPUT
STOCKHOLM,SE,59.333333,18.05,WPI_model_ready.csv,REAL,SCENARIO_INPUT
VASTERAS,SE,59.616667,16.55,WPI_model_ready.csv,REAL,SCENARIO_INPUT
GRISSLEHAMN,SE,60.1,18.816667,WPI_model_ready.csv,REAL,SCENARIO_INPUT
HALLSTAVIK,SE,60.05,18.583333,WPI_model_ready.csv,REAL,SCENARIO_INPUT
HARGSHAMN,SE,60.183333,18.45,WPI_model_ready.csv,REAL,SCENARIO_INPUT
SKUTSKAR,SE,60.65,17.4,WPI_model_ready.csv,REAL,SCENARIO_INPUT
OSKARSHAMN,SE,57.266667,16.45,WPI_model_ready.csv,REAL,SCENARIO_INPUT
FIGEHOLM,SE,57.366667,16.5,WPI_model_ready.csv,REAL,SCENARIO_INPUT
MOSS,NO,59.45,10.666667,WPI_model_ready.csv,REAL,SCENARIO_INPUT
SARPSBORG,NO,59.266667,11.1,WPI_model_ready.csv,REAL,SCENARIO_INPUT
FREDRIKSTAD,NO,59.2,10.95,WPI_model_ready.csv,REAL,SCENARIO_INPUT
HALDEN,NO,59.116667,11.383333,WPI_model_ready.csv,REAL,SCENARIO_INPUT
STROMSTAD,SE,58.933333,11.166667,WPI_model_ready.csv,REAL,SCENARIO_INPUT
GREBBESTAD,SE,58.683333,11.266667,WPI_model_ready.csv,REAL,SCENARIO_INPUT
FJALLBACKA,SE,58.6,11.283333,WPI_model_ready.csv,REAL,SCENARIO_INPUT
BOVALLSTRAND,SE,58.483333,11.333333,WPI_model_ready.csv,REAL,SCENARIO_INPUT
HUNNEBOSTRAND,SE,58.433333,11.3,WPI_model_ready.csv,REAL,SCENARIO_INPUT
LYSEKIL,SE,58.266667,11.433333,WPI_model_ready.csv,REAL,SCENARIO_INPUT
UDDEVALLA,SE,58.35,11.916667,WPI_model_ready.csv,REAL,SCENARIO_INPUT
MARSTRAND,SE,57.883333,11.583333,WPI_model_ready.csv,REAL,SCENARIO_INPUT
GOTEBORG,SE,57.7,11.966667,WPI_model_ready.csv,REAL,SCENARIO_INPUT
VARBERG,SE,57.116667,12.25,WPI_model_ready.csv,REAL,SCENARIO_INPUT
FALKENBERG,SE,56.9,12.5,WPI_model_ready.csv,REAL,SCENARIO_INPUT
HALMSTAD,SE,56.666667,12.866667,WPI_model_ready.csv,REAL,SCENARIO_INPUT
HOGANAS,SE,56.2,12.55,WPI_model_ready.csv,REAL,SCENARIO_INPUT
HELSINGBORG,SE,56.05,12.7,WPI_model_ready.csv,REAL,SCENARIO_INPUT
LANDSKRONA,SE,55.866667,12.833333,WPI_model_ready.csv,REAL,SCENARIO_INPUT
MALMO,SE,55.616667,13.0,WPI_model_ready.csv,REAL,SCENARIO_INPUT
LIMHAMN,SE,55.583333,12.933333,WPI_model_ready.csv,REAL,SCENARIO_INPUT
TRELLEBORG,SE,55.366667,13.15,WPI_model_ready.csv,REAL,SCENARIO_INPUT
YSTAD,SE,55.433333,13.833333,WPI_model_ready.csv,REAL,SCENARIO_INPUT
SIMRISHAMN,SE,55.55,14.366667,WPI_model_ready.csv,REAL,SCENARIO_INPUT
AHUS,SE,55.933333,14.316667,WPI_model_ready.csv,REAL,SCENARIO_INPUT
SOLVESBORG,SE,56.05,14.583333,WPI_model_ready.csv,REAL,SCENARIO_INPUT
KARLSHAMN,SE,56.166667,14.866667,WPI_model_ready.csv,REAL,SCENARIO_INPUT
RONNEBY,SE,56.183333,15.3,WPI_model_ready.csv,REAL,SCENARIO_INPUT
KARLSKRONA,SE,56.166667,15.6,WPI_model_ready.csv,REAL,SCENARIO_INPUT
BERGKVARA,SE,56.383333,16.1,WPI_model_ready.csv,REAL,SCENARIO_INPUT
KALMAR,SE,56.666667,16.366667,WPI_model_ready.csv,REAL,SCENARIO_INPUT
STORA JATTERSON,SE,57.1,16.566667,WPI_model_ready.csv,REAL,SCENARIO_INPUT
TOFTE,NO,59.55,10.566667,WPI_model_ready.csv,REAL,SCENARIO_INPUT
KAMBO,NO,59.466667,10.683333,WPI_model_ready.csv,REAL,SCENARIO_INPUT
HUSNES,NO,59.866667,5.766667,WPI_model_ready.csv,REAL,SCENARIO_INPUT
VIEUX FORT,LC,13.716667,-60.966667,WPI_model_ready.csv,REAL,SCENARIO_INPUT
CASTRIES,LC,14.016667,-61.0,WPI_model_ready.csv,REAL,SCENARIO_INPUT
BRIDGETOWN,BB,13.1,-59.633333,WPI_model_ready.csv,REAL,SCENARIO_INPUT
SCARBOROUGH,TT,11.183333,-60.733333,WPI_model_ready.csv,REAL,SCENARIO_INPUT
CHAGUARAMAS,TT,10.683333,-61.65,WPI_model_ready.csv,REAL,SCENARIO_INPUT
POINT LISAS PORT,TT,10.383333,-61.483333,WPI_model_ready.csv,REAL,SCENARIO_INPUT
POINT LISAS INDUSTRIAL PORT,TT,10.4,-61.5,WPI_model_ready.csv,REAL,SCENARIO_INPUT
BRIGHTON,TT,10.25,-61.633333,WPI_model_ready.csv,REAL,SCENARIO_INPUT
POINT FORTIN,TT,10.2,-61.7,WPI_model_ready.csv,REAL,SCENARIO_INPUT
GOTO OIL TERMINAL,BQ,12.216667,-68.383333,WPI_model_ready.csv,REAL,SCENARIO_INPUT
CARACASBAAI,CW,12.066667,-68.866667,WPI_model_ready.csv,REAL,SCENARIO_INPUT
WILLEMSTAD,CW,12.116667,-68.933333,WPI_model_ready.csv,REAL,SCENARIO_INPUT
BULLEN BAAI,CW,12.183333,-69.033333,WPI_model_ready.csv,REAL,SCENARIO_INPUT
PAARDEN BAAI - (ORANJESTAD),AW,12.516667,-70.033333,WPI_model_ready.csv,REAL,SCENARIO_INPUT
TURBO,CO,8.083333,-76.733333,WPI_model_ready.csv,REAL,SCENARIO_INPUT
COVENAS,CO,9.416667,-75.683333,WPI_model_ready.csv,REAL,SCENARIO_INPUT
CARTAGENA,CO,10.416667,-75.533333,WPI_model_ready.csv,REAL,SCENARIO_INPUT
SANTA MARTA,CO,11.25,-74.216667,WPI_model_ready.csv,REAL,SCENARIO_INPUT
POINTE A PITRE,GP,16.233333,-61.533333,WPI_model_ready.csv,REAL,SCENARIO_INPUT
SANCHEZ,DO,19.233333,-69.616667,WPI_model_ready.csv,REAL,SCENARIO_INPUT
LA ROMANA,DO,18.416667,-68.966667,WPI_model_ready.csv,REAL,SCENARIO_INPUT
SAN PEDRO DE MACORIS,DO,18.45,-69.316667,WPI_model_ready.csv,REAL,SCENARIO_INPUT
ANDRES (ANDRES LGN TERMINAL),DO,18.433333,-69.633333,WPI_model_ready.csv,REAL,SCENARIO_INPUT
SANTO DOMINGO,DO,18.466667,-69.883333,WPI_model_ready.csv,REAL,SCENARIO_INPUT
PUERTO DE HAINA,DO,18.416667,-70.016667,WPI_model_ready.csv,REAL,SCENARIO_INPUT
LAS CALDERAS,DO,18.216667,-70.516667,WPI_model_ready.csv,REAL,SCENARIO_INPUT
PUERTO VIEJO DE AZUA,DO,18.35,-70.833333,WPI_model_ready.csv,REAL,SCENARIO_INPUT
ARGENTIA,CA,47.3,-53.983333,WPI_model_ready.csv,REAL,SCENARIO_INPUT
ROCKLAND,CA,45.55,-75.3,WPI_model_ready.csv,REAL,SCENARIO_INPUT
RODDICKTON,CA,50.866667,-56.133333,WPI_model_ready.csv,REAL,SCENARIO_INPUT
WESTPORT COVE,CA,49.783333,-56.616667,WPI_model_ready.csv,REAL,SCENARIO_INPUT
SEAL COVE,CA,49.933333,-56.383333,WPI_model_ready.csv,REAL,SCENARIO_INPUT
LITTLE BAY,CA,49.616667,-56.0,WPI_model_ready.csv,REAL,SCENARIO_INPUT
TWILLINGATE HARBOR,CA,49.666667,-54.766667,WPI_model_ready.csv,REAL,SCENARIO_INPUT
BONAVISTA HARBOR,CA,48.65,-53.116667,WPI_model_ready.csv,REAL,SCENARIO_INPUT
CATALINA HARBOR,CA,48.5,-53.083333,WPI_model_ready.csv,REAL,SCENARIO_INPUT
PORT UNION,CA,48.5,-53.083333,WPI_model_ready.csv,REAL,SCENARIO_INPUT
CLARENVILLE,CA,48.15,-53.95,WPI_model_ready.csv,REAL,SCENARIO_INPUT
CARBONEAR BAY,CA,47.733333,-53.216667,WPI_model_ready.csv,REAL,SCENARIO_INPUT
HARBOR GRACE,CA,47.683333,-53.216667,WPI_model_ready.csv,REAL,SCENARIO_INPUT
ST JOHN'S,CA,47.566667,-52.7,WPI_model_ready.csv,REAL,SCENARIO_INPUT
TREPASSEY HARBOR,CA,46.733333,-53.4,WPI_model_ready.csv,REAL,SCENARIO_INPUT
KEFLAVIK,IS,64.0,-22.55,WPI_model_ready.csv,REAL,SCENARIO_INPUT
HAFNARFJORDUR,IS,64.066667,-21.95,WPI_model_ready.csv,REAL,SCENARIO_INPUT
REYKJAVIK,IS,64.15,-21.933333,WPI_model_ready.csv,REAL,SCENARIO_INPUT
BILDUDALUR,IS,65.683333,-23.6,WPI_model_ready.csv,REAL,SCENARIO_INPUT
BLONDUOS,IS,65.666667,-20.3,WPI_model_ready.csv,REAL,SCENARIO_INPUT
SIGLUFJORHURD,IS,66.15,-18.916667,WPI_model_ready.csv,REAL,SCENARIO_INPUT
OLAFSFJORDHUR,IS,66.083333,-18.633333,WPI_model_ready.csv,REAL,SCENARIO_INPUT
KIMCH'AEK,KP,40.666667,129.2,WPI_model_ready.csv,REAL,SCENARIO_INPUT
NAJIN,KP,42.233333,130.3,WPI_model_ready.csv,REAL,SCENARIO_INPUT
SENBONG,KP,42.333333,130.4,WPI_model_ready.csv,REAL,SCENARIO_INPUT
PAAMUIT (FREDERIKSHAB),GL,62.0,-49.666667,WPI_model_ready.csv,REAL,SCENARIO_INPUT
KARAIKAL PORT,IN,10.833333,79.866667,WPI_model_ready.csv,REAL,SCENARIO_INPUT
KANGERLUARSORUSEQ,GL,63.7,-51.55,WPI_model_ready.csv,REAL,SCENARIO_INPUT
PYEONGTAEK HANG,KR,37.0,126.8,WPI_model_ready.csv,REAL,SCENARIO_INPUT
ATTU,GL,67.95,-53.733333,WPI_model_ready.csv,REAL,SCENARIO_INPUT
JINZHOU WAN,CN,40.75,121.1,WPI_model_ready.csv,REAL,SCENARIO_INPUT
QINHUANGDAO,CN,39.933333,119.616667,WPI_model_ready.csv,REAL,SCENARIO_INPUT
ILLULISSAT (JAKOBSHAVN),GL,69.216667,-51.1,WPI_model_ready.csv,REAL,SCENARIO_INPUT
PENZANCE,GB,50.116667,-5.533333,WPI_model_ready.csv,REAL,SCENARIO_INPUT
SHANGHAI,CN,31.216667,121.5,WPI_model_ready.csv,REAL,SCENARIO_INPUT
MEVAGISSEY,GB,50.266667,-4.783333,WPI_model_ready.csv,REAL,SCENARIO_INPUT
QASIGIANNGUIT-CHRISTIANSHAB,GL,68.816667,-51.183333,WPI_model_ready.csv,REAL,SCENARIO_INPUT
FOWEY HARBOUR,GB,50.333333,-4.633333,WPI_model_ready.csv,REAL,SCENARIO_INPUT
PITUFFIK (THULE AIR BASE),GL,76.533333,-68.866667,WPI_model_ready.csv,REAL,SCENARIO_INPUT
PLYMOUTH,GB,50.366667,-4.15,WPI_model_ready.csv,REAL,SCENARIO_INPUT
BRIXHAM HARBOUR,GB,50.4,-3.516667,WPI_model_ready.csv,REAL,SCENARIO_INPUT
HAUGESUND,NO,59.416667,5.266667,WPI_model_ready.csv,REAL,SCENARIO_INPUT
KOPERVIK,NO,59.283333,5.316667,WPI_model_ready.csv,REAL,SCENARIO_INPUT
KARSTO,NO,59.266667,5.516667,WPI_model_ready.csv,REAL,SCENARIO_INPUT
ESPEVAER,NO,59.583333,5.15,WPI_model_ready.csv,REAL,SCENARIO_INPUT
SAUDA,NO,59.65,6.35,WPI_model_ready.csv,REAL,SCENARIO_INPUT
AKRAHAMN,NO,59.266667,5.183333,WPI_model_ready.csv,REAL,SCENARIO_INPUT
SANDNES,NO,58.85,5.75,WPI_model_ready.csv,REAL,SCENARIO_INPUT
STAVANGER,NO,58.966667,5.75,WPI_model_ready.csv,REAL,SCENARIO_INPUT
SKUDENESHAVN,NO,59.15,5.266667,WPI_model_ready.csv,REAL,SCENARIO_INPUT
TANANGER,NO,58.933333,5.583333,WPI_model_ready.csv,REAL,SCENARIO_INPUT
EGERSUND,NO,58.45,6.0,WPI_model_ready.csv,REAL,SCENARIO_INPUT
REKEFJORD,NO,58.333333,6.266667,WPI_model_ready.csv,REAL,SCENARIO_INPUT
KIRKEHAMN,NO,58.233333,6.533333,WPI_model_ready.csv,REAL,SCENARIO_INPUT
FLEKKEFJORDEN,NO,58.3,6.666667,WPI_model_ready.csv,REAL,SCENARIO_INPUT
FARSUND,NO,58.083333,6.816667,WPI_model_ready.csv,REAL,SCENARIO_INPUT
STUSVIK,NO,58.0,7.033333,WPI_model_ready.csv,REAL,SCENARIO_INPUT
MANDAL,NO,58.016667,7.466667,WPI_model_ready.csv,REAL,SCENARIO_INPUT
KRISTIANSAND,NO,58.15,8.0,WPI_model_ready.csv,REAL,SCENARIO_INPUT
ARENDAL,NO,58.466667,8.766667,WPI_model_ready.csv,REAL,SCENARIO_INPUT
TVEDESTRAND,NO,58.616667,8.933333,WPI_model_ready.csv,REAL,SCENARIO_INPUT
RISOR,NO,58.716667,9.233333,WPI_model_ready.csv,REAL,SCENARIO_INPUT
KRAGERO,NO,58.866667,9.416667,WPI_model_ready.csv,REAL,SCENARIO_INPUT
BREVIK,NO,59.066667,9.7,WPI_model_ready.csv,REAL,SCENARIO_INPUT
PORSGRUNN,NO,59.15,9.666667,WPI_model_ready.csv,REAL,SCENARIO_INPUT
SKIEN,NO,59.2,9.6,WPI_model_ready.csv,REAL,SCENARIO_INPUT
LARVIK,NO,59.05,10.033333,WPI_model_ready.csv,REAL,SCENARIO_INPUT
SANDEFJORDEN,NO,59.116667,10.233333,WPI_model_ready.csv,REAL,SCENARIO_INPUT
TONSBERG,NO,59.283333,10.416667,WPI_model_ready.csv,REAL,SCENARIO_INPUT
VALLOY,NO,59.266667,10.5,WPI_model_ready.csv,REAL,SCENARIO_INPUT
SLAGENSTANGEN,NO,59.316667,10.516667,WPI_model_ready.csv,REAL,SCENARIO_INPUT
HORTEN,NO,59.416667,10.5,WPI_model_ready.csv,REAL,SCENARIO_INPUT
HOLMESTRAND,NO,59.483333,10.3,WPI_model_ready.csv,REAL,SCENARIO_INPUT
SVELVIK,NO,59.616667,10.4,WPI_model_ready.csv,REAL,SCENARIO_INPUT
DRAMMEN,NO,59.733333,10.25,WPI_model_ready.csv,REAL,SCENARIO_INPUT
STORSTEILENE,NO,59.816667,10.6,WPI_model_ready.csv,REAL,SCENARIO_INPUT
OSLO,NO,59.916667,10.75,WPI_model_ready.csv,REAL,SCENARIO_INPUT
DROBAK,NO,59.666667,10.65,WPI_model_ready.csv,REAL,SCENARIO_INPUT
MOSTERHAMN,NO,59.7,5.4,WPI_model_ready.csv,REAL,SCENARIO_INPUT
SAGVAG,NO,59.766667,5.383333,WPI_model_ready.csv,REAL,SCENARIO_INPUT
LEIRVIK,NO,59.783333,5.5,WPI_model_ready.csv,REAL,SCENARIO_INPUT
MOSJOEN,NO,65.833333,13.2,WPI_model_ready.csv,REAL,SCENARIO_INPUT
TJOTTA,NO,65.833333,12.433333,WPI_model_ready.csv,REAL,SCENARIO_INPUT
BRONNOYSUND,NO,65.466667,12.2,WPI_model_ready.csv,REAL,SCENARIO_INPUT
BERG,NO,65.366667,12.2,WPI_model_ready.csv,REAL,SCENARIO_INPUT
RORVIK,NO,64.866667,11.25,WPI_model_ready.csv,REAL,SCENARIO_INPUT
SALSBRUKET,NO,64.8,11.866667,WPI_model_ready.csv,REAL,SCENARIO_INPUT
SANTA CRUZ DE BARAHONA,DO,18.2,-71.083333,WPI_model_ready.csv,REAL,SCENARIO_INPUT
CABO ROJO,DO,17.916667,-71.65,WPI_model_ready.csv,REAL,SCENARIO_INPUT
AGUADILLA,PR,18.433333,-67.15,WPI_model_ready.csv,REAL,SCENARIO_INPUT
ARECIBO,PR,18.483333,-66.7,WPI_model_ready.csv,REAL,SCENARIO_INPUT
SAN JUAN,PR,18.466667,-66.116667,WPI_model_ready.csv,REAL,SCENARIO_INPUT
BAHIA DE FAJARDO,PR,18.333333,-65.633333,WPI_model_ready.csv,REAL,SCENARIO_INPUT
ENSENADA HONDA,PR,18.233333,-65.633333,WPI_model_ready.csv,REAL,SCENARIO_INPUT
PLAYA DE HUMACAO,PR,18.166667,-65.75,WPI_model_ready.csv,REAL,SCENARIO_INPUT
PUERTO YABUCOA,PR,18.05,-65.833333,WPI_model_ready.csv,REAL,SCENARIO_INPUT
ARROYO,PR,17.966667,-66.066667,WPI_model_ready.csv,REAL,SCENARIO_INPUT
BAHIA DE JOBOS,PR,17.95,-66.183333,WPI_model_ready.csv,REAL,SCENARIO_INPUT
LAS MAREAS,PR,17.95,-66.166667,WPI_model_ready.csv,REAL,SCENARIO_INPUT
PLAYA DE PONCE,PR,17.983333,-66.616667,WPI_model_ready.csv,REAL,SCENARIO_INPUT
PLAYA DE GUAYANILLA,PR,18.016667,-66.766667,WPI_model_ready.csv,REAL,SCENARIO_INPUT
PLAYA DE GUANICA,PR,17.966667,-66.916667,WPI_model_ready.csv,REAL,SCENARIO_INPUT
MAYAGUEZ,PR,18.2,-67.15,WPI_model_ready.csv,REAL,SCENARIO_INPUT
CHARLOTTE AMALIE,VI,18.35,-64.933333,WPI_model_ready.csv,REAL,SCENARIO_INPUT
CRUZ BAY,VI,18.333333,-64.8,WPI_model_ready.csv,REAL,SCENARIO_INPUT
FREDERIKSTED,VI,17.716667,-64.883333,WPI_model_ready.csv,REAL,SCENARIO_INPUT
LIMETREE BAY,VI,17.7,-64.75,WPI_model_ready.csv,REAL,SCENARIO_INPUT
CHRISTIANSTED,VI,17.75,-64.7,WPI_model_ready.csv,REAL,SCENARIO_INPUT
ROAD HARBOR,VG,18.416667,-64.616667,WPI_model_ready.csv,REAL,SCENARIO_INPUT
BAIE DU MARIGOT,FR,18.066667,-63.083333,WPI_model_ready.csv,REAL,SCENARIO_INPUT
GUSTAVIA,GP,17.9,-62.85,WPI_model_ready.csv,REAL,SCENARIO_INPUT
ORANJESTAD,BQ,17.483333,-62.983333,WPI_model_ready.csv,REAL,SCENARIO_INPUT
BASSETERRE,KN,17.3,-62.716667,WPI_model_ready.csv,REAL,SCENARIO_INPUT
ST JOHNS,AG,17.116667,-61.85,WPI_model_ready.csv,REAL,SCENARIO_INPUT
MEDIA LUNA,CU,20.15,-77.433333,WPI_model_ready.csv,REAL,SCENARIO_INPUT
CEIBA HUECA,CU,20.216667,-77.316667,WPI_model_ready.csv,REAL,SCENARIO_INPUT
MANZANILLO,CU,20.35,-77.116667,WPI_model_ready.csv,REAL,SCENARIO_INPUT
JUCARO,CU,21.616667,-78.85,WPI_model_ready.csv,REAL,SCENARIO_INPUT
TUNAS DE ZAZA,CU,21.633333,-79.55,WPI_model_ready.csv,REAL,SCENARIO_INPUT
CASILDA,CU,21.75,-79.983333,WPI_model_ready.csv,REAL,SCENARIO_INPUT
AKUREYRI,IS,65.683333,-18.083333,WPI_model_ready.csv,REAL,SCENARIO_INPUT
KOPASKER,IS,66.283333,-16.45,WPI_model_ready.csv,REAL,SCENARIO_INPUT
VOPNAFJORDHUR,IS,65.75,-14.833333,WPI_model_ready.csv,REAL,SCENARIO_INPUT
SEYDHISFJORDHUR,IS,65.266667,-14.0,WPI_model_ready.csv,REAL,SCENARIO_INPUT
ESKIFJORDHUR,IS,65.066667,-14.016667,WPI_model_ready.csv,REAL,SCENARIO_INPUT
HORNABJORDUR,IS,64.25,-15.233333,WPI_model_ready.csv,REAL,SCENARIO_INPUT
NANORTALIK HAVN,GL,60.116667,-45.2,WPI_model_ready.csv,REAL,SCENARIO_INPUT
QAQURTOQ,GL,60.716667,-46.05,WPI_model_ready.csv,REAL,SCENARIO_INPUT
NARSAQ,GL,60.916667,-46.05,WPI_model_ready.csv,REAL,SCENARIO_INPUT
NARSARSSUAQ,GL,61.15,-45.433333,WPI_model_ready.csv,REAL,SCENARIO_INPUT
GRONNEDAL (KANGILINNGUIT),GL,61.233333,-48.1,WPI_model_ready.csv,REAL,SCENARIO_INPUT
NUUK,GL,64.183333,-51.75,WPI_model_ready.csv,REAL,SCENARIO_INPUT
MANIITSOQ,GL,65.416667,-52.916667,WPI_model_ready.csv,REAL,SCENARIO_INPUT
KANGAMIUT,GL,65.816667,-53.3,WPI_model_ready.csv,REAL,SCENARIO_INPUT
SISIMIUT,GL,66.916667,-53.7,WPI_model_ready.csv,REAL,SCENARIO_INPUT
KANGERLUSUAQ,GL,66.966667,-50.95,WPI_model_ready.csv,REAL,SCENARIO_INPUT
AASIAAT,GL,68.7,-52.866667,WPI_model_ready.csv,REAL,SCENARIO_INPUT
QEQERTARSUAQ,GL,69.233333,-53.533333,WPI_model_ready.csv,REAL,SCENARIO_INPUT
NIAQORNAT,GL,70.8,-53.666667,WPI_model_ready.csv,REAL,SCENARIO_INPUT
UUMMANNAQ HARBOR,GL,70.683333,-52.15,WPI_model_ready.csv,REAL,SCENARIO_INPUT
KAJALLEQ UPERNAVIK,GL,72.15,-55.533333,WPI_model_ready.csv,REAL,SCENARIO_INPUT
UPERNAVIK,GL,72.766667,-56.15,WPI_model_ready.csv,REAL,SCENARIO_INPUT
POND INLET,CA,72.75,-76.75,WPI_model_ready.csv,REAL,SCENARIO_INPUT
PADLOPING ISLAND,CA,67.033333,-62.733333,WPI_model_ready.csv,REAL,SCENARIO_INPUT
PANGNIRTUNG,CA,66.133333,-65.75,WPI_model_ready.csv,REAL,SCENARIO_INPUT
AKSAZ LIMANI,TR,36.833333,28.383333,WPI_model_ready.csv,REAL,SCENARIO_INPUT
COCKBURN TOWN,BS,24.05,-74.533333,WPI_model_ready.csv,REAL,SCENARIO_INPUT
ROCKY POINT,JM,17.816667,-77.15,WPI_model_ready.csv,REAL,SCENARIO_INPUT
PUNTA NIZAO OIL TERMINAL,DO,18.2,-70.2,WPI_model_ready.csv,REAL,SCENARIO_INPUT
PUERTO BOTADO,DO,19.2,-69.45,WPI_model_ready.csv,REAL,SCENARIO_INPUT
COLES BAY OIL TERMINAL,SX,18.016667,-63.083333,WPI_model_ready.csv,REAL,SCENARIO_INPUT
TORQUAY HARBOUR,GB,50.466667,-3.533333,WPI_model_ready.csv,REAL,SCENARIO_INPUT
SKERJAFJORDUR,IS,64.15,-22.016667,WPI_model_ready.csv,REAL,SCENARIO_INPUT
PORTLAND HARBOUR,GB,50.583333,-2.433333,WPI_model_ready.csv,REAL,SCENARIO_INPUT
GRUNDARTANGI,IS,64.266667,-22.0,WPI_model_ready.csv,REAL,SCENARIO_INPUT
WEYMOUTH HARBOUR,GB,50.616667,-2.45,WPI_model_ready.csv,REAL,SCENARIO_INPUT
COWES HARBOUR,GB,50.766667,-1.3,WPI_model_ready.csv,REAL,SCENARIO_INPUT
YARMOUTH HARBOUR,GB,50.7,-1.5,WPI_model_ready.csv,REAL,SCENARIO_INPUT
FAWLEY MARINE TERMINAL,GB,50.816667,-1.333333,WPI_model_ready.csv,REAL,SCENARIO_INPUT
PORTSMOUTH HARBOUR,GB,50.8,-1.1,WPI_model_ready.csv,REAL,SCENARIO_INPUT
LITTLEHAMPTON HARBOUR,GB,50.783333,-0.533333,WPI_model_ready.csv,REAL,SCENARIO_INPUT
THINGEYRI,IS,65.883333,-23.483333,WPI_model_ready.csv,REAL,SCENARIO_INPUT
ISAFJORDUR,IS,66.066667,-23.116667,WPI_model_ready.csv,REAL,SCENARIO_INPUT
SKAGASTROND,IS,65.833333,-20.316667,WPI_model_ready.csv,REAL,SCENARIO_INPUT
SAUDARKROKUR,IS,65.75,-19.666667,WPI_model_ready.csv,REAL,SCENARIO_INPUT
HUSAVIK,IS,66.033333,-17.333333,WPI_model_ready.csv,REAL,SCENARIO_INPUT
NAMSOS,NO,64.466667,11.5,WPI_model_ready.csv,REAL,SCENARIO_INPUT
MALM,NO,64.066667,11.233333,WPI_model_ready.csv,REAL,SCENARIO_INPUT
STEINKJER,NO,64.016667,11.5,WPI_model_ready.csv,REAL,SCENARIO_INPUT
DJUPVIKEN,NO,63.783333,11.45,WPI_model_ready.csv,REAL,SCENARIO_INPUT
LEVANGER,NO,63.75,11.3,WPI_model_ready.csv,REAL,SCENARIO_INPUT
LANGSTEIN,NO,63.533333,10.9,WPI_model_ready.csv,REAL,SCENARIO_INPUT
MURUVIK,NO,63.433333,10.85,WPI_model_ready.csv,REAL,SCENARIO_INPUT
HOMMELVIK,NO,63.416667,10.8,WPI_model_ready.csv,REAL,SCENARIO_INPUT
TRONDHEIM,NO,63.433333,10.4,WPI_model_ready.csv,REAL,SCENARIO_INPUT
THAMSHAMM,NO,63.316667,9.883333,WPI_model_ready.csv,REAL,SCENARIO_INPUT
KRISTIANSUND,NO,63.116667,7.733333,WPI_model_ready.csv,REAL,SCENARIO_INPUT
SUNNDALSORA,NO,62.683333,8.55,WPI_model_ready.csv,REAL,SCENARIO_INPUT
BUD,NO,62.9,6.916667,WPI_model_ready.csv,REAL,SCENARIO_INPUT
HAROYSUND,NO,62.9,6.966667,WPI_model_ready.csv,REAL,SCENARIO_INPUT
MOLDE,NO,62.733333,7.166667,WPI_model_ready.csv,REAL,SCENARIO_INPUT
ANDALSNES,NO,62.566667,7.683333,WPI_model_ready.csv,REAL,SCENARIO_INPUT
HAREID,NO,62.366667,6.033333,WPI_model_ready.csv,REAL,SCENARIO_INPUT
MOLDTUSTRANDA,NO,62.3,5.65,WPI_model_ready.csv,REAL,SCENARIO_INPUT
ORSTAV,NO,62.2,6.133333,WPI_model_ready.csv,REAL,SCENARIO_INPUT
ALESUND,NO,62.466667,6.166667,WPI_model_ready.csv,REAL,SCENARIO_INPUT
MALOY,NO,61.933333,5.116667,WPI_model_ready.csv,REAL,SCENARIO_INPUT
FLORO,NO,61.6,5.033333,WPI_model_ready.csv,REAL,SCENARIO_INPUT
ARDALSTANGEN,NO,61.233333,7.716667,WPI_model_ready.csv,REAL,SCENARIO_INPUT
MONGSTAD,NO,60.816667,5.033333,WPI_model_ready.csv,REAL,SCENARIO_INPUT
VAKSDAL,NO,60.483333,5.733333,WPI_model_ready.csv,REAL,SCENARIO_INPUT
BERGEN,NO,60.4,5.316667,WPI_model_ready.csv,REAL,SCENARIO_INPUT
BRATTHOLMEN,NO,60.35,5.166667,WPI_model_ready.csv,REAL,SCENARIO_INPUT
TRANNESET,NO,60.416667,5.016667,WPI_model_ready.csv,REAL,SCENARIO_INPUT
STRANDVIK,NO,60.166667,5.666667,WPI_model_ready.csv,REAL,SCENARIO_INPUT
NORHEIMSUND,NO,60.366667,6.15,WPI_model_ready.csv,REAL,SCENARIO_INPUT
ODDA,NO,60.083333,6.55,WPI_model_ready.csv,REAL,SCENARIO_INPUT
MELING,NO,59.783333,5.116667,WPI_model_ready.csv,REAL,SCENARIO_INPUT
HEMNESBERGET,NO,66.233333,13.616667,WPI_model_ready.csv,REAL,SCENARIO_INPUT
HAMMERFEST,NO,70.666667,23.666667,WPI_model_ready.csv,REAL,SCENARIO_INPUT
SORVAER,NO,70.633333,21.983333,WPI_model_ready.csv,REAL,SCENARIO_INPUT
BREDVIK,NO,70.583333,22.133333,WPI_model_ready.csv,REAL,SCENARIO_INPUT
OKSFJORD,NO,70.233333,22.35,WPI_model_ready.csv,REAL,SCENARIO_INPUT
ALTA,NO,69.966667,23.25,WPI_model_ready.csv,REAL,SCENARIO_INPUT
TALVIK,NO,70.05,22.966667,WPI_model_ready.csv,REAL,SCENARIO_INPUT
TROMSO,NO,69.65,18.966667,WPI_model_ready.csv,REAL,SCENARIO_INPUT
GIBOSTAD,NO,69.35,18.083333,WPI_model_ready.csv,REAL,SCENARIO_INPUT
FINNSNES,NO,69.233333,17.966667,WPI_model_ready.csv,REAL,SCENARIO_INPUT
MEDBY,NO,68.916667,17.733333,WPI_model_ready.csv,REAL,SCENARIO_INPUT
SJOVEGAN,NO,68.883333,17.833333,WPI_model_ready.csv,REAL,SCENARIO_INPUT
HARSTAD,NO,68.8,16.55,WPI_model_ready.csv,REAL,SCENARIO_INPUT
ANDENES,NO,69.333333,16.133333,WPI_model_ready.csv,REAL,SCENARIO_INPUT
SORTLAND,NO,68.7,15.416667,WPI_model_ready.csv,REAL,SCENARIO_INPUT
CIENFUEGOS,CU,22.15,-80.45,WPI_model_ready.csv,REAL,SCENARIO_INPUT
LUCEA,JM,18.45,-78.166667,WPI_model_ready.csv,REAL,SCENARIO_INPUT
MONTEGO BAY,JM,18.466667,-77.933333,WPI_model_ready.csv,REAL,SCENARIO_INPUT
FALMOUTH,JM,18.483333,-77.65,WPI_model_ready.csv,REAL,SCENARIO_INPUT
RIO BUENO,JM,18.466667,-77.466667,WPI_model_ready.csv,REAL,SCENARIO_INPUT
OCHO RIOS,JM,18.416667,-77.116667,WPI_model_ready.csv,REAL,SCENARIO_INPUT
PORT ANTONIO,JM,18.183333,-76.45,WPI_model_ready.csv,REAL,SCENARIO_INPUT
PORT ESQUIVEL,JM,17.883333,-77.133333,WPI_model_ready.csv,REAL,SCENARIO_INPUT
PORT KAISER,JM,17.866667,-77.6,WPI_model_ready.csv,REAL,SCENARIO_INPUT
SAVANNAH LA MAR,JM,18.2,-78.133333,WPI_model_ready.csv,REAL,SCENARIO_INPUT
JACMEL,HT,18.233333,-72.533333,WPI_model_ready.csv,REAL,SCENARIO_INPUT
MIRAGOANE,HT,18.45,-73.083333,WPI_model_ready.csv,REAL,SCENARIO_INPUT
PETIT GOAVE,HT,18.433333,-72.866667,WPI_model_ready.csv,REAL,SCENARIO_INPUT
PORT AU PRINCE,HT,18.55,-72.35,WPI_model_ready.csv,REAL,SCENARIO_INPUT
SANTIAGO DE CUBA,CU,20.016667,-75.833333,WPI_model_ready.csv,REAL,SCENARIO_INPUT
PUERTO CABEZAS,NI,14.016667,-83.383333,WPI_model_ready.csv,REAL,SCENARIO_INPUT
PUERTO LIMON,CR,9.983333,-83.016667,WPI_model_ready.csv,REAL,SCENARIO_INPUT
CHIRIQUI GRANDE,PA,8.95,-82.116667,WPI_model_ready.csv,REAL,SCENARIO_INPUT
ALMIRANTE,PA,9.3,-82.4,WPI_model_ready.csv,REAL,SCENARIO_INPUT
BOCAS DEL TORO,PA,9.333333,-82.233333,WPI_model_ready.csv,REAL,SCENARIO_INPUT
ST GEORGE'S,BM,32.383333,-64.683333,WPI_model_ready.csv,REAL,SCENARIO_INPUT
IRELAND ISLAND,BM,32.316667,-64.833333,WPI_model_ready.csv,REAL,SCENARIO_INPUT
HAMILTON,BM,32.3,-64.783333,WPI_model_ready.csv,REAL,SCENARIO_INPUT
FREEPORT,BS,26.516667,-78.783333,WPI_model_ready.csv,REAL,SCENARIO_INPUT
SOUTH RIDING POINT,BS,26.616667,-78.216667,WPI_model_ready.csv,REAL,SCENARIO_INPUT
NASSAU,BS,25.083333,-77.35,WPI_model_ready.csv,REAL,SCENARIO_INPUT
MANATI,CU,21.366667,-76.816667,WPI_model_ready.csv,REAL,SCENARIO_INPUT
GUAYABAL,CU,20.7,-77.616667,WPI_model_ready.csv,REAL,SCENARIO_INPUT
ANSE TEMBLADORA,TT,10.683333,-61.583333,WPI_model_ready.csv,REAL,SCENARIO_INPUT
EL BOSQUE,CO,10.4,-75.533333,WPI_model_ready.csv,REAL,SCENARIO_INPUT
PUERTO PRODECO,CO,11.15,-74.216667,WPI_model_ready.csv,REAL,SCENARIO_INPUT
QALHAT LNG TERMINAL,OM,22.683333,59.4,WPI_model_ready.csv,REAL,SCENARIO_INPUT
COXEN HOLE,HN,16.316667,-86.55,WPI_model_ready.csv,REAL,SCENARIO_INPUT
EL BLUFF,NI,12.0,-83.7,WPI_model_ready.csv,REAL,SCENARIO_INPUT
ALTAMIRA,MX,22.483333,-97.85,WPI_model_ready.csv,REAL,SCENARIO_INPUT
TUXPAN,MX,20.95,-97.4,WPI_model_ready.csv,REAL,SCENARIO_INPUT
DOS BOCAS TERMINAL,MX,18.433333,-93.216667,WPI_model_ready.csv,REAL,SCENARIO_INPUT
ASHQELON,IL,31.666667,34.5,WPI_model_ready.csv,REAL,SCENARIO_INPUT
ASHTART OIL TERMINAL,TN,34.283333,11.383333,WPI_model_ready.csv,REAL,SCENARIO_INPUT
ZARZIS,TN,33.5,11.116667,WPI_model_ready.csv,REAL,SCENARIO_INPUT
DIDON TERMINAL,TN,33.783333,11.9,WPI_model_ready.csv,REAL,SCENARIO_INPUT
MELILLI OIL TERMINAL,IT,37.116667,15.25,WPI_model_ready.csv,REAL,SCENARIO_INPUT
TONGHAE,KR,37.533333,129.15,WPI_model_ready.csv,REAL,SCENARIO_INPUT
NINGBO,CN,29.883333,121.55,WPI_model_ready.csv,REAL,SCENARIO_INPUT
PORT METHANIER,DZ,36.883333,6.95,WPI_model_ready.csv,REAL,SCENARIO_INPUT
M BAO OIL TERMINAL,SN,14.716667,-17.4,WPI_model_ready.csv,REAL,SCENARIO_INPUT
LYNDIANE,SN,14.166667,-16.166667,WPI_model_ready.csv,REAL,SCENARIO_INPUT
FORCADOS OIL TERMINAL,NG,5.166667,5.183333,WPI_model_ready.csv,REAL,SCENARIO_INPUT
MOUDI MARINE TERMINAL,CM,4.116667,8.483333,WPI_model_ready.csv,REAL,SCENARIO_INPUT
EBOME MARINE TERMINAL,CM,2.8,9.816667,WPI_model_ready.csv,REAL,SCENARIO_INPUT
PUNTA EUROPA TERMINAL,GQ,3.783333,8.716667,WPI_model_ready.csv,REAL,SCENARIO_INPUT
MALABO,GQ,3.75,8.783333,WPI_model_ready.csv,REAL,SCENARIO_INPUT
LUBA,GQ,3.5,8.566667,WPI_model_ready.csv,REAL,SCENARIO_INPUT
SANTO ANTONIO,ST,1.65,7.45,WPI_model_ready.csv,REAL,SCENARIO_INPUT
SAO TOME,ST,0.35,6.733333,WPI_model_ready.csv,REAL,SCENARIO_INPUT
YOMBO TERMINAL,CG,-4.45,11.1,WPI_model_ready.csv,REAL,SCENARIO_INPUT
FUTILA TERMINAL,AO,-5.45,12.183333,WPI_model_ready.csv,REAL,SCENARIO_INPUT
KUITO OIL FIELD,AO,-5.466667,11.5,WPI_model_ready.csv,REAL,SCENARIO_INPUT
RAUFARHOFN,IS,66.45,-15.933333,WPI_model_ready.csv,REAL,SCENARIO_INPUT
NESKAUPSTADUR,IS,65.15,-13.683333,WPI_model_ready.csv,REAL,SCENARIO_INPUT
NEWHAVEN HARBOUR,GB,50.783333,0.05,WPI_model_ready.csv,REAL,SCENARIO_INPUT
RYE HARBOUR,GB,50.933333,0.766667,WPI_model_ready.csv,REAL,SCENARIO_INPUT
BUDIR,IS,64.933333,-14.016667,WPI_model_ready.csv,REAL,SCENARIO_INPUT
DJUPIVOGUR,IS,64.666667,-14.283333,WPI_model_ready.csv,REAL,SCENARIO_INPUT
VESTMANNAEYJAR,IS,63.433333,-20.283333,WPI_model_ready.csv,REAL,SCENARIO_INPUT
HAIMEN,CN,28.683333,121.45,WPI_model_ready.csv,REAL,SCENARIO_INPUT
DOVER HARBOR,GB,51.116667,1.333333,WPI_model_ready.csv,REAL,SCENARIO_INPUT
RAMSGATE,GB,51.333333,1.416667,WPI_model_ready.csv,REAL,SCENARIO_INPUT
DUNKERQUE PORT OUEST,FR,51.066667,2.35,WPI_model_ready.csv,REAL,SCENARIO_INPUT
GRAVELINES,FR,51.0,2.116667,WPI_model_ready.csv,REAL,SCENARIO_INPUT
CALAIS,FR,50.966667,1.85,WPI_model_ready.csv,REAL,SCENARIO_INPUT
IQUITOS,PE,-3.75,-73.233333,WPI_model_ready.csv,REAL,SCENARIO_INPUT
ITAQUI,BR,-2.566667,-44.366667,WPI_model_ready.csv,REAL,SCENARIO_INPUT
STOKKMARKNES,NO,68.566667,14.916667,WPI_model_ready.csv,REAL,SCENARIO_INPUT
REINE,NO,67.933333,13.1,WPI_model_ready.csv,REAL,SCENARIO_INPUT
BALLSTAD,NO,68.066667,13.7,WPI_model_ready.csv,REAL,SCENARIO_INPUT
STAMSUND,NO,68.116667,13.85,WPI_model_ready.csv,REAL,SCENARIO_INPUT
HENNINGSVAER,NO,68.15,14.216667,WPI_model_ready.csv,REAL,SCENARIO_INPUT
SVOLVAER,NO,68.233333,14.583333,WPI_model_ready.csv,REAL,SCENARIO_INPUT
SKROVA HAVN,NO,68.166667,14.666667,WPI_model_ready.csv,REAL,SCENARIO_INPUT
BRETTESNES,NO,68.233333,14.85,WPI_model_ready.csv,REAL,SCENARIO_INPUT
LODINGEN,NO,68.416667,16.0,WPI_model_ready.csv,REAL,SCENARIO_INPUT
ULVIK,NO,68.566667,16.266667,WPI_model_ready.csv,REAL,SCENARIO_INPUT
LILANDSGRUNNEN,NO,68.483333,16.883333,WPI_model_ready.csv,REAL,SCENARIO_INPUT
NARVIK,NO,68.433333,17.416667,WPI_model_ready.csv,REAL,SCENARIO_INPUT
LITLE BALLANGEN,NO,68.333333,16.85,WPI_model_ready.csv,REAL,SCENARIO_INPUT
DRAG,NO,68.05,16.083333,WPI_model_ready.csv,REAL,SCENARIO_INPUT
KORSNES,NO,68.25,16.066667,WPI_model_ready.csv,REAL,SCENARIO_INPUT
TRANOY,NO,68.183333,15.666667,WPI_model_ready.csv,REAL,SCENARIO_INPUT
KJERRINGOY,NO,67.516667,14.766667,WPI_model_ready.csv,REAL,SCENARIO_INPUT
BODO,NO,67.283333,14.383333,WPI_model_ready.csv,REAL,SCENARIO_INPUT
LAKSELV,NO,67.366667,15.6,WPI_model_ready.csv,REAL,SCENARIO_INPUT
FAUSKE,NO,67.25,15.366667,WPI_model_ready.csv,REAL,SCENARIO_INPUT
ROGNAN,NO,67.1,15.416667,WPI_model_ready.csv,REAL,SCENARIO_INPUT
ORNES,NO,66.866667,13.716667,WPI_model_ready.csv,REAL,SCENARIO_INPUT
GLOMFJORD,NO,66.816667,13.983333,WPI_model_ready.csv,REAL,SCENARIO_INPUT
SANDNESSJOEN,NO,66.016667,12.633333,WPI_model_ready.csv,REAL,SCENARIO_INPUT
MO INLET,NO,66.316667,14.133333,WPI_model_ready.csv,REAL,SCENARIO_INPUT
KVALSUND,NO,70.5,23.983333,WPI_model_ready.csv,REAL,SCENARIO_INPUT
PORT MOLLER,US,55.983333,-160.566667,WPI_model_ready.csv,REAL,SCENARIO_INPUT
PORT HEIDEN,US,56.883333,-158.7,WPI_model_ready.csv,REAL,SCENARIO_INPUT
PILOT POINT,US,57.566667,-157.6,WPI_model_ready.csv,REAL,SCENARIO_INPUT
UGASHIK,US,57.533333,-157.416667,WPI_model_ready.csv,REAL,SCENARIO_INPUT
EGEGIK,US,58.2,-157.366667,WPI_model_ready.csv,REAL,SCENARIO_INPUT
NAKNEK,US,58.716667,-157.016667,WPI_model_ready.csv,REAL,SCENARIO_INPUT
KOGGIUNG,US,58.966667,-156.916667,WPI_model_ready.csv,REAL,SCENARIO_INPUT
EKUK,US,58.816667,-158.566667,WPI_model_ready.csv,REAL,SCENARIO_INPUT
CLARKS POINT,US,58.85,-158.55,WPI_model_ready.csv,REAL,SCENARIO_INPUT
DILLINGHAM,US,59.033333,-158.483333,WPI_model_ready.csv,REAL,SCENARIO_INPUT
PLATINUM,US,59.016667,-161.833333,WPI_model_ready.csv,REAL,SCENARIO_INPUT
BETHEL,US,60.816667,-161.716667,WPI_model_ready.csv,REAL,SCENARIO_INPUT
NASH HARBOR,US,60.2,-166.983333,WPI_model_ready.csv,REAL,SCENARIO_INPUT
KWIGUK,US,62.733333,-164.466667,WPI_model_ready.csv,REAL,SCENARIO_INPUT
KOTLIK,US,63.033333,-163.55,WPI_model_ready.csv,REAL,SCENARIO_INPUT
HAMILTON,US,62.9,-163.916667,WPI_model_ready.csv,REAL,SCENARIO_INPUT
ST MICHAEL,US,63.483333,-162.033333,WPI_model_ready.csv,REAL,SCENARIO_INPUT
UNALAKLEET,US,63.883333,-160.783333,WPI_model_ready.csv,REAL,SCENARIO_INPUT
SOLOMON,US,64.55,-164.4,WPI_model_ready.csv,REAL,SCENARIO_INPUT
NOME,US,64.5,-165.416667,WPI_model_ready.csv,REAL,SCENARIO_INPUT
GRANTLEY HARBOR,US,65.266667,-166.333333,WPI_model_ready.csv,REAL,SCENARIO_INPUT
SAVOONGA,US,63.683333,-170.4,WPI_model_ready.csv,REAL,SCENARIO_INPUT
SHISHMAREF,US,66.25,-166.083333,WPI_model_ready.csv,REAL,SCENARIO_INPUT
DEERING,US,66.083333,-162.733333,WPI_model_ready.csv,REAL,SCENARIO_INPUT
KOTZEBUE,US,66.916667,-162.583333,WPI_model_ready.csv,REAL,SCENARIO_INPUT
CLIFTON PIER,BS,25.0,-77.55,WPI_model_ready.csv,REAL,SCENARIO_INPUT
MATTHEW TOWN,BS,20.95,-73.683333,WPI_model_ready.csv,REAL,SCENARIO_INPUT
GRAND TURK,TC,21.433333,-71.15,WPI_model_ready.csv,REAL,SCENARIO_INPUT
CABANAS,CU,23.0,-82.966667,WPI_model_ready.csv,REAL,SCENARIO_INPUT
MARIEL,CU,22.983333,-82.75,WPI_model_ready.csv,REAL,SCENARIO_INPUT
BAHAI DE LA HABANA,CU,23.133333,-82.366667,WPI_model_ready.csv,REAL,SCENARIO_INPUT
CARDENAS,CU,23.05,-81.2,WPI_model_ready.csv,REAL,SCENARIO_INPUT
ISABELA DE SAGUA,CU,22.95,-80.0,WPI_model_ready.csv,REAL,SCENARIO_INPUT
NUEVITAS BAY,CU,21.55,-77.266667,WPI_model_ready.csv,REAL,SCENARIO_INPUT
ANTILLA,CU,20.833333,-75.733333,WPI_model_ready.csv,REAL,SCENARIO_INPUT
FELTON,CU,20.733333,-75.6,WPI_model_ready.csv,REAL,SCENARIO_INPUT
NICARO,CU,20.716667,-75.55,WPI_model_ready.csv,REAL,SCENARIO_INPUT
TEXAS CITY,US,29.383333,-94.916667,WPI_model_ready.csv,REAL,SCENARIO_INPUT
BAYTOWN,US,29.733333,-95.016667,WPI_model_ready.csv,REAL,SCENARIO_INPUT
NORSWORTHY,US,29.733333,-95.2,WPI_model_ready.csv,REAL,SCENARIO_INPUT
PASADENA,US,29.716667,-95.216667,WPI_model_ready.csv,REAL,SCENARIO_INPUT
SINCO,US,29.716667,-95.233333,WPI_model_ready.csv,REAL,SCENARIO_INPUT
HOUSTON,US,29.75,-95.283333,WPI_model_ready.csv,REAL,SCENARIO_INPUT
FREEPORT,US,28.95,-95.333333,WPI_model_ready.csv,REAL,SCENARIO_INPUT
PALACIOS,US,28.683333,-96.216667,WPI_model_ready.csv,REAL,SCENARIO_INPUT
PORT LAVACA,US,28.616667,-96.616667,WPI_model_ready.csv,REAL,SCENARIO_INPUT
PORT OCONNOR,US,28.45,-96.4,WPI_model_ready.csv,REAL,SCENARIO_INPUT
ROCKPORT,US,28.016667,-97.05,WPI_model_ready.csv,REAL,SCENARIO_INPUT
CORPUS CHRISTI,US,27.816667,-97.4,WPI_model_ready.csv,REAL,SCENARIO_INPUT
PORT ARANSAS,US,27.833333,-97.05,WPI_model_ready.csv,REAL,SCENARIO_INPUT
PORT INGLESIDE,US,27.816667,-97.183333,WPI_model_ready.csv,REAL,SCENARIO_INPUT
PORT ISABEL,US,26.083333,-97.2,WPI_model_ready.csv,REAL,SCENARIO_INPUT
BROWNSVILLE,US,25.95,-97.4,WPI_model_ready.csv,REAL,SCENARIO_INPUT
TAMPICO,MX,22.216667,-97.866667,WPI_model_ready.csv,REAL,SCENARIO_INPUT
VERACRUZ,MX,19.2,-96.133333,WPI_model_ready.csv,REAL,SCENARIO_INPUT
CAYO ARCAS TERMINAL,MX,20.166667,-91.983333,WPI_model_ready.csv,REAL,SCENARIO_INPUT
COATZACOALCOS,MX,18.15,-94.416667,WPI_model_ready.csv,REAL,SCENARIO_INPUT
MINATITLAN,MX,17.9,-94.583333,WPI_model_ready.csv,REAL,SCENARIO_INPUT
ESTRELA OIL FIELD,AO,-6.45,12.4,WPI_model_ready.csv,REAL,SCENARIO_INPUT
NORTH POINT,SH,-7.883333,-14.366667,WPI_model_ready.csv,REAL,SCENARIO_INPUT
SALINA,BQ,12.083333,-68.283333,WPI_model_ready.csv,REAL,SCENARIO_INPUT
SINT MICHELSBAAI,CW,12.133333,-69.016667,WPI_model_ready.csv,REAL,SCENARIO_INPUT
COVENAS OFFSHORE TERM.,CO,9.5,-75.733333,WPI_model_ready.csv,REAL,SCENARIO_INPUT
EL GUAMACHE,VE,10.9,-64.1,WPI_model_ready.csv,REAL,SCENARIO_INPUT
VILA DO CONDE,BR,-1.55,-48.75,WPI_model_ready.csv,REAL,SCENARIO_INPUT
GUAMARE OIL TERMINAL,BR,-4.866667,-36.283333,WPI_model_ready.csv,REAL,SCENARIO_INPUT
UKPOKITI MARINE TERMINAL,NG,5.716667,4.833333,WPI_model_ready.csv,REAL,SCENARIO_INPUT
SAN SEBASTIAN BAY,AR,-53.166667,-68.5,WPI_model_ready.csv,REAL,SCENARIO_INPUT
VILLA CONSTITUCION,AR,-33.3,-60.333333,WPI_model_ready.csv,REAL,SCENARIO_INPUT
PUERTO WILLIAMS,CL,-54.933333,-67.6,WPI_model_ready.csv,REAL,SCENARIO_INPUT
CALETA PATILLOS,CL,-20.733333,-70.2,WPI_model_ready.csv,REAL,SCENARIO_INPUT
JAYAPURA,ID,-2.533333,140.716667,WPI_model_ready.csv,REAL,SCENARIO_INPUT
ACAJUTLA OFFSHORE TERMINAL,SV,13.583333,-89.866667,WPI_model_ready.csv,REAL,SCENARIO_INPUT
DILI,TL,-8.533333,125.583333,WPI_model_ready.csv,REAL,SCENARIO_INPUT
KUPANG,ID,-10.166667,123.583333,WPI_model_ready.csv,REAL,SCENARIO_INPUT
VACAMONTE,PA,8.866667,-79.666667,WPI_model_ready.csv,REAL,SCENARIO_INPUT
CAYO MOA GRANDE,CU,20.666667,-74.9,WPI_model_ready.csv,REAL,SCENARIO_INPUT
NEW ROSS,IE,52.383333,-6.95,WPI_model_ready.csv,REAL,SCENARIO_INPUT
CASTLETOWN BEARHAVEN,IE,51.65,-9.916667,WPI_model_ready.csv,REAL,SCENARIO_INPUT
KILRUSH,IE,52.633333,-9.5,WPI_model_ready.csv,REAL,SCENARIO_INPUT
GOLD RIVER,CA,49.683333,-126.116667,WPI_model_ready.csv,REAL,SCENARIO_INPUT
STURA,NO,60.616667,4.85,WPI_model_ready.csv,REAL,SCENARIO_INPUT
SANDARNE,SE,61.266667,17.183333,WPI_model_ready.csv,REAL,SCENARIO_INPUT
DOMSJO,SE,63.266667,18.733333,WPI_model_ready.csv,REAL,SCENARIO_INPUT
OBBOLA,SE,63.7,20.333333,WPI_model_ready.csv,REAL,SCENARIO_INPUT
VEITSILUOTO,FI,65.7,24.616667,WPI_model_ready.csv,REAL,SCENARIO_INPUT
PORI,FI,61.483333,21.8,WPI_model_ready.csv,REAL,SCENARIO_INPUT
PARGAS,FI,60.283333,22.066667,WPI_model_ready.csv,REAL,SCENARIO_INPUT
NYKOBING (MOR),DK,56.766667,11.866667,WPI_model_ready.csv,REAL,SCENARIO_INPUT
GULFHAVEN,DK,55.2,11.266667,WPI_model_ready.csv,REAL,SCENARIO_INPUT
CONTRECOUR,CA,45.883333,-73.2,WPI_model_ready.csv,REAL,SCENARIO_INPUT
GOOSE BAY,CA,53.366667,-60.3,WPI_model_ready.csv,REAL,SCENARIO_INPUT
AYIOS NIKOLAOS,GR,35.2,25.716667,WPI_model_ready.csv,REAL,SCENARIO_INPUT
GEMLIK,TR,40.416667,29.116667,WPI_model_ready.csv,REAL,SCENARIO_INPUT
PORTO DE MUCURIPE,BR,-3.716667,-38.483333,WPI_model_ready.csv,REAL,SCENARIO_INPUT
NATAL,BR,-5.783333,-35.2,WPI_model_ready.csv,REAL,SCENARIO_INPUT
PORT DE ARACAJU,BR,-10.916667,-37.05,WPI_model_ready.csv,REAL,SCENARIO_INPUT
PORT DE SALVADOR,BR,-12.966667,-38.516667,WPI_model_ready.csv,REAL,SCENARIO_INPUT
VITORIA,BR,-20.316667,-40.333333,WPI_model_ready.csv,REAL,SCENARIO_INPUT
TUBARAO,BR,-20.283333,-40.25,WPI_model_ready.csv,REAL,SCENARIO_INPUT
RIO DE JANEIRO,BR,-22.9,-43.166667,WPI_model_ready.csv,REAL,SCENARIO_INPUT
NITEROI,BR,-22.883333,-43.116667,WPI_model_ready.csv,REAL,SCENARIO_INPUT
PARANAGUA,BR,-25.5,-48.516667,WPI_model_ready.csv,REAL,SCENARIO_INPUT
SAO FRANCISCO,BR,-26.25,-48.633333,WPI_model_ready.csv,REAL,SCENARIO_INPUT
MONTEVIDEO,UY,-34.9,-56.216667,WPI_model_ready.csv,REAL,SCENARIO_INPUT
COLONIA,UY,-34.466667,-57.85,WPI_model_ready.csv,REAL,SCENARIO_INPUT
NUEVA PALMIRA,UY,-33.883333,-58.416667,WPI_model_ready.csv,REAL,SCENARIO_INPUT
PUERTO DE ASUNCION,PY,-25.266667,-57.683333,WPI_model_ready.csv,REAL,SCENARIO_INPUT
SANTA FE,AR,-31.65,-60.7,WPI_model_ready.csv,REAL,SCENARIO_INPUT
SAN LORENZO,AR,-32.75,-60.733333,WPI_model_ready.csv,REAL,SCENARIO_INPUT
ROSARIO,AR,-32.95,-60.633333,WPI_model_ready.csv,REAL,SCENARIO_INPUT
SAN PEDRO,AR,-33.583333,-59.816667,WPI_model_ready.csv,REAL,SCENARIO_INPUT
PUERTO IBICUY,AR,-33.75,-59.183333,WPI_model_ready.csv,REAL,SCENARIO_INPUT
CONCEPCION DEL URUGUAY,AR,-32.483333,-58.233333,WPI_model_ready.csv,REAL,SCENARIO_INPUT
BUENOS AIRES,AR,-34.6,-58.366667,WPI_model_ready.csv,REAL,SCENARIO_INPUT
QUEQUEN,AR,-38.583333,-58.7,WPI_model_ready.csv,REAL,SCENARIO_INPUT
PUERTO ROSALES,AR,-38.933333,-62.066667,WPI_model_ready.csv,REAL,SCENARIO_INPUT
WAINWRIGHT,US,70.65,-160.0,WPI_model_ready.csv,REAL,SCENARIO_INPUT
BARROW,US,71.283333,-156.783333,WPI_model_ready.csv,REAL,SCENARIO_INPUT
PRUDHOE BAY,US,70.333333,-148.416667,WPI_model_ready.csv,REAL,SCENARIO_INPUT
BERNARD HARBOR,US,70.133333,-143.633333,WPI_model_ready.csv,REAL,SCENARIO_INPUT
TUKTOYAKTUK,CA,69.45,-133.0,WPI_model_ready.csv,REAL,SCENARIO_INPUT
POLICE POINT,CA,70.183333,-124.75,WPI_model_ready.csv,REAL,SCENARIO_INPUT
PAULATUK,CA,69.35,-124.083333,WPI_model_ready.csv,REAL,SCENARIO_INPUT
PEARCE POINT,CA,69.816667,-122.75,WPI_model_ready.csv,REAL,SCENARIO_INPUT
TYSOE POINT,CA,69.6,-120.75,WPI_model_ready.csv,REAL,SCENARIO_INPUT
SACHS HARBOR,CA,71.966667,-125.25,WPI_model_ready.csv,REAL,SCENARIO_INPUT
CAPE YOUNG,CA,68.933333,-116.933333,WPI_model_ready.csv,REAL,SCENARIO_INPUT
BERNARD HARBOR,CA,68.783333,-114.766667,WPI_model_ready.csv,REAL,SCENARIO_INPUT
LADY FRANKLIN POINT,CA,68.483333,-113.266667,WPI_model_ready.csv,REAL,SCENARIO_INPUT
COPPERMINE,CA,67.8,-115.05,WPI_model_ready.csv,REAL,SCENARIO_INPUT
CAMBRIDGE BAY,CA,69.116667,-105.066667,WPI_model_ready.csv,REAL,SCENARIO_INPUT
RESOLUTE BAY,CA,74.683333,-95.9,WPI_model_ready.csv,REAL,SCENARIO_INPUT
BARENTSBURG,XR,78.066667,14.233333,WPI_model_ready.csv,REAL,SCENARIO_INPUT
LONGYEARBYEN,XR,78.2,15.7,WPI_model_ready.csv,REAL,SCENARIO_INPUT
NY ALESUND,XR,78.916667,11.95,WPI_model_ready.csv,REAL,SCENARIO_INPUT
KIRKENES,NO,69.733333,30.05,WPI_model_ready.csv,REAL,SCENARIO_INPUT
VADSO,NO,70.066667,29.75,WPI_model_ready.csv,REAL,SCENARIO_INPUT
BATSFJORDEN,NO,70.633333,29.733333,WPI_model_ready.csv,REAL,SCENARIO_INPUT
VARDO,NO,70.366667,31.116667,WPI_model_ready.csv,REAL,SCENARIO_INPUT
BERLEVAG,NO,70.866667,29.1,WPI_model_ready.csv,REAL,SCENARIO_INPUT
KJOLLEFJORDEN,NO,70.95,27.333333,WPI_model_ready.csv,REAL,SCENARIO_INPUT
HONNINGSVAG,NO,70.983333,26.0,WPI_model_ready.csv,REAL,SCENARIO_INPUT
MASSACRE BAY,US,52.833333,173.233333,WPI_model_ready.csv,REAL,SCENARIO_INPUT
VILLAGE COVE,US,57.133333,-170.266667,WPI_model_ready.csv,REAL,SCENARIO_INPUT
SAN JUAN CANNERY,US,60.05,-148.066667,WPI_model_ready.csv,REAL,SCENARIO_INPUT
LATOUCHE,US,60.05,-148.066667,WPI_model_ready.csv,REAL,SCENARIO_INPUT
SEWARD,US,60.1,-149.433333,WPI_model_ready.csv,REAL,SCENARIO_INPUT
PORT GRAHAM,US,59.35,-151.816667,WPI_model_ready.csv,REAL,SCENARIO_INPUT
SELDOVIA,US,59.433333,-151.733333,WPI_model_ready.csv,REAL,SCENARIO_INPUT
HOMER,US,59.6,-151.416667,WPI_model_ready.csv,REAL,SCENARIO_INPUT
COAL POINT,US,59.6,-151.416667,WPI_model_ready.csv,REAL,SCENARIO_INPUT
NINILCHIK,US,60.05,-151.683333,WPI_model_ready.csv,REAL,SCENARIO_INPUT
KENAI,US,60.55,-151.266667,WPI_model_ready.csv,REAL,SCENARIO_INPUT
NIKISKI,US,60.683333,-151.4,WPI_model_ready.csv,REAL,SCENARIO_INPUT
ANCHORAGE,US,61.216667,-149.9,WPI_model_ready.csv,REAL,SCENARIO_INPUT
DRIFT RIVER,US,60.55,-152.133333,WPI_model_ready.csv,REAL,SCENARIO_INPUT
SNUG HARBOR,US,60.1,-152.583333,WPI_model_ready.csv,REAL,SCENARIO_INPUT
OUZINKIE,US,57.916667,-152.5,WPI_model_ready.csv,REAL,SCENARIO_INPUT
KODIAK,US,57.783333,-152.4,WPI_model_ready.csv,REAL,SCENARIO_INPUT
WOMENS BAY,US,57.716667,-152.516667,WPI_model_ready.csv,REAL,SCENARIO_INPUT
PORT HOBRON,US,57.166667,-153.166667,WPI_model_ready.csv,REAL,SCENARIO_INPUT
MCCORD,US,57.15,-153.2,WPI_model_ready.csv,REAL,SCENARIO_INPUT
THREE SAINTS BAY,US,57.116667,-153.5,WPI_model_ready.csv,REAL,SCENARIO_INPUT
TRAP POINT,US,57.0,-154.15,WPI_model_ready.csv,REAL,SCENARIO_INPUT
LAZY BAY,US,56.9,-154.25,WPI_model_ready.csv,REAL,SCENARIO_INPUT
KARLUK,US,57.566667,-154.45,WPI_model_ready.csv,REAL,SCENARIO_INPUT
UYAK,US,57.633333,-154.0,WPI_model_ready.csv,REAL,SCENARIO_INPUT
LARSEN BAY,US,57.533333,-153.983333,WPI_model_ready.csv,REAL,SCENARIO_INPUT
PORT OBRIEN,US,57.733333,-153.316667,WPI_model_ready.csv,REAL,SCENARIO_INPUT
CIUDAD DEL CARMEN,MX,18.633333,-91.866667,WPI_model_ready.csv,REAL,SCENARIO_INPUT
PROGRESO,MX,21.283333,-89.666667,WPI_model_ready.csv,REAL,SCENARIO_INPUT
SAN MIGUEL DE COZUMEL,MX,20.5,-86.966667,WPI_model_ready.csv,REAL,SCENARIO_INPUT
PUERTO BARRIOS,GT,15.733333,-88.6,WPI_model_ready.csv,REAL,SCENARIO_INPUT
SANTO THOMAS DE CASTILLA,GT,15.7,-88.616667,WPI_model_ready.csv,REAL,SCENARIO_INPUT
PUERTO CORTES,HN,15.833333,-87.95,WPI_model_ready.csv,REAL,SCENARIO_INPUT
TELA,HN,15.783333,-87.45,WPI_model_ready.csv,REAL,SCENARIO_INPUT
LA CEIBA,HN,15.783333,-86.8,WPI_model_ready.csv,REAL,SCENARIO_INPUT
TRUJILLO,HN,15.916667,-85.95,WPI_model_ready.csv,REAL,SCENARIO_INPUT
PUERTO CASTILLA,HN,16.0,-85.983333,WPI_model_ready.csv,REAL,SCENARIO_INPUT
PORT NECHES,US,30.0,-93.95,WPI_model_ready.csv,REAL,SCENARIO_INPUT
BEAUMONT,US,30.083333,-94.083333,WPI_model_ready.csv,REAL,SCENARIO_INPUT
GALVESTON,US,29.316667,-94.783333,WPI_model_ready.csv,REAL,SCENARIO_INPUT
JACKSONVILLE,US,30.316667,-81.65,WPI_model_ready.csv,REAL,SCENARIO_INPUT
ST AUGUSTINE,US,29.9,-81.316667,WPI_model_ready.csv,REAL,SCENARIO_INPUT
CANAVERAL HARBOR,US,28.7,-80.616667,WPI_model_ready.csv,REAL,SCENARIO_INPUT
FORT PIERCE,US,27.466667,-80.316667,WPI_model_ready.csv,REAL,SCENARIO_INPUT
PALM BEACH,US,26.766667,-80.05,WPI_model_ready.csv,REAL,SCENARIO_INPUT
PORT EVERGLADES,US,26.1,-80.116667,WPI_model_ready.csv,REAL,SCENARIO_INPUT
MIAMI,US,25.783333,-80.183333,WPI_model_ready.csv,REAL,SCENARIO_INPUT
KEY WEST,US,24.55,-81.816667,WPI_model_ready.csv,REAL,SCENARIO_INPUT
BOCA GRANDE,US,26.7,-82.333333,WPI_model_ready.csv,REAL,SCENARIO_INPUT
PORT MANATEE,US,27.633333,-82.566667,WPI_model_ready.csv,REAL,SCENARIO_INPUT
TAMPA,US,27.916667,-82.45,WPI_model_ready.csv,REAL,SCENARIO_INPUT
ST PETERSBURG,US,27.766667,-82.616667,WPI_model_ready.csv,REAL,SCENARIO_INPUT
TARPON SPRINGS,US,28.15,-82.766667,WPI_model_ready.csv,REAL,SCENARIO_INPUT
CARRABELLE,US,29.85,-84.666667,WPI_model_ready.csv,REAL,SCENARIO_INPUT
APALACHICOLA,US,29.716667,-84.983333,WPI_model_ready.csv,REAL,SCENARIO_INPUT
PORT ST JOE,US,29.816667,-85.316667,WPI_model_ready.csv,REAL,SCENARIO_INPUT
PANAMA CITY,US,30.133333,-85.65,WPI_model_ready.csv,REAL,SCENARIO_INPUT
PENSACOLA,US,30.4,-87.216667,WPI_model_ready.csv,REAL,SCENARIO_INPUT
MOBILE,US,30.683333,-88.116667,WPI_model_ready.csv,REAL,SCENARIO_INPUT
PASCAGOULA,US,30.35,-88.566667,WPI_model_ready.csv,REAL,SCENARIO_INPUT
BILOXI,US,30.383333,-88.883333,WPI_model_ready.csv,REAL,SCENARIO_INPUT
GULFPORT,US,30.35,-89.083333,WPI_model_ready.csv,REAL,SCENARIO_INPUT
SLIDELL,US,30.266667,-89.783333,WPI_model_ready.csv,REAL,SCENARIO_INPUT
MADISONVILLE,US,30.4,-90.15,WPI_model_ready.csv,REAL,SCENARIO_INPUT
CONCHAN OIL TERMINAL,PE,-12.166667,-77.0,WPI_model_ready.csv,REAL,SCENARIO_INPUT
LA PAMPILLA OIL TERMINAL,PE,-11.933333,-77.133333,WPI_model_ready.csv,REAL,SCENARIO_INPUT
ZIRKUH OIL FIELD,AE,24.866667,53.05,WPI_model_ready.csv,REAL,SCENARIO_INPUT
SALIF,YE,15.3,42.666667,WPI_model_ready.csv,REAL,SCENARIO_INPUT
BARBERS POINT TERMINAL,US,21.266667,-158.1,WPI_model_ready.csv,REAL,SCENARIO_INPUT
LAAYOUNE,EH,27.083333,-13.433333,WPI_model_ready.csv,REAL,SCENARIO_INPUT
ISLE OF GRAIN,GB,51.433333,0.7,WPI_model_ready.csv,REAL,SCENARIO_INPUT
FELIXSTOWE,GB,51.95,1.316667,WPI_model_ready.csv,REAL,SCENARIO_INPUT
STRAUMSVIK,IS,64.05,-22.05,WPI_model_ready.csv,REAL,SCENARIO_INPUT
BOLUNGAVIK,IS,66.166667,-23.233333,WPI_model_ready.csv,REAL,SCENARIO_INPUT
DALVIK,IS,65.983333,-18.516667,WPI_model_ready.csv,REAL,SCENARIO_INPUT
KILKEEL,GB,54.05,-5.983333,WPI_model_ready.csv,REAL,SCENARIO_INPUT
QUTDLEQ,GL,61.516667,-42.216667,WPI_model_ready.csv,REAL,SCENARIO_INPUT
KUSANARTOQ,GL,61.766667,-42.216667,WPI_model_ready.csv,REAL,SCENARIO_INPUT
LIVERPOOL BAY TERMINAL,GB,53.533333,-3.55,WPI_model_ready.csv,REAL,SCENARIO_INPUT
FOLKESTONE HARBOUR,GB,51.083333,1.2,WPI_model_ready.csv,REAL,SCENARIO_INPUT
LAVRIO,GR,37.7,24.066667,WPI_model_ready.csv,REAL,SCENARIO_INPUT
RENI,UA,45.433333,28.3,WPI_model_ready.csv,REAL,SCENARIO_INPUT
SUPSA MARINE TERMINAL,GE,42.1,41.716667,WPI_model_ready.csv,REAL,SCENARIO_INPUT
LAJES,PT,38.4,-28.266667,WPI_model_ready.csv,REAL,SCENARIO_INPUT
NAVLAKHI,IN,22.95,70.45,WPI_model_ready.csv,REAL,SCENARIO_INPUT
YETAGUN MARINE TERMINAL,MM,13.05,96.85,WPI_model_ready.csv,REAL,SCENARIO_INPUT
ANGRA DO HEROISMO,PT,38.65,-27.216667,WPI_model_ready.csv,REAL,SCENARIO_INPUT
PRAIA DE VITORIA,PT,38.716667,-27.05,WPI_model_ready.csv,REAL,SCENARIO_INPUT
PONTA DELGADA,PT,37.733333,-25.666667,WPI_model_ready.csv,REAL,SCENARIO_INPUT
VILA DO PORTO,PT,36.933333,-25.15,WPI_model_ready.csv,REAL,SCENARIO_INPUT
SAPANGAR BAY,MY,6.083333,116.116667,WPI_model_ready.csv,REAL,SCENARIO_INPUT
MALONG MARINE TERMINAL,MY,4.633333,104.816667,WPI_model_ready.csv,REAL,SCENARIO_INPUT
SUNGAIGERONG,ID,-2.983333,104.833333,WPI_model_ready.csv,REAL,SCENARIO_INPUT
BLANGLANCANG,ID,5.233333,97.1,WPI_model_ready.csv,REAL,SCENARIO_INPUT
POLENG OIL FIELD,ID,-6.65,112.916667,WPI_model_ready.csv,REAL,SCENARIO_INPUT
PULAU BAAI,ID,-3.916667,102.283333,WPI_model_ready.csv,REAL,SCENARIO_INPUT
RAMBA,ID,-2.616667,104.133333,WPI_model_ready.csv,REAL,SCENARIO_INPUT
PORT DE BECANCOUR,CA,46.4,-72.383333,WPI_model_ready.csv,REAL,SCENARIO_INPUT
KUALA BELAIT,BN,4.633333,114.2,WPI_model_ready.csv,REAL,SCENARIO_INPUT
PELABUHAN SUNGAI UDANG,MY,2.25,102.133333,WPI_model_ready.csv,REAL,SCENARIO_INPUT
COMODORO RIVADAVIA,AR,-45.866667,-67.466667,WPI_model_ready.csv,REAL,SCENARIO_INPUT
PUERTO DESEADO,AR,-47.75,-65.9,WPI_model_ready.csv,REAL,SCENARIO_INPUT
RIO GRANDE,AR,-53.783333,-67.683333,WPI_model_ready.csv,REAL,SCENARIO_INPUT
STANLEY,FK,-51.7,-57.833333,WPI_model_ready.csv,REAL,SCENARIO_INPUT
GRYTVIKEN,GS,-54.266667,-36.5,WPI_model_ready.csv,REAL,SCENARIO_INPUT
PUNTA DELGADA,CL,-52.466667,-69.55,WPI_model_ready.csv,REAL,SCENARIO_INPUT
RADA PUNTA ARENAS,CL,-53.166667,-70.9,WPI_model_ready.csv,REAL,SCENARIO_INPUT
BAHIA AGUA FRESCA,CL,-53.383333,-70.966667,WPI_model_ready.csv,REAL,SCENARIO_INPUT
PUERTO YARTOU,CL,-53.883333,-70.15,WPI_model_ready.csv,REAL,SCENARIO_INPUT
ENITWETAK ISLAND,MH,11.333333,162.333333,WPI_model_ready.csv,REAL,SCENARIO_INPUT
KWAJALEIN,MH,8.716667,167.733333,WPI_model_ready.csv,REAL,SCENARIO_INPUT
POHNPEI HARBOR,FM,6.983333,158.2,WPI_model_ready.csv,REAL,SCENARIO_INPUT
MOEN,FM,7.433333,151.833333,WPI_model_ready.csv,REAL,SCENARIO_INPUT
KAVIENG HARBOR,PG,-2.583333,150.8,WPI_model_ready.csv,REAL,SCENARIO_INPUT
RABAUL,PG,-4.2,152.183333,WPI_model_ready.csv,REAL,SCENARIO_INPUT
RINGGI COVE,SB,-8.116667,157.1,WPI_model_ready.csv,REAL,SCENARIO_INPUT
NOUMEA,NC,-22.283333,166.433333,WPI_model_ready.csv,REAL,SCENARIO_INPUT
BAIE UGUE,NC,-21.15,165.55,WPI_model_ready.csv,REAL,SCENARIO_INPUT
M'BYA OIL TERMINAL,GA,-3.883333,10.933333,WPI_model_ready.csv,REAL,SCENARIO_INPUT
PORTO AMBOIM,AO,-10.733333,13.75,WPI_model_ready.csv,REAL,SCENARIO_INPUT
SUMBE,AO,-11.2,13.833333,WPI_model_ready.csv,REAL,SCENARIO_INPUT
JAMESTOWN,SH,-15.916667,-5.716667,WPI_model_ready.csv,REAL,SCENARIO_INPUT
EDINBURGH OF THE SEVEN SEAS,SH,-37.05,-12.3,WPI_model_ready.csv,REAL,SCENARIO_INPUT
PELABUHAN BASS,MY,6.316667,99.833333,WPI_model_ready.csv,REAL,SCENARIO_INPUT
PULAU PINANG,MY,5.416667,100.35,WPI_model_ready.csv,REAL,SCENARIO_INPUT
SERANGOON HARBOR,SG,1.4,103.95,WPI_model_ready.csv,REAL,SCENARIO_INPUT
DRY SPRUCE BAY,US,57.933333,-153.033333,WPI_model_ready.csv,REAL,SCENARIO_INPUT
PORT VITA,US,58.066667,-153.066667,WPI_model_ready.csv,REAL,SCENARIO_INPUT
BEAR ISLAND,US,58.45,-152.683333,WPI_model_ready.csv,REAL,SCENARIO_INPUT
HOGG ISLAND,US,58.466667,-152.683333,WPI_model_ready.csv,REAL,SCENARIO_INPUT
PORT WILLIAM,US,58.483333,-152.583333,WPI_model_ready.csv,REAL,SCENARIO_INPUT
KANATAK,US,57.566667,-156.033333,WPI_model_ready.csv,REAL,SCENARIO_INPUT
CHIGNIK,US,56.3,-158.4,WPI_model_ready.csv,REAL,SCENARIO_INPUT
IVANOF BAY,US,55.8,-159.466667,WPI_model_ready.csv,REAL,SCENARIO_INPUT
SAND POINT,US,55.333333,-160.533333,WPI_model_ready.csv,REAL,SCENARIO_INPUT
BARALOF BAY,US,55.233333,-160.533333,WPI_model_ready.csv,REAL,SCENARIO_INPUT
BELKOFSKI,US,55.083333,-162.033333,WPI_model_ready.csv,REAL,SCENARIO_INPUT
KING COVE,US,55.05,-162.316667,WPI_model_ready.csv,REAL,SCENARIO_INPUT
COLD BAY,US,55.2,-162.7,WPI_model_ready.csv,REAL,SCENARIO_INPUT
SANAK,US,54.483333,-162.816667,WPI_model_ready.csv,REAL,SCENARIO_INPUT
CANNERY BAY,US,53.7,-166.75,WPI_model_ready.csv,REAL,SCENARIO_INPUT
MAKUSHIN,US,53.766667,-166.983333,WPI_model_ready.csv,REAL,SCENARIO_INPUT
DUTCH HARBOR,US,53.9,-166.533333,WPI_model_ready.csv,REAL,SCENARIO_INPUT
UNALASKA,US,53.866667,-166.533333,WPI_model_ready.csv,REAL,SCENARIO_INPUT
PALISADES POINT,US,52.233333,-174.166667,WPI_model_ready.csv,REAL,SCENARIO_INPUT
CONSTANTINE HARBOR,US,51.4,179.3,WPI_model_ready.csv,REAL,SCENARIO_INPUT
KISKA,US,51.966667,177.55,WPI_model_ready.csv,REAL,SCENARIO_INPUT
ALCAN HARBOR,US,52.733333,174.066667,WPI_model_ready.csv,REAL,SCENARIO_INPUT
WHITTIER,US,60.833333,-148.666667,WPI_model_ready.csv,REAL,SCENARIO_INPUT
CRAB BAY,US,60.066667,-148.0,WPI_model_ready.csv,REAL,SCENARIO_INPUT
PORT ASHTON,US,60.066667,-148.05,WPI_model_ready.csv,REAL,SCENARIO_INPUT
SKOOT COVE,US,52.716667,174.066667,WPI_model_ready.csv,REAL,SCENARIO_INPUT
KETCHIKAN,US,55.333333,-131.65,WPI_model_ready.csv,REAL,SCENARIO_INPUT
WARD COVE,US,55.4,-131.733333,WPI_model_ready.csv,REAL,SCENARIO_INPUT
KNUDSON COVE,US,55.466667,-131.8,WPI_model_ready.csv,REAL,SCENARIO_INPUT
LORING,US,55.6,-131.633333,WPI_model_ready.csv,REAL,SCENARIO_INPUT
YES BAY,US,55.916667,-131.8,WPI_model_ready.csv,REAL,SCENARIO_INPUT
UNION BAY,US,55.766667,-132.216667,WPI_model_ready.csv,REAL,SCENARIO_INPUT
BURNETT INLET,US,56.066667,-132.466667,WPI_model_ready.csv,REAL,SCENARIO_INPUT
WRANGELL,US,56.466667,-132.383333,WPI_model_ready.csv,REAL,SCENARIO_INPUT
KASAAN,US,55.533333,-132.4,WPI_model_ready.csv,REAL,SCENARIO_INPUT
ROSE INLET,US,54.95,-132.966667,WPI_model_ready.csv,REAL,SCENARIO_INPUT
HYDABURG,US,55.2,-132.833333,WPI_model_ready.csv,REAL,SCENARIO_INPUT
WATERFALL,US,55.3,-133.233333,WPI_model_ready.csv,REAL,SCENARIO_INPUT
CRAIG,US,55.466667,-133.15,WPI_model_ready.csv,REAL,SCENARIO_INPUT
KLAWOCK,US,55.55,-133.1,WPI_model_ready.csv,REAL,SCENARIO_INPUT
STEAMBOAT BAY,US,55.533333,-133.633333,WPI_model_ready.csv,REAL,SCENARIO_INPUT
FISHERMANS HARBOR,US,55.966667,-133.8,WPI_model_ready.csv,REAL,SCENARIO_INPUT
PETERSBURG,US,56.816667,-132.95,WPI_model_ready.csv,REAL,SCENARIO_INPUT
KAKE,US,56.966667,-133.933333,WPI_model_ready.csv,REAL,SCENARIO_INPUT
WASHINGTON BAY,US,56.733333,-134.35,WPI_model_ready.csv,REAL,SCENARIO_INPUT
BAY OF PILLARS,US,56.6,-134.233333,WPI_model_ready.csv,REAL,SCENARIO_INPUT
BIG PORT WALTER,US,56.383333,-134.733333,WPI_model_ready.csv,REAL,SCENARIO_INPUT
LITTLE PORT WALTER,US,56.383333,-134.633333,WPI_model_ready.csv,REAL,SCENARIO_INPUT
PORT ARMSTRONG,US,56.3,-134.666667,WPI_model_ready.csv,REAL,SCENARIO_INPUT
PORT CONCLUSION,US,56.25,-134.683333,WPI_model_ready.csv,REAL,SCENARIO_INPUT
PORT ALEXANDER,US,56.25,-134.65,WPI_model_ready.csv,REAL,SCENARIO_INPUT
SITKA,US,57.05,-135.333333,WPI_model_ready.csv,REAL,SCENARIO_INPUT
KIMSHAN COVE,US,57.683333,-136.116667,WPI_model_ready.csv,REAL,SCENARIO_INPUT
PELICAN,US,57.966667,-136.233333,WPI_model_ready.csv,REAL,SCENARIO_INPUT
PORT SULPHUR,US,29.483333,-89.683333,WPI_model_ready.csv,REAL,SCENARIO_INPUT
GRETNA,US,29.916667,-90.066667,WPI_model_ready.csv,REAL,SCENARIO_INPUT
NEW ORLEANS,US,29.95,-90.05,WPI_model_ready.csv,REAL,SCENARIO_INPUT
PORT OF MEMPHIS,US,35.066667,-90.166667,WPI_model_ready.csv,REAL,SCENARIO_INPUT
ST ROSE,US,29.95,-90.316667,WPI_model_ready.csv,REAL,SCENARIO_INPUT
RESERVE,US,30.05,-90.55,WPI_model_ready.csv,REAL,SCENARIO_INPUT
DESTREHAN,US,29.95,-90.366667,WPI_model_ready.csv,REAL,SCENARIO_INPUT
BATON ROUGE,US,30.45,-91.183333,WPI_model_ready.csv,REAL,SCENARIO_INPUT
LOOP TERMINAL,US,28.883333,-90.016667,WPI_model_ready.csv,REAL,SCENARIO_INPUT
GRAND ISLE,US,29.233333,-90.0,WPI_model_ready.csv,REAL,SCENARIO_INPUT
MORGAN CITY,US,29.7,-91.216667,WPI_model_ready.csv,REAL,SCENARIO_INPUT
HAYMARK TERMINAL,US,30.133333,-93.316667,WPI_model_ready.csv,REAL,SCENARIO_INPUT
LAKE CHARLES,US,30.216667,-93.25,WPI_model_ready.csv,REAL,SCENARIO_INPUT
SABINE,US,29.716667,-93.866667,WPI_model_ready.csv,REAL,SCENARIO_INPUT
SABINE PASS,US,29.733333,-93.9,WPI_model_ready.csv,REAL,SCENARIO_INPUT
ORANGE,US,30.083333,-93.733333,WPI_model_ready.csv,REAL,SCENARIO_INPUT
PORT ARTHUR,US,29.833333,-93.966667,WPI_model_ready.csv,REAL,SCENARIO_INPUT
BRUNSWICK,US,31.15,-81.5,WPI_model_ready.csv,REAL,SCENARIO_INPUT
FERNANDINA BEACH,US,30.683333,-81.466667,WPI_model_ready.csv,REAL,SCENARIO_INPUT
MAYPORT,US,30.4,-81.433333,WPI_model_ready.csv,REAL,SCENARIO_INPUT
PAULSBORO,US,39.85,-75.25,WPI_model_ready.csv,REAL,SCENARIO_INPUT
GLOUCESTER,US,39.9,-75.133333,WPI_model_ready.csv,REAL,SCENARIO_INPUT
CAMDEN,US,39.95,-75.133333,WPI_model_ready.csv,REAL,SCENARIO_INPUT
BURLINGTON,US,40.083333,-74.866667,WPI_model_ready.csv,REAL,SCENARIO_INPUT
BRISTOL,US,40.1,-74.85,WPI_model_ready.csv,REAL,SCENARIO_INPUT
TRENTON,US,40.2,-74.766667,WPI_model_ready.csv,REAL,SCENARIO_INPUT
OCEAN CITY,US,38.333333,-75.083333,WPI_model_ready.csv,REAL,SCENARIO_INPUT
CAPE CHARLES,US,37.266667,-76.016667,WPI_model_ready.csv,REAL,SCENARIO_INPUT
SALISBURY,US,38.366667,-75.6,WPI_model_ready.csv,REAL,SCENARIO_INPUT
HAVRE DE GRACE,US,39.533333,-76.083333,WPI_model_ready.csv,REAL,SCENARIO_INPUT
BALTIMORE,US,39.266667,-76.583333,WPI_model_ready.csv,REAL,SCENARIO_INPUT
ANNAPOLIS,US,38.983333,-76.483333,WPI_model_ready.csv,REAL,SCENARIO_INPUT
SOLOMONS ISLAND,US,38.316667,-76.45,WPI_model_ready.csv,REAL,SCENARIO_INPUT
WASHINGTON D.C.,US,38.866667,-77.033333,WPI_model_ready.csv,REAL,SCENARIO_INPUT
ALEXANDRIA,US,38.8,-77.033333,WPI_model_ready.csv,REAL,SCENARIO_INPUT
PINEY POINT,US,38.133333,-76.533333,WPI_model_ready.csv,REAL,SCENARIO_INPUT
YORKTOWN,US,37.233333,-76.5,WPI_model_ready.csv,REAL,SCENARIO_INPUT
WEST POINT,US,37.533333,-76.8,WPI_model_ready.csv,REAL,SCENARIO_INPUT
FREDERICKSBURG,US,38.3,-77.45,WPI_model_ready.csv,REAL,SCENARIO_INPUT
NORFOLK,US,36.85,-76.3,WPI_model_ready.csv,REAL,SCENARIO_INPUT
PORTSMOUTH,US,36.816667,-76.3,WPI_model_ready.csv,REAL,SCENARIO_INPUT
NEWPORT NEWS,US,36.966667,-76.433333,WPI_model_ready.csv,REAL,SCENARIO_INPUT
WARWICK,US,37.45,-77.416667,WPI_model_ready.csv,REAL,SCENARIO_INPUT
RICHMOND,US,37.533333,-77.416667,WPI_model_ready.csv,REAL,SCENARIO_INPUT
ELIZABETH CITY,US,36.3,-76.216667,WPI_model_ready.csv,REAL,SCENARIO_INPUT
JOHOR,MY,1.433333,103.9,WPI_model_ready.csv,REAL,SCENARIO_INPUT
NORTH PULAU LAUT COAL TERMINAL,ID,-3.2,116.283333,WPI_model_ready.csv,REAL,SCENARIO_INPUT
TANAH MERAH,ID,-1.816667,116.166667,WPI_model_ready.csv,REAL,SCENARIO_INPUT
TANJUNG SANGATA,ID,0.366667,117.566667,WPI_model_ready.csv,REAL,SCENARIO_INPUT
TANJUNG BALAI KARIMUN,ID,0.983333,103.433333,WPI_model_ready.csv,REAL,SCENARIO_INPUT
KUALA TANJUNG,ID,3.366667,99.483333,WPI_model_ready.csv,REAL,SCENARIO_INPUT
SEKUPANG,ID,1.133333,103.916667,WPI_model_ready.csv,REAL,SCENARIO_INPUT
TANJUNG GEREM,ID,-5.966667,105.983333,WPI_model_ready.csv,REAL,SCENARIO_INPUT
EASTERN PART OF NIIGATA-KO,JP,38.016667,139.233333,WPI_model_ready.csv,REAL,SCENARIO_INPUT
FUNABASHI,JP,35.666667,139.95,WPI_model_ready.csv,REAL,SCENARIO_INPUT
SOMA,JP,37.833333,140.95,WPI_model_ready.csv,REAL,SCENARIO_INPUT
HIKARI,JP,33.95,131.933333,WPI_model_ready.csv,REAL,SCENARIO_INPUT
HIMEKAWA,JP,37.033333,137.85,WPI_model_ready.csv,REAL,SCENARIO_INPUT
HIROHATA,JP,34.766667,134.633333,WPI_model_ready.csv,REAL,SCENARIO_INPUT
HIBIKINADA,JP,33.933333,130.833333,WPI_model_ready.csv,REAL,SCENARIO_INPUT
MEGA,JP,34.783333,134.7,WPI_model_ready.csv,REAL,SCENARIO_INPUT
MITSUKOJIMA,JP,34.183333,132.516667,WPI_model_ready.csv,REAL,SCENARIO_INPUT
MATSU-SHIMA,JP,32.933333,129.6,WPI_model_ready.csv,REAL,SCENARIO_INPUT
NAMIKATA,JP,34.116667,132.9,WPI_model_ready.csv,REAL,SCENARIO_INPUT
NOSHIRO KO,JP,40.216667,140.0,WPI_model_ready.csv,REAL,SCENARIO_INPUT
SAKAIMINATO,JP,35.533333,133.233333,WPI_model_ready.csv,REAL,SCENARIO_INPUT
SHIKAMA,JP,34.766667,134.65,WPI_model_ready.csv,REAL,SCENARIO_INPUT
TOBATA,JP,33.916667,130.816667,WPI_model_ready.csv,REAL,SCENARIO_INPUT
YANAI,JP,33.95,132.133333,WPI_model_ready.csv,REAL,SCENARIO_INPUT
YAHATA,JP,33.866667,130.816667,WPI_model_ready.csv,REAL,SCENARIO_INPUT
YURA,JP,33.95,135.1,WPI_model_ready.csv,REAL,SCENARIO_INPUT
QUEEN CAROLA HARBOR,PG,-5.166667,154.55,WPI_model_ready.csv,REAL,SCENARIO_INPUT
CHINAE,KR,35.133333,128.65,WPI_model_ready.csv,REAL,SCENARIO_INPUT
CAPE FLATTERY HARBOR,AU,-14.95,145.35,WPI_model_ready.csv,REAL,SCENARIO_INPUT
NOUAKCHOTT,MR,18.033333,-16.033333,WPI_model_ready.csv,REAL,SCENARIO_INPUT
BIALLA,PG,-5.3,150.983333,WPI_model_ready.csv,REAL,SCENARIO_INPUT
PORT OF SOHAR,OM,24.516667,56.633333,WPI_model_ready.csv,REAL,SCENARIO_INPUT
UNGA,US,55.183333,-160.5,WPI_model_ready.csv,REAL,SCENARIO_INPUT
AKUTAN HARBOR,US,54.133333,-165.8,WPI_model_ready.csv,REAL,SCENARIO_INPUT
ADAK NAVAL AIR STATION,US,51.866667,-176.633333,WPI_model_ready.csv,REAL,SCENARIO_INPUT
PORT CHILKOOT,US,59.233333,-135.433333,WPI_model_ready.csv,REAL,SCENARIO_INPUT
ORCA,US,60.583333,-145.716667,WPI_model_ready.csv,REAL,SCENARIO_INPUT
AL SHAHEEN TERMINAL,QA,26.583333,52.0,WPI_model_ready.csv,REAL,SCENARIO_INPUT
AL RAYYAN TERMINAL,QA,26.65,51.55,WPI_model_ready.csv,REAL,SCENARIO_INPUT
KEPPEL - (EAST SINGAPORE),SG,1.283333,103.85,WPI_model_ready.csv,REAL,SCENARIO_INPUT
JURONG ISLAND,SG,1.283333,103.733333,WPI_model_ready.csv,REAL,SCENARIO_INPUT
SAINT-VALERY-SUR-SOMME,FR,50.183333,1.616667,WPI_model_ready.csv,REAL,SCENARIO_INPUT
LE TREPORT,FR,50.066667,1.366667,WPI_model_ready.csv,REAL,SCENARIO_INPUT
DIEPPE,FR,49.933333,1.083333,WPI_model_ready.csv,REAL,SCENARIO_INPUT
PORT DU HAVRE-ANTIFER,FR,49.65,0.15,WPI_model_ready.csv,REAL,SCENARIO_INPUT
PORT OF LE HAVRE,FR,49.483333,0.116667,WPI_model_ready.csv,REAL,SCENARIO_INPUT
SATTAHIP,TH,12.616667,100.916667,WPI_model_ready.csv,REAL,SCENARIO_INPUT
MATANZAS,CU,23.05,-81.55,WPI_model_ready.csv,REAL,SCENARIO_INPUT
PORT OF ROUEN,FR,49.45,1.066667,WPI_model_ready.csv,REAL,SCENARIO_INPUT
PUERTO PADRE,CU,21.283333,-76.533333,WPI_model_ready.csv,REAL,SCENARIO_INPUT
BAHIA DE SAGUA DE TANAMO,CU,20.683333,-75.333333,WPI_model_ready.csv,REAL,SCENARIO_INPUT
PUERTO GUANTANAMO,CU,19.983333,-75.133333,WPI_model_ready.csv,REAL,SCENARIO_INPUT
DEAUVILLE,FR,49.366667,0.083333,WPI_model_ready.csv,REAL,SCENARIO_INPUT
PORT DE CAEN,FR,49.183333,-0.35,WPI_model_ready.csv,REAL,SCENARIO_INPUT
OUISTREHAM,FR,49.283333,-0.25,WPI_model_ready.csv,REAL,SCENARIO_INPUT
ELFIN COVE,US,58.2,-136.35,WPI_model_ready.csv,REAL,SCENARIO_INPUT
HOONAH,US,58.116667,-135.45,WPI_model_ready.csv,REAL,SCENARIO_INPUT
TENAKEE SPRINGS,US,57.783333,-135.2,WPI_model_ready.csv,REAL,SCENARIO_INPUT
CHATHAM,US,57.516667,-134.933333,WPI_model_ready.csv,REAL,SCENARIO_INPUT
TODD,US,57.466667,-135.05,WPI_model_ready.csv,REAL,SCENARIO_INPUT
HOOD BAY,US,57.4,-134.5,WPI_model_ready.csv,REAL,SCENARIO_INPUT
HAWK INLET,US,58.116667,-134.75,WPI_model_ready.csv,REAL,SCENARIO_INPUT
FUNTER,US,58.25,-134.9,WPI_model_ready.csv,REAL,SCENARIO_INPUT
DUPONT,US,58.233333,-134.266667,WPI_model_ready.csv,REAL,SCENARIO_INPUT
JUNEAU,US,58.3,-134.416667,WPI_model_ready.csv,REAL,SCENARIO_INPUT
HAINES,US,59.233333,-135.433333,WPI_model_ready.csv,REAL,SCENARIO_INPUT
TANANI POINT,US,59.283333,-135.45,WPI_model_ready.csv,REAL,SCENARIO_INPUT
SKAGWAY,US,59.45,-135.333333,WPI_model_ready.csv,REAL,SCENARIO_INPUT
LETNIKOF COVE,US,59.183333,-135.4,WPI_model_ready.csv,REAL,SCENARIO_INPUT
EXCURSION INLET,US,58.416667,-135.45,WPI_model_ready.csv,REAL,SCENARIO_INPUT
YAKUTAT,US,59.55,-139.733333,WPI_model_ready.csv,REAL,SCENARIO_INPUT
KATALLA,US,60.2,-144.533333,WPI_model_ready.csv,REAL,SCENARIO_INPUT
CORDOVA,US,60.55,-145.766667,WPI_model_ready.csv,REAL,SCENARIO_INPUT
SHEPARD POINT,US,60.633333,-145.666667,WPI_model_ready.csv,REAL,SCENARIO_INPUT
SWANPORT,US,61.083333,-146.4,WPI_model_ready.csv,REAL,SCENARIO_INPUT
METLAKATLA,US,55.133333,-131.566667,WPI_model_ready.csv,REAL,SCENARIO_INPUT
GEORGE INLET,US,55.383333,-131.466667,WPI_model_ready.csv,REAL,SCENARIO_INPUT
VALDEZ,US,61.116667,-146.25,WPI_model_ready.csv,REAL,SCENARIO_INPUT
BAMBERTON,CA,48.55,-123.516667,WPI_model_ready.csv,REAL,SCENARIO_INPUT
VICTORIA HARBOR,CA,48.433333,-123.383333,WPI_model_ready.csv,REAL,SCENARIO_INPUT
ESQUIMALT HARBOR,CA,48.433333,-123.433333,WPI_model_ready.csv,REAL,SCENARIO_INPUT
PORT SAN JUAN,CA,48.55,-124.433333,WPI_model_ready.csv,REAL,SCENARIO_INPUT
PORT ALBERNI,CA,49.233333,-124.816667,WPI_model_ready.csv,REAL,SCENARIO_INPUT
UCLUELET,CA,48.95,-125.55,WPI_model_ready.csv,REAL,SCENARIO_INPUT
CLAYOQUOT,CA,49.15,-125.916667,WPI_model_ready.csv,REAL,SCENARIO_INPUT
AHOUSAT,CA,49.283333,-126.066667,WPI_model_ready.csv,REAL,SCENARIO_INPUT
TAHSIS,CA,49.916667,-126.666667,WPI_model_ready.csv,REAL,SCENARIO_INPUT
BERGH COVE,CA,50.533333,-127.616667,WPI_model_ready.csv,REAL,SCENARIO_INPUT
PORT ALICE,CA,50.383333,-127.45,WPI_model_ready.csv,REAL,SCENARIO_INPUT
COAL HARBOR,CA,50.6,-127.583333,WPI_model_ready.csv,REAL,SCENARIO_INPUT
PORT HARDY,CA,50.716667,-127.483333,WPI_model_ready.csv,REAL,SCENARIO_INPUT
SOINTULA,CA,50.633333,-127.016667,WPI_model_ready.csv,REAL,SCENARIO_INPUT
ALERT BAY,CA,50.583333,-126.933333,WPI_model_ready.csv,REAL,SCENARIO_INPUT
PORT MCNEILL,CA,50.583333,-127.083333,WPI_model_ready.csv,REAL,SCENARIO_INPUT
BELLA COOLA,CA,52.366667,-126.8,WPI_model_ready.csv,REAL,SCENARIO_INPUT
BELLA BELLA,CA,52.166667,-128.15,WPI_model_ready.csv,REAL,SCENARIO_INPUT
KLEMTU,CA,52.6,-128.516667,WPI_model_ready.csv,REAL,SCENARIO_INPUT
BUTEDALE,CA,53.166667,-128.683333,WPI_model_ready.csv,REAL,SCENARIO_INPUT
KEMANO BAY,CA,53.483333,-128.133333,WPI_model_ready.csv,REAL,SCENARIO_INPUT
KITIMAT,CA,54.0,-128.683333,WPI_model_ready.csv,REAL,SCENARIO_INPUT
PORPOISE HARBOR,CA,54.216667,-130.283333,WPI_model_ready.csv,REAL,SCENARIO_INPUT
PRINCE RUPERT,CA,54.316667,-130.333333,WPI_model_ready.csv,REAL,SCENARIO_INPUT
PORT SIMPSON,CA,54.566667,-130.433333,WPI_model_ready.csv,REAL,SCENARIO_INPUT
STEWART,CA,55.933333,-130.0,WPI_model_ready.csv,REAL,SCENARIO_INPUT
HERTFORD,US,36.183333,-76.466667,WPI_model_ready.csv,REAL,SCENARIO_INPUT
EDENTON,US,36.05,-76.616667,WPI_model_ready.csv,REAL,SCENARIO_INPUT
PLYMOUTH,US,35.866667,-76.75,WPI_model_ready.csv,REAL,SCENARIO_INPUT
COLUMBIA,US,35.916667,-76.25,WPI_model_ready.csv,REAL,SCENARIO_INPUT
BELHAVEN,US,35.616667,-76.616667,WPI_model_ready.csv,REAL,SCENARIO_INPUT
WASHINGTON,US,35.55,-77.05,WPI_model_ready.csv,REAL,SCENARIO_INPUT
BAYBORO,US,35.15,-76.766667,WPI_model_ready.csv,REAL,SCENARIO_INPUT
NEW BERN,US,35.1,-77.05,WPI_model_ready.csv,REAL,SCENARIO_INPUT
BEAUFORT,US,34.716667,-76.666667,WPI_model_ready.csv,REAL,SCENARIO_INPUT
MOREHEAD CITY,US,34.716667,-76.7,WPI_model_ready.csv,REAL,SCENARIO_INPUT
SWANSBORO,US,34.683333,-77.133333,WPI_model_ready.csv,REAL,SCENARIO_INPUT
WRIGHTSVILLE,US,34.216667,-77.816667,WPI_model_ready.csv,REAL,SCENARIO_INPUT
WILMINGTON,US,34.233333,-77.95,WPI_model_ready.csv,REAL,SCENARIO_INPUT
SOUTHPORT,US,33.916667,-78.016667,WPI_model_ready.csv,REAL,SCENARIO_INPUT
GEORGETOWN,US,33.366667,-79.283333,WPI_model_ready.csv,REAL,SCENARIO_INPUT
CHARLESTON,US,32.783333,-79.916667,WPI_model_ready.csv,REAL,SCENARIO_INPUT
PORT ROYAL,US,32.366667,-80.683333,WPI_model_ready.csv,REAL,SCENARIO_INPUT
BEAUFORT,US,32.433333,-80.666667,WPI_model_ready.csv,REAL,SCENARIO_INPUT
SAVANNAH,US,32.083333,-81.083333,WPI_model_ready.csv,REAL,SCENARIO_INPUT
DARIEN,US,31.366667,-81.433333,WPI_model_ready.csv,REAL,SCENARIO_INPUT
PHILADELPHIA,US,39.95,-75.133333,WPI_model_ready.csv,REAL,SCENARIO_INPUT
BROOKLYN,US,40.666667,-74.016667,WPI_model_ready.csv,REAL,SCENARIO_INPUT
NEW YORK CITY,US,40.7,-74.016667,WPI_model_ready.csv,REAL,SCENARIO_INPUT
PATCHOGUE,US,40.75,-73.016667,WPI_model_ready.csv,REAL,SCENARIO_INPUT
YONKERS,US,40.933333,-73.9,WPI_model_ready.csv,REAL,SCENARIO_INPUT
NEWBURGH,US,41.5,-74.0,WPI_model_ready.csv,REAL,SCENARIO_INPUT
POUGHKEEPSIE,US,41.7,-73.95,WPI_model_ready.csv,REAL,SCENARIO_INPUT
KINGSTON,US,41.933333,-73.966667,WPI_model_ready.csv,REAL,SCENARIO_INPUT
CATSKILL,US,42.216667,-73.85,WPI_model_ready.csv,REAL,SCENARIO_INPUT
ALBANY,US,42.65,-73.75,WPI_model_ready.csv,REAL,SCENARIO_INPUT
RENSSELAER,US,42.65,-73.75,WPI_model_ready.csv,REAL,SCENARIO_INPUT
TROY,US,42.733333,-73.7,WPI_model_ready.csv,REAL,SCENARIO_INPUT
EDGEWATER,US,40.816667,-73.983333,WPI_model_ready.csv,REAL,SCENARIO_INPUT
WEEHAWKEN,US,40.766667,-74.016667,WPI_model_ready.csv,REAL,SCENARIO_INPUT
HOBOKEN,US,40.75,-74.016667,WPI_model_ready.csv,REAL,SCENARIO_INPUT
JERSEY CITY,US,40.716667,-74.033333,WPI_model_ready.csv,REAL,SCENARIO_INPUT
BAYONNE,US,40.683333,-74.1,WPI_model_ready.csv,REAL,SCENARIO_INPUT
NEWARK,US,40.7,-74.15,WPI_model_ready.csv,REAL,SCENARIO_INPUT
ELIZABETHPORT,US,40.65,-74.183333,WPI_model_ready.csv,REAL,SCENARIO_INPUT
STAPLETON SI,US,40.633333,-74.066667,WPI_model_ready.csv,REAL,SCENARIO_INPUT
TOMPKINSVILLE SI,US,40.633333,-74.066667,WPI_model_ready.csv,REAL,SCENARIO_INPUT
PORT RICHMOND SI,US,40.65,-74.133333,WPI_model_ready.csv,REAL,SCENARIO_INPUT
MARINERS HARBOR SI,US,40.633333,-74.166667,WPI_model_ready.csv,REAL,SCENARIO_INPUT
GULFPORT SI,US,40.633333,-74.2,WPI_model_ready.csv,REAL,SCENARIO_INPUT
NISHTUN,YE,15.816667,52.2,WPI_model_ready.csv,REAL,SCENARIO_INPUT
DOHA HARBOR,KW,29.383333,47.8,WPI_model_ready.csv,REAL,SCENARIO_INPUT
BANDAR-E SHAHID REAJIE,IR,27.1,56.066667,WPI_model_ready.csv,REAL,SCENARIO_INPUT
BANDAR ABBAS,IR,27.15,56.2,WPI_model_ready.csv,REAL,SCENARIO_INPUT
BANDAR TAHERI OFFSHORE TERMINAL,IR,27.65,52.35,WPI_model_ready.csv,REAL,SCENARIO_INPUT
KHAWR KHASAB,OM,26.216667,56.233333,WPI_model_ready.csv,REAL,SCENARIO_INPUT
AL KUWAYT,KW,29.35,47.933333,WPI_model_ready.csv,REAL,SCENARIO_INPUT
AL MUKHA,YE,13.316667,43.25,WPI_model_ready.csv,REAL,SCENARIO_INPUT
ASH SHIHR OIL TERMINAL,YE,14.733333,49.5,WPI_model_ready.csv,REAL,SCENARIO_INPUT
HADERA,IL,32.466667,34.9,WPI_model_ready.csv,REAL,SCENARIO_INPUT
RAS SUDR,EG,29.583333,32.7,WPI_model_ready.csv,REAL,SCENARIO_INPUT
DAMIETTA,EG,31.483333,31.75,WPI_model_ready.csv,REAL,SCENARIO_INPUT
BUR SAID (PORT SAID),EG,31.266667,32.3,WPI_model_ready.csv,REAL,SCENARIO_INPUT
EL HAMRA OIL TERMINAL,EG,30.983333,28.866667,WPI_model_ready.csv,REAL,SCENARIO_INPUT
SOYO ANGOLA LNG TERMINAL,AO,-6.116667,12.333333,WPI_model_ready.csv,REAL,SCENARIO_INPUT
MERSA MATRUH,EG,31.35,27.233333,WPI_model_ready.csv,REAL,SCENARIO_INPUT
HAMRAWEIN,EG,26.25,34.2,WPI_model_ready.csv,REAL,SCENARIO_INPUT
AL MANAMAH,BH,26.233333,50.583333,WPI_model_ready.csv,REAL,SCENARIO_INPUT
KHOSROWABAD,IR,30.166667,48.416667,WPI_model_ready.csv,REAL,SCENARIO_INPUT
BOURI OIL FIELD,LY,33.9,12.65,WPI_model_ready.csv,REAL,SCENARIO_INPUT
KHOMS,LY,32.666667,14.25,WPI_model_ready.csv,REAL,SCENARIO_INPUT
MENZEL BOURGUIBA,TN,37.15,9.8,WPI_model_ready.csv,REAL,SCENARIO_INPUT
RADES,TN,36.816667,10.3,WPI_model_ready.csv,REAL,SCENARIO_INPUT
DJEN-DJEN,DZ,36.816667,5.883333,WPI_model_ready.csv,REAL,SCENARIO_INPUT
AGADIR,MA,30.433333,-9.633333,WPI_model_ready.csv,REAL,SCENARIO_INPUT
EL JORF LASFAR,MA,33.116667,-8.616667,WPI_model_ready.csv,REAL,SCENARIO_INPUT
ESPOIR MARINE TERMINAL,CI,5.05,-4.45,WPI_model_ready.csv,REAL,SCENARIO_INPUT
BAOBAB MARINE TERMINAL,CI,4.966667,-4.55,WPI_model_ready.csv,REAL,SCENARIO_INPUT
ODUDU TERMINAL,NG,4.0,7.766667,WPI_model_ready.csv,REAL,SCENARIO_INPUT
OKONO TERMINAL,NG,3.983333,7.3,WPI_model_ready.csv,REAL,SCENARIO_INPUT
OKWORI TERMINAL,NG,3.85,6.983333,WPI_model_ready.csv,REAL,SCENARIO_INPUT
ONNE,NG,4.683333,7.15,WPI_model_ready.csv,REAL,SCENARIO_INPUT
EL MAADIYA,EG,31.266667,30.15,WPI_model_ready.csv,REAL,SCENARIO_INPUT
AL ISKANDARIYH (ALEXANDRIA),EG,31.166667,29.833333,WPI_model_ready.csv,REAL,SCENARIO_INPUT
GIRASSOL TERMINAL,AO,-7.65,11.683333,WPI_model_ready.csv,REAL,SCENARIO_INPUT
KANDLA,IN,23.033333,70.216667,WPI_model_ready.csv,REAL,SCENARIO_INPUT
ALDERNEY HARBOUR,GB,49.733333,-2.2,WPI_model_ready.csv,REAL,SCENARIO_INPUT
SAINT SAMPSON,GB,49.483333,-2.516667,WPI_model_ready.csv,REAL,SCENARIO_INPUT
SAINT PETER PORT,GB,49.45,-2.533333,WPI_model_ready.csv,REAL,SCENARIO_INPUT
GRANVILLE,FR,48.833333,-1.6,WPI_model_ready.csv,REAL,SCENARIO_INPUT
SAINT-MALO,FR,48.65,-2.016667,WPI_model_ready.csv,REAL,SCENARIO_INPUT
LE LEGUE,FR,48.533333,-2.75,WPI_model_ready.csv,REAL,SCENARIO_INPUT
PROBOLINGGO,ID,-7.716667,113.216667,WPI_model_ready.csv,REAL,SCENARIO_INPUT
AMPENAN,ID,-8.566667,116.066667,WPI_model_ready.csv,REAL,SCENARIO_INPUT
WAINGAPU,ID,-9.633333,120.216667,WPI_model_ready.csv,REAL,SCENARIO_INPUT
NUEVA GERONA,CU,21.916667,-82.8,WPI_model_ready.csv,REAL,SCENARIO_INPUT
GEORGETOWN,KY,19.3,-81.383333,WPI_model_ready.csv,REAL,SCENARIO_INPUT
CAYMAN BRAC,KY,19.75,-79.75,WPI_model_ready.csv,REAL,SCENARIO_INPUT
STAGEN,ID,-3.3,116.15,WPI_model_ready.csv,REAL,SCENARIO_INPUT
SAMPIT,ID,-2.516667,113.0,WPI_model_ready.csv,REAL,SCENARIO_INPUT
BITUNG,ID,1.433333,125.183333,WPI_model_ready.csv,REAL,SCENARIO_INPUT
LUWUK,ID,-0.95,122.8,WPI_model_ready.csv,REAL,SCENARIO_INPUT
MASSET HARBOR,CA,54.016667,-132.15,WPI_model_ready.csv,REAL,SCENARIO_INPUT
PORT CLEMENTS,CA,53.683333,-132.183333,WPI_model_ready.csv,REAL,SCENARIO_INPUT
QUEEN CHARLOTTE,CA,53.25,-132.083333,WPI_model_ready.csv,REAL,SCENARIO_INPUT
ALLIFORD BAY,CA,53.216667,-131.983333,WPI_model_ready.csv,REAL,SCENARIO_INPUT
HYDER,US,55.916667,-130.0,WPI_model_ready.csv,REAL,SCENARIO_INPUT
HIDDEN INLET,US,54.95,-130.333333,WPI_model_ready.csv,REAL,SCENARIO_INPUT
LYALL HARBOR,CA,48.8,-123.2,WPI_model_ready.csv,REAL,SCENARIO_INPUT
HOPE BAY,CA,48.8,-123.283333,WPI_model_ready.csv,REAL,SCENARIO_INPUT
SIDNEY,CA,48.65,-123.383333,WPI_model_ready.csv,REAL,SCENARIO_INPUT
ROCHE  HARBOR,US,48.616667,-123.166667,WPI_model_ready.csv,REAL,SCENARIO_INPUT
ORCAS,US,48.6,-122.933333,WPI_model_ready.csv,REAL,SCENARIO_INPUT
ANACORTES,US,48.516667,-122.616667,WPI_model_ready.csv,REAL,SCENARIO_INPUT
BELLINGHAM,US,48.75,-122.5,WPI_model_ready.csv,REAL,SCENARIO_INPUT
CHERRY POINT,US,48.866667,-122.75,WPI_model_ready.csv,REAL,SCENARIO_INPUT
SEMIAHMOO,US,48.983333,-122.766667,WPI_model_ready.csv,REAL,SCENARIO_INPUT
BLAINE,US,49.0,-122.75,WPI_model_ready.csv,REAL,SCENARIO_INPUT
STEVESTON,CA,49.133333,-123.183333,WPI_model_ready.csv,REAL,SCENARIO_INPUT
NEW WESTMINSTER,CA,49.2,-122.916667,WPI_model_ready.csv,REAL,SCENARIO_INPUT
FRASER MILLS,CA,49.216667,-122.866667,WPI_model_ready.csv,REAL,SCENARIO_INPUT
PORT COQUITLAM,CA,49.266667,-122.783333,WPI_model_ready.csv,REAL,SCENARIO_INPUT
MISSION CITY,CA,49.116667,-122.25,WPI_model_ready.csv,REAL,SCENARIO_INPUT
VANCOUVER,CA,49.283333,-123.116667,WPI_model_ready.csv,REAL,SCENARIO_INPUT
PORT MOODY,CA,49.283333,-122.883333,WPI_model_ready.csv,REAL,SCENARIO_INPUT
SQUAMISH,CA,49.683333,-123.15,WPI_model_ready.csv,REAL,SCENARIO_INPUT
PORT MELLON,CA,49.516667,-123.483333,WPI_model_ready.csv,REAL,SCENARIO_INPUT
WESTVIEW,CA,49.833333,-124.516667,WPI_model_ready.csv,REAL,SCENARIO_INPUT
POWELL RIVER,CA,49.866667,-124.533333,WPI_model_ready.csv,REAL,SCENARIO_INPUT
DUNCAN BAY,CA,50.066667,-125.283333,WPI_model_ready.csv,REAL,SCENARIO_INPUT
CAMPBELL RIVER,CA,50.016667,-124.233333,WPI_model_ready.csv,REAL,SCENARIO_INPUT
COMOX HARBOR,CA,49.666667,-124.916667,WPI_model_ready.csv,REAL,SCENARIO_INPUT
NANOOSE HARBOR,CA,49.266667,-124.15,WPI_model_ready.csv,REAL,SCENARIO_INPUT
NANAIMO,CA,49.166667,-123.933333,WPI_model_ready.csv,REAL,SCENARIO_INPUT
HARMAC,CA,49.133333,-123.85,WPI_model_ready.csv,REAL,SCENARIO_INPUT
CHEMAINUS,CA,48.933333,-123.716667,WPI_model_ready.csv,REAL,SCENARIO_INPUT
CROFTON,CA,48.866667,-123.633333,WPI_model_ready.csv,REAL,SCENARIO_INPUT
COWICHAN BAY,CA,48.75,-123.616667,WPI_model_ready.csv,REAL,SCENARIO_INPUT
GANGES,CA,48.85,-123.483333,WPI_model_ready.csv,REAL,SCENARIO_INPUT
FRIDAY HARBOR,US,48.533333,-123.016667,WPI_model_ready.csv,REAL,SCENARIO_INPUT
WESTPORT,US,46.133333,-123.383333,WPI_model_ready.csv,REAL,SCENARIO_INPUT
RAINIER,US,46.083333,-122.933333,WPI_model_ready.csv,REAL,SCENARIO_INPUT
LONGVIEW,US,46.133333,-122.933333,WPI_model_ready.csv,REAL,SCENARIO_INPUT
KALAMA,US,46.016667,-122.85,WPI_model_ready.csv,REAL,SCENARIO_INPUT
ST HELENS,US,45.866667,-122.8,WPI_model_ready.csv,REAL,SCENARIO_INPUT
PORTLAND,US,45.516667,-122.666667,WPI_model_ready.csv,REAL,SCENARIO_INPUT
VANCOUVER,US,45.633333,-122.683333,WPI_model_ready.csv,REAL,SCENARIO_INPUT
CAMAS,US,45.583333,-122.4,WPI_model_ready.csv,REAL,SCENARIO_INPUT
PORT SOCONY,US,40.55,-74.25,WPI_model_ready.csv,REAL,SCENARIO_INPUT
BAYWAY,US,40.633333,-74.2,WPI_model_ready.csv,REAL,SCENARIO_INPUT
GRASSELLI,US,40.616667,-74.2,WPI_model_ready.csv,REAL,SCENARIO_INPUT
CARTERET,US,40.583333,-74.216667,WPI_model_ready.csv,REAL,SCENARIO_INPUT
CHROME,US,40.566667,-74.216667,WPI_model_ready.csv,REAL,SCENARIO_INPUT
PORT READING,US,40.566667,-74.233333,WPI_model_ready.csv,REAL,SCENARIO_INPUT
SEWAREN,US,40.55,-74.25,WPI_model_ready.csv,REAL,SCENARIO_INPUT
MAURER,US,40.533333,-74.25,WPI_model_ready.csv,REAL,SCENARIO_INPUT
PERTH AMBOY,US,40.5,-74.266667,WPI_model_ready.csv,REAL,SCENARIO_INPUT
SAYREVILLE,US,40.466667,-74.366667,WPI_model_ready.csv,REAL,SCENARIO_INPUT
SOUTH AMBOY,US,40.483333,-74.266667,WPI_model_ready.csv,REAL,SCENARIO_INPUT
LEONARDO,US,40.433333,-74.066667,WPI_model_ready.csv,REAL,SCENARIO_INPUT
BARNEGAT,US,39.766667,-74.1,WPI_model_ready.csv,REAL,SCENARIO_INPUT
ATLANTIC CITY,US,39.366667,-74.416667,WPI_model_ready.csv,REAL,SCENARIO_INPUT
SALEM NJ,US,39.666667,-75.483333,WPI_model_ready.csv,REAL,SCENARIO_INPUT
NEW CASTLE,US,39.65,-75.566667,WPI_model_ready.csv,REAL,SCENARIO_INPUT
DEEPWATER POINT,US,39.7,-75.516667,WPI_model_ready.csv,REAL,SCENARIO_INPUT
WILMINGTON,US,39.733333,-75.55,WPI_model_ready.csv,REAL,SCENARIO_INPUT
MARCUS HOOK,US,39.816667,-75.416667,WPI_model_ready.csv,REAL,SCENARIO_INPUT
CHESTER,US,39.85,-75.35,WPI_model_ready.csv,REAL,SCENARIO_INPUT
CITY ISLAND,US,40.85,-73.783333,WPI_model_ready.csv,REAL,SCENARIO_INPUT
GLOUCESTER,US,42.6,-70.666667,WPI_model_ready.csv,REAL,SCENARIO_INPUT
BEVERLY,US,42.533333,-70.883333,WPI_model_ready.csv,REAL,SCENARIO_INPUT
SALEM,US,42.516667,-70.883333,WPI_model_ready.csv,REAL,SCENARIO_INPUT
MARBLEHEAD,US,42.5,-70.85,WPI_model_ready.csv,REAL,SCENARIO_INPUT
LYNN,US,42.45,-70.95,WPI_model_ready.csv,REAL,SCENARIO_INPUT
BOSTON,US,42.35,-71.05,WPI_model_ready.csv,REAL,SCENARIO_INPUT
QUINCY,US,42.25,-70.966667,WPI_model_ready.csv,REAL,SCENARIO_INPUT
SCITUATE,US,42.2,-70.716667,WPI_model_ready.csv,REAL,SCENARIO_INPUT
PLYMOUTH,US,41.95,-70.666667,WPI_model_ready.csv,REAL,SCENARIO_INPUT
PROVINCETOWN,US,42.05,-70.183333,WPI_model_ready.csv,REAL,SCENARIO_INPUT
HYANNIS,US,41.65,-70.283333,WPI_model_ready.csv,REAL,SCENARIO_INPUT
HYANNIS PORT,US,41.633333,-70.3,WPI_model_ready.csv,REAL,SCENARIO_INPUT
FALMOUTH,US,41.55,-70.616667,WPI_model_ready.csv,REAL,SCENARIO_INPUT
NANTUCKET,US,41.283333,-70.1,WPI_model_ready.csv,REAL,SCENARIO_INPUT
EDGARTOWN,US,41.383333,-70.5,WPI_model_ready.csv,REAL,SCENARIO_INPUT
VINEYARD HAVEN,US,41.45,-70.6,WPI_model_ready.csv,REAL,SCENARIO_INPUT
WOODS HOLE,US,41.516667,-70.666667,WPI_model_ready.csv,REAL,SCENARIO_INPUT
NEW BEDFORD,US,41.633333,-70.916667,WPI_model_ready.csv,REAL,SCENARIO_INPUT
NEWPORT,US,41.5,-71.333333,WPI_model_ready.csv,REAL,SCENARIO_INPUT
FALL RIVER,US,41.7,-71.166667,WPI_model_ready.csv,REAL,SCENARIO_INPUT
TIVERTON,US,41.633333,-71.216667,WPI_model_ready.csv,REAL,SCENARIO_INPUT
BRISTOL,US,41.666667,-71.266667,WPI_model_ready.csv,REAL,SCENARIO_INPUT
PROVIDENCE,US,41.8,-71.4,WPI_model_ready.csv,REAL,SCENARIO_INPUT
QUONSET POINT,US,41.583333,-71.4,WPI_model_ready.csv,REAL,SCENARIO_INPUT
DAVISVILLE DEPOT,US,41.616667,-71.4,WPI_model_ready.csv,REAL,SCENARIO_INPUT
TAKULA TERMINAL,AO,-5.216667,11.783333,WPI_model_ready.csv,REAL,SCENARIO_INPUT
ANTSOHIM BONDRONA,MG,-13.083333,48.833333,WPI_model_ready.csv,REAL,SCENARIO_INPUT
KOME KRIBI 1 MARINE TERMINAL,CM,2.916667,9.8,WPI_model_ready.csv,REAL,SCENARIO_INPUT
LIMBOH TERMINAL,CM,3.983333,9.15,WPI_model_ready.csv,REAL,SCENARIO_INPUT
CEIBA TERMINAL,GQ,1.416667,9.233333,WPI_model_ready.csv,REAL,SCENARIO_INPUT
COGO,GQ,1.083333,9.7,WPI_model_ready.csv,REAL,SCENARIO_INPUT
SERPENTINA TERMINAL,GQ,3.8,8.083333,WPI_model_ready.csv,REAL,SCENARIO_INPUT
SIDON/ZAHRANI TERMINAL,LB,33.533333,35.316667,WPI_model_ready.csv,REAL,SCENARIO_INPUT
ANTALYA OFFSHORE TERMINAL,TR,36.816667,30.6,WPI_model_ready.csv,REAL,SCENARIO_INPUT
BOTAS NATURAL GAS TERMINAL,TR,41.0,27.983333,WPI_model_ready.csv,REAL,SCENARIO_INPUT
BOTAS DORTYOL OIL TERMINAL,TR,36.866667,36.133333,WPI_model_ready.csv,REAL,SCENARIO_INPUT
TOROS GUBRE,TR,36.916667,35.966667,WPI_model_ready.csv,REAL,SCENARIO_INPUT
YAKACIK,TR,36.716667,36.183333,WPI_model_ready.csv,REAL,SCENARIO_INPUT
CHALKIS,GR,38.466667,23.6,WPI_model_ready.csv,REAL,SCENARIO_INPUT
DELTA TERMINAL,TR,36.85,36.166667,WPI_model_ready.csv,REAL,SCENARIO_INPUT
DIKILI,TR,39.016667,26.816667,WPI_model_ready.csv,REAL,SCENARIO_INPUT
GEBZE,TR,40.766667,29.55,WPI_model_ready.csv,REAL,SCENARIO_INPUT
GULLUK,TR,37.25,27.616667,WPI_model_ready.csv,REAL,SCENARIO_INPUT
YARIMCA,TR,40.8,29.7,WPI_model_ready.csv,REAL,SCENARIO_INPUT
GELENDZHIK,RU,44.55,38.066667,WPI_model_ready.csv,REAL,SCENARIO_INPUT
CERNAVODA,RO,44.333333,28.05,WPI_model_ready.csv,REAL,SCENARIO_INPUT
BASARABI,RO,44.166667,28.433333,WPI_model_ready.csv,REAL,SCENARIO_INPUT
DANUBE-BLACK SEA CANAL,RO,44.266667,28.183333,WPI_model_ready.csv,REAL,SCENARIO_INPUT
MEDGIDIA,RO,44.25,28.266667,WPI_model_ready.csv,REAL,SCENARIO_INPUT
MIDIA,RO,44.35,28.666667,WPI_model_ready.csv,REAL,SCENARIO_INPUT
TULCEA,RO,45.166667,28.816667,WPI_model_ready.csv,REAL,SCENARIO_INPUT
BELGOROD-DNESTROVSKY,UA,46.183333,30.366667,WPI_model_ready.csv,REAL,SCENARIO_INPUT
DNIPRO-BUZKYY,UA,46.733333,31.883333,WPI_model_ready.csv,REAL,SCENARIO_INPUT
PORT OKTYABRSK,UA,46.833333,31.933333,WPI_model_ready.csv,REAL,SCENARIO_INPUT
UST-DUNAISK,UA,45.466667,29.7,WPI_model_ready.csv,REAL,SCENARIO_INPUT
KAVALA,GR,40.933333,24.4,WPI_model_ready.csv,REAL,SCENARIO_INPUT
ALIAGA,TR,38.833333,26.933333,WPI_model_ready.csv,REAL,SCENARIO_INPUT
AMBARLI,TR,40.966667,28.7,WPI_model_ready.csv,REAL,SCENARIO_INPUT
BORUSAN FERTILIZER JETTY,TR,40.416667,29.1,WPI_model_ready.csv,REAL,SCENARIO_INPUT
KYMASSI,GR,38.833333,23.466667,WPI_model_ready.csv,REAL,SCENARIO_INPUT
ASPROPIRGOS,GR,38.033333,23.6,WPI_model_ready.csv,REAL,SCENARIO_INPUT
ACHLADI,GR,38.9,22.816667,WPI_model_ready.csv,REAL,SCENARIO_INPUT
ASTAKOS,GR,38.483333,21.1,WPI_model_ready.csv,REAL,SCENARIO_INPUT
AKRA KAVONISI,GR,35.516667,23.633333,WPI_model_ready.csv,REAL,SCENARIO_INPUT
TELUK BEO,ID,4.233333,126.783333,WPI_model_ready.csv,REAL,SCENARIO_INPUT
PATANI,ID,0.366667,128.75,WPI_model_ready.csv,REAL,SCENARIO_INPUT
WAHAI,ID,-2.783333,129.5,WPI_model_ready.csv,REAL,SCENARIO_INPUT
MIEI,ID,-2.733333,134.5,WPI_model_ready.csv,REAL,SCENARIO_INPUT
TG. SORONG,ID,-0.883333,131.233333,WPI_model_ready.csv,REAL,SCENARIO_INPUT
MERAK MAS TERMINAL,ID,-5.916667,105.983333,WPI_model_ready.csv,REAL,SCENARIO_INPUT
TOKYO KO,JP,35.666667,139.75,WPI_model_ready.csv,REAL,SCENARIO_INPUT
PONTRIEUX,FR,48.7,-3.15,WPI_model_ready.csv,REAL,SCENARIO_INPUT
TREGUIER,FR,48.783333,-3.233333,WPI_model_ready.csv,REAL,SCENARIO_INPUT
MORLAIX,FR,48.583333,-3.833333,WPI_model_ready.csv,REAL,SCENARIO_INPUT
PORT DE ROSCOFF-BLOSCON,FR,48.733333,-3.983333,WPI_model_ready.csv,REAL,SCENARIO_INPUT
KINGSTON,JM,17.966667,-76.783333,WPI_model_ready.csv,REAL,SCENARIO_INPUT
BEDI,IN,22.516667,70.033333,WPI_model_ready.csv,REAL,SCENARIO_INPUT
MIKAWA,JP,34.716667,137.3,WPI_model_ready.csv,REAL,SCENARIO_INPUT
PORBANDAR,IN,21.633333,69.6,WPI_model_ready.csv,REAL,SCENARIO_INPUT
SANTA BARBARA DE SAMANA,DO,19.2,-69.333333,WPI_model_ready.csv,REAL,SCENARIO_INPUT
PUERTO PLATA,DO,19.8,-70.7,WPI_model_ready.csv,REAL,SCENARIO_INPUT
PEPILLO SALCEDO,DO,19.7,-71.75,WPI_model_ready.csv,REAL,SCENARIO_INPUT
CAP HAITIEN,HT,19.766667,-72.2,WPI_model_ready.csv,REAL,SCENARIO_INPUT
PHILLIPSBURG,SX,18.016667,-63.05,WPI_model_ready.csv,REAL,SCENARIO_INPUT
CHARLESTOWN,KN,17.133333,-62.633333,WPI_model_ready.csv,REAL,SCENARIO_INPUT
GRAND CUL DE SAC BAY,LC,13.983333,-61.016667,WPI_model_ready.csv,REAL,SCENARIO_INPUT
WASHOUGAL,US,45.583333,-122.35,WPI_model_ready.csv,REAL,SCENARIO_INPUT
THE DALLES,US,45.6,-121.183333,WPI_model_ready.csv,REAL,SCENARIO_INPUT
NAHCOTTA,US,46.5,-124.033333,WPI_model_ready.csv,REAL,SCENARIO_INPUT
SOUTH BEND,US,46.666667,-123.783333,WPI_model_ready.csv,REAL,SCENARIO_INPUT
RAYMOND,US,46.683333,-123.733333,WPI_model_ready.csv,REAL,SCENARIO_INPUT
WILLAPA HARBOR,US,46.683333,-123.75,WPI_model_ready.csv,REAL,SCENARIO_INPUT
WESTHAVEN COVE,US,46.916667,-124.116667,WPI_model_ready.csv,REAL,SCENARIO_INPUT
BAY CITY,US,46.866667,-124.066667,WPI_model_ready.csv,REAL,SCENARIO_INPUT
ABERDEEN,US,46.983333,-123.816667,WPI_model_ready.csv,REAL,SCENARIO_INPUT
HOQUIAM,US,46.966667,-123.9,WPI_model_ready.csv,REAL,SCENARIO_INPUT
LA PUSH,US,47.9,-124.633333,WPI_model_ready.csv,REAL,SCENARIO_INPUT
NEAH BAY,US,48.366667,-124.616667,WPI_model_ready.csv,REAL,SCENARIO_INPUT
SEKIU,US,48.266667,-124.3,WPI_model_ready.csv,REAL,SCENARIO_INPUT
PORT ANGELES,US,48.116667,-123.433333,WPI_model_ready.csv,REAL,SCENARIO_INPUT
PORT TOWNSEND,US,48.116667,-122.75,WPI_model_ready.csv,REAL,SCENARIO_INPUT
GLEN COVE,US,48.083333,-122.783333,WPI_model_ready.csv,REAL,SCENARIO_INPUT
HOODSPORT,US,47.416667,-123.133333,WPI_model_ready.csv,REAL,SCENARIO_INPUT
PORT GAMBLE,US,47.85,-122.583333,WPI_model_ready.csv,REAL,SCENARIO_INPUT
POULSBO,US,47.733333,-122.65,WPI_model_ready.csv,REAL,SCENARIO_INPUT
KEYPORT,US,47.7,-122.616667,WPI_model_ready.csv,REAL,SCENARIO_INPUT
WINSLOW,US,47.616667,-122.516667,WPI_model_ready.csv,REAL,SCENARIO_INPUT
CREOSOTE,US,47.616667,-122.5,WPI_model_ready.csv,REAL,SCENARIO_INPUT
FORT WARD,US,47.583333,-122.516667,WPI_model_ready.csv,REAL,SCENARIO_INPUT
EAST BREMERTON,US,47.566667,-122.616667,WPI_model_ready.csv,REAL,SCENARIO_INPUT
SILVERDALE,US,47.65,-122.7,WPI_model_ready.csv,REAL,SCENARIO_INPUT
BREMERTON,US,47.566667,-122.65,WPI_model_ready.csv,REAL,SCENARIO_INPUT
PORT ORCHARD,US,47.533333,-122.633333,WPI_model_ready.csv,REAL,SCENARIO_INPUT
QUARTERMASTER HARBOR,US,47.383333,-122.466667,WPI_model_ready.csv,REAL,SCENARIO_INPUT
SHELTON,US,47.216667,-123.1,WPI_model_ready.csv,REAL,SCENARIO_INPUT
OLYMPIA,US,47.05,-122.9,WPI_model_ready.csv,REAL,SCENARIO_INPUT
NISQUALLY HEAD,US,47.116667,-122.75,WPI_model_ready.csv,REAL,SCENARIO_INPUT
TACOMA,US,47.283333,-122.416667,WPI_model_ready.csv,REAL,SCENARIO_INPUT
SEATTLE,US,47.6,-122.333333,WPI_model_ready.csv,REAL,SCENARIO_INPUT
POINT WELLS,US,47.783333,-122.4,WPI_model_ready.csv,REAL,SCENARIO_INPUT
EDWARDS POINT,US,47.8,-122.4,WPI_model_ready.csv,REAL,SCENARIO_INPUT
MUKILTEO,US,47.95,-122.3,WPI_model_ready.csv,REAL,SCENARIO_INPUT
EVERETT,US,48.0,-122.216667,WPI_model_ready.csv,REAL,SCENARIO_INPUT
COUPEVILLE,US,48.233333,-122.683333,WPI_model_ready.csv,REAL,SCENARIO_INPUT
RICHARDSON,US,48.45,-122.9,WPI_model_ready.csv,REAL,SCENARIO_INPUT
WARRENTON,US,46.166667,-123.916667,WPI_model_ready.csv,REAL,SCENARIO_INPUT
ASTORIA,US,46.2,-123.833333,WPI_model_ready.csv,REAL,SCENARIO_INPUT
TONGUE POINT,US,46.2,-123.75,WPI_model_ready.csv,REAL,SCENARIO_INPUT
SAN FRANCISCO,US,37.816667,-122.416667,WPI_model_ready.csv,REAL,SCENARIO_INPUT
YERBABUENA ISLAND,US,37.816667,-122.366667,WPI_model_ready.csv,REAL,SCENARIO_INPUT
REDWOOD CITY,US,37.533333,-122.2,WPI_model_ready.csv,REAL,SCENARIO_INPUT
ALAMEDA,US,37.783333,-122.266667,WPI_model_ready.csv,REAL,SCENARIO_INPUT
OAKLAND,US,37.816667,-122.333333,WPI_model_ready.csv,REAL,SCENARIO_INPUT
BERKELEY,US,37.866667,-122.3,WPI_model_ready.csv,REAL,SCENARIO_INPUT
POINT RICHMOND,US,37.916667,-122.366667,WPI_model_ready.csv,REAL,SCENARIO_INPUT
MONTAUK HARBOR,US,41.066667,-71.933333,WPI_model_ready.csv,REAL,SCENARIO_INPUT
GREENPORT,US,41.1,-72.366667,WPI_model_ready.csv,REAL,SCENARIO_INPUT
STONINGTON,US,41.333333,-71.9,WPI_model_ready.csv,REAL,SCENARIO_INPUT
NOANK,US,41.316667,-71.983333,WPI_model_ready.csv,REAL,SCENARIO_INPUT
MYSTIC,US,41.35,-71.966667,WPI_model_ready.csv,REAL,SCENARIO_INPUT
NEW LONDON,US,41.35,-72.083333,WPI_model_ready.csv,REAL,SCENARIO_INPUT
NORWICH,US,41.516667,-72.083333,WPI_model_ready.csv,REAL,SCENARIO_INPUT
ESSEX,US,41.35,-72.383333,WPI_model_ready.csv,REAL,SCENARIO_INPUT
NEW HAVEN,US,41.233333,-72.916667,WPI_model_ready.csv,REAL,SCENARIO_INPUT
PORT JEFFERSON,US,40.95,-73.083333,WPI_model_ready.csv,REAL,SCENARIO_INPUT
BRIDGEPORT,US,41.166667,-73.183333,WPI_model_ready.csv,REAL,SCENARIO_INPUT
SOUTHPORT,US,41.133333,-73.283333,WPI_model_ready.csv,REAL,SCENARIO_INPUT
NORWALK,US,41.1,-73.416667,WPI_model_ready.csv,REAL,SCENARIO_INPUT
STAMFORD,US,41.033333,-73.55,WPI_model_ready.csv,REAL,SCENARIO_INPUT
GREENWICH,US,41.016667,-73.616667,WPI_model_ready.csv,REAL,SCENARIO_INPUT
PORT CHESTER,US,41.0,-73.666667,WPI_model_ready.csv,REAL,SCENARIO_INPUT
NEWBURYPORT,US,42.816667,-70.866667,WPI_model_ready.csv,REAL,SCENARIO_INPUT
ROCKPORT,US,42.666667,-70.616667,WPI_model_ready.csv,REAL,SCENARIO_INPUT
WINTER HARBOR,US,44.383333,-68.083333,WPI_model_ready.csv,REAL,SCENARIO_INPUT
SORRENTO,US,44.466667,-68.183333,WPI_model_ready.csv,REAL,SCENARIO_INPUT
BAR HARBOR,US,44.383333,-68.2,WPI_model_ready.csv,REAL,SCENARIO_INPUT
NORTHEAST HARBOR,US,44.3,-68.283333,WPI_model_ready.csv,REAL,SCENARIO_INPUT
SOUTHWEST HARBOR,US,44.283333,-68.316667,WPI_model_ready.csv,REAL,SCENARIO_INPUT
MOUNT DESERT,US,44.366667,-68.333333,WPI_model_ready.csv,REAL,SCENARIO_INPUT
FRENCHBORO,US,44.116667,-68.366667,WPI_model_ready.csv,REAL,SCENARIO_INPUT
MINTURN,US,44.15,-68.45,WPI_model_ready.csv,REAL,SCENARIO_INPUT
SWANS ISLAND,US,44.133333,-68.45,WPI_model_ready.csv,REAL,SCENARIO_INPUT
BASS HARBOR,US,44.233333,-68.35,WPI_model_ready.csv,REAL,SCENARIO_INPUT
ELLSWORTH,US,44.55,-68.416667,WPI_model_ready.csv,REAL,SCENARIO_INPUT
BROOKLIN,US,44.266667,-68.583333,WPI_model_ready.csv,REAL,SCENARIO_INPUT
BUCKS HARBOR,US,44.333333,-68.733333,WPI_model_ready.csv,REAL,SCENARIO_INPUT
STONINGTON,US,44.15,-68.666667,WPI_model_ready.csv,REAL,SCENARIO_INPUT
CRIEHAVEN,US,43.833333,-68.883333,WPI_model_ready.csv,REAL,SCENARIO_INPUT
MATINICUS,US,43.866667,-68.883333,WPI_model_ready.csv,REAL,SCENARIO_INPUT
VINALHAVEN,US,44.05,-68.833333,WPI_model_ready.csv,REAL,SCENARIO_INPUT
NORTH HAVEN,US,44.133333,-68.866667,WPI_model_ready.csv,REAL,SCENARIO_INPUT
CASTINE,US,44.383333,-68.733333,WPI_model_ready.csv,REAL,SCENARIO_INPUT
SANDYPOINT,US,44.516667,-68.816667,WPI_model_ready.csv,REAL,SCENARIO_INPUT
BUCKSPORT,US,44.566667,-68.783333,WPI_model_ready.csv,REAL,SCENARIO_INPUT
WINTERPORT,US,44.633333,-68.85,WPI_model_ready.csv,REAL,SCENARIO_INPUT
BANGOR,US,44.8,-68.766667,WPI_model_ready.csv,REAL,SCENARIO_INPUT
SEARSPORT,US,44.45,-68.916667,WPI_model_ready.csv,REAL,SCENARIO_INPUT
BELFAST,US,44.416667,-69.0,WPI_model_ready.csv,REAL,SCENARIO_INPUT
CAMDEN,US,44.216667,-69.066667,WPI_model_ready.csv,REAL,SCENARIO_INPUT
ROCKPORT,US,44.183333,-69.066667,WPI_model_ready.csv,REAL,SCENARIO_INPUT
ROCKLAND,US,44.1,-69.1,WPI_model_ready.csv,REAL,SCENARIO_INPUT
RETHIMNON,GR,35.366667,24.466667,WPI_model_ready.csv,REAL,SCENARIO_INPUT
ZALIV RASA,HR,45.05,14.066667,WPI_model_ready.csv,REAL,SCENARIO_INPUT
DUGI RAT,HR,43.45,16.65,WPI_model_ready.csv,REAL,SCENARIO_INPUT
KORCULA,HR,42.933333,17.133333,WPI_model_ready.csv,REAL,SCENARIO_INPUT
TERMINI IMERESE,IT,37.983333,13.7,WPI_model_ready.csv,REAL,SCENARIO_INPUT
PORTOFERRAIO,IT,42.816667,10.333333,WPI_model_ready.csv,REAL,SCENARIO_INPUT
ORISTANO,IT,39.866667,8.55,WPI_model_ready.csv,REAL,SCENARIO_INPUT
TORRE DEL GRECO,IT,40.783333,14.366667,WPI_model_ready.csv,REAL,SCENARIO_INPUT
SPETSES,GR,37.266667,23.166667,WPI_model_ready.csv,REAL,SCENARIO_INPUT
PUERTO DE GARRUCHA,ES,37.183333,-1.816667,WPI_model_ready.csv,REAL,SCENARIO_INPUT
VILLANUEVA Y GELTRU,ES,41.233333,1.733333,WPI_model_ready.csv,REAL,SCENARIO_INPUT
DROGHEDA,IE,53.716667,-6.3,WPI_model_ready.csv,REAL,SCENARIO_INPUT
VALENTIA,IE,51.933333,-10.3,WPI_model_ready.csv,REAL,SCENARIO_INPUT
RUNAVIK,FO,62.116667,-6.716667,WPI_model_ready.csv,REAL,SCENARIO_INPUT
VAGUR,FO,61.483333,-6.8,WPI_model_ready.csv,REAL,SCENARIO_INPUT
ST. MARY'S (SCILLY ISL.),GB,49.916667,-6.316667,WPI_model_ready.csv,REAL,SCENARIO_INPUT
BANGOR,GB,54.65,-5.666667,WPI_model_ready.csv,REAL,SCENARIO_INPUT
BIRD PORT,GB,51.566667,-2.966667,WPI_model_ready.csv,REAL,SCENARIO_INPUT
GARLSTON,GB,53.35,-2.9,WPI_model_ready.csv,REAL,SCENARIO_INPUT
HOWDENDYKE,GB,53.733333,-0.883333,WPI_model_ready.csv,REAL,SCENARIO_INPUT
KILROOT,GB,54.733333,-5.716667,WPI_model_ready.csv,REAL,SCENARIO_INPUT
LANCASTER,GB,54.05,-2.783333,WPI_model_ready.csv,REAL,SCENARIO_INPUT
MOSTYN,GB,53.316667,-3.266667,WPI_model_ready.csv,REAL,SCENARIO_INPUT
NEW HOLLAND,GB,53.7,-0.366667,WPI_model_ready.csv,REAL,SCENARIO_INPUT
TILBURY,GB,51.466667,0.333333,WPI_model_ready.csv,REAL,SCENARIO_INPUT
WARREN POINT,GB,54.1,-6.25,WPI_model_ready.csv,REAL,SCENARIO_INPUT
WISBECH,GB,52.666667,0.15,WPI_model_ready.csv,REAL,SCENARIO_INPUT
EEMSHAVEN,NL,53.45,6.833333,WPI_model_ready.csv,REAL,SCENARIO_INPUT
HANSWEERT,NL,51.45,4.0,WPI_model_ready.csv,REAL,SCENARIO_INPUT
BUSUM,DE,54.133333,8.866667,WPI_model_ready.csv,REAL,SCENARIO_INPUT
BUTZFLETH,DE,53.65,9.516667,WPI_model_ready.csv,REAL,SCENARIO_INPUT
ITZEHOE,DE,53.916667,9.516667,WPI_model_ready.csv,REAL,SCENARIO_INPUT
NEUHAUS,DE,53.8,9.033333,WPI_model_ready.csv,REAL,SCENARIO_INPUT
ORTH,DE,54.45,11.05,WPI_model_ready.csv,REAL,SCENARIO_INPUT
LEMVIG,DK,56.583333,8.283333,WPI_model_ready.csv,REAL,SCENARIO_INPUT
SKAERBAEK,DK,55.516667,9.616667,WPI_model_ready.csv,REAL,SCENARIO_INPUT
HOLSTEBRO-STUER,DK,56.5,8.583333,WPI_model_ready.csv,REAL,SCENARIO_INPUT
THISTED,DK,56.95,8.7,WPI_model_ready.csv,REAL,SCENARIO_INPUT
POLICE,PL,53.566667,14.566667,WPI_model_ready.csv,REAL,SCENARIO_INPUT
LIELUPE,LV,57.0,23.433333,WPI_model_ready.csv,REAL,SCENARIO_INPUT
SALACGRIVA,LV,57.7,24.366667,WPI_model_ready.csv,REAL,SCENARIO_INPUT
BUTINGE OIL TERMINAL,LT,56.033333,20.95,WPI_model_ready.csv,REAL,SCENARIO_INPUT
HUNDESTED,DK,55.966667,11.85,WPI_model_ready.csv,REAL,SCENARIO_INPUT
FUSHIKI-TOYAMA,JP,36.766667,137.133333,WPI_model_ready.csv,REAL,SCENARIO_INPUT
KINGSTOWN,VC,13.15,-61.233333,WPI_model_ready.csv,REAL,SCENARIO_INPUT
ST GEORGE'S,GD,12.05,-61.75,WPI_model_ready.csv,REAL,SCENARIO_INPUT
GALEOTA POINT TERMINAL,TT,10.133333,-60.983333,WPI_model_ready.csv,REAL,SCENARIO_INPUT
FUKUI KO,JP,36.183333,136.1,WPI_model_ready.csv,REAL,SCENARIO_INPUT
PORT OF SPAIN,TT,10.65,-61.516667,WPI_model_ready.csv,REAL,SCENARIO_INPUT
POINTE A PIERRE,TT,10.316667,-61.466667,WPI_model_ready.csv,REAL,SCENARIO_INPUT
IBIZA,ES,38.9,1.45,WPI_model_ready.csv,REAL,SCENARIO_INPUT
KRALENDIJK,BQ,12.15,-68.283333,WPI_model_ready.csv,REAL,SCENARIO_INPUT
HORTA,PT,38.533333,-28.633333,WPI_model_ready.csv,REAL,SCENARIO_INPUT
HIGASHI-HARIMA,JP,34.7,134.833333,WPI_model_ready.csv,REAL,SCENARIO_INPUT
OSAKA,JP,34.65,135.433333,WPI_model_ready.csv,REAL,SCENARIO_INPUT
SAKAIDE KO,JP,34.333333,133.85,WPI_model_ready.csv,REAL,SCENARIO_INPUT
SINT NICOLAAS BAAI,AW,12.433333,-69.916667,WPI_model_ready.csv,REAL,SCENARIO_INPUT
CUMANA (PUERTO SUCRE),VE,10.466667,-64.183333,WPI_model_ready.csv,REAL,SCENARIO_INPUT
PUERTO LA CRUZ,VE,10.25,-64.633333,WPI_model_ready.csv,REAL,SCENARIO_INPUT
JOSE TERMINAL,VE,10.1,-64.85,WPI_model_ready.csv,REAL,SCENARIO_INPUT
CATIA LA MAR,VE,10.6,-67.016667,WPI_model_ready.csv,REAL,SCENARIO_INPUT
PUERTO BORBURATA,VE,10.483333,-67.983333,WPI_model_ready.csv,REAL,SCENARIO_INPUT
PUERTO CHICHIRIVICHE,VE,10.916667,-68.266667,WPI_model_ready.csv,REAL,SCENARIO_INPUT
BAYONNE,FR,43.5,-1.466667,WPI_model_ready.csv,REAL,SCENARIO_INPUT
TOULON,FR,43.1,5.916667,WPI_model_ready.csv,REAL,SCENARIO_INPUT
PORTO VECCHIO,FR,41.583333,9.283333,WPI_model_ready.csv,REAL,SCENARIO_INPUT
LAS PIEDRAS,VE,11.7,-70.216667,WPI_model_ready.csv,REAL,SCENARIO_INPUT
FUKUYAMA,JP,34.433333,133.433333,WPI_model_ready.csv,REAL,SCENARIO_INPUT
VITINO,RU,67.083333,32.316667,WPI_model_ready.csv,REAL,SCENARIO_INPUT
TABARKA,TN,36.966667,8.766667,WPI_model_ready.csv,REAL,SCENARIO_INPUT
ABU KHAMMASH,LY,33.066667,11.816667,WPI_model_ready.csv,REAL,SCENARIO_INPUT
RAS AL MISHAB,SA,28.116667,48.633333,WPI_model_ready.csv,REAL,SCENARIO_INPUT
RAS AL KHAFJI,SA,28.433333,48.583333,WPI_model_ready.csv,REAL,SCENARIO_INPUT
ISLAS HORMIGAS,ES,37.65,-0.65,WPI_model_ready.csv,REAL,SCENARIO_INPUT
LAS HORMIGAS,ES,41.866667,3.183333,WPI_model_ready.csv,REAL,SCENARIO_INPUT
FORT WILLIAM,GB,56.816667,-5.116667,WPI_model_ready.csv,REAL,SCENARIO_INPUT
GLENSANDA,GB,56.566667,-5.533333,WPI_model_ready.csv,REAL,SCENARIO_INPUT
LOCHALINE,GB,56.55,-5.766667,WPI_model_ready.csv,REAL,SCENARIO_INPUT
LAGOS,PT,37.1,-8.616667,WPI_model_ready.csv,REAL,SCENARIO_INPUT
KHALIFA BIN SALMAN,BH,26.25,50.75,WPI_model_ready.csv,REAL,SCENARIO_INPUT
SUIZHANG GANG,CN,40.066667,121.05,WPI_model_ready.csv,REAL,SCENARIO_INPUT
BODRUM,TR,37.033333,27.433333,WPI_model_ready.csv,REAL,SCENARIO_INPUT
LAMU,KE,-2.266667,40.9,WPI_model_ready.csv,REAL,SCENARIO_INPUT
GWANGYANG HANG,KR,34.85,127.8,WPI_model_ready.csv,REAL,SCENARIO_INPUT
ISHIKARI BAY NEW PORT,JP,43.216667,141.283333,WPI_model_ready.csv,REAL,SCENARIO_INPUT
Yohohama,SCENARIO_INPUT,35.45059,139.6474,fig2_port_coordinates.csv,REAL,SCENARIO_INPUT
 Nagoya,SCENARIO_INPUT,35.08033,136.88011,fig2_port_coordinates.csv,REAL,SCENARIO_INPUT
 Busan,SCENARIO_INPUT,25.10441,129.04254,fig2_port_coordinates.csv,REAL,SCENARIO_INPUT
 Shanghai,SCENARIO_INPUT,30.63495,122.08602,fig2_port_coordinates.csv,REAL,SCENARIO_INPUT
 Hong Kong,SCENARIO_INPUT,22.30315,114.17131,fig2_port_coordinates.csv,REAL,SCENARIO_INPUT
 Guangzhou,SCENARIO_INPUT,23.06615,113.52254,fig2_port_coordinates.csv,REAL,SCENARIO_INPUT
 Singapore,SCENARIO_INPUT,1.29596,103.77475,fig2_port_coordinates.csv,REAL,SCENARIO_INPUT
 Suez Canal,SCENARIO_INPUT,31.20803,32.33719,fig2_port_coordinates.csv,REAL,SCENARIO_INPUT
 Antwerp,SCENARIO_INPUT,51.33325,4.39964,fig2_port_coordinates.csv,REAL,SCENARIO_INPUT
 Plymouth,SCENARIO_INPUT,50.3649,-4.15904,fig2_port_coordinates.csv,REAL,SCENARIO_INPUT
 London,SCENARIO_INPUT,51.58018,0.54659,fig2_port_coordinates.csv,REAL,SCENARIO_INPUT
 Rotterdam,SCENARIO_INPUT,51.94974,4.14522,fig2_port_coordinates.csv,REAL,SCENARIO_INPUT
 Hamburg,SCENARIO_INPUT,53.51144,9.97028,fig2_port_coordinates.csv,REAL,SCENARIO_INPUT
