Consumer_Boiler1_MomentaryFuel,Consumer_Boiler2_MomentaryFuel,Consumer_GeneratorEngine1_MomentaryFuel,Consumer_GeneratorEngine1_RotationSpeed,Consumer_GeneratorEngine1_ShaftPower,Consumer_GeneratorEngine2_MomentaryFuel,Consumer_GeneratorEngine2_RotationSpeed,Consumer_GeneratorEngine2_ShaftPower,Consumer_GeneratorEngine3_MomentaryFuel,Consumer_GeneratorEngine3_RotationSpeed,Consumer_GeneratorEngine3_ShaftPower,Consumer_GeneratorEngine4_MomentaryFuel,Consumer_GeneratorEngine4_RotationSpeed,Consumer_GeneratorEngine4_ShaftPower,Consumer_GeneratorEngine5_MomentaryFuel,Consumer_GeneratorEngine5_RotationSpeed,Consumer_GeneratorEngine5_ShaftPower,Consumer_Total_MomentaryFuel,Consumer_Total_ShaftPower,Environment_SeaFloorDepth,Propeller_Port_RotationSpeed,Propeller_Port_ShaftPower,Propeller_Port_ShaftTorque,Propeller_Starboard_RotationSpeed,Propeller_Starboard_ShaftPower,Propeller_Starboard_ShaftTorque,Propeller_Total_ShaftPower,Ship_Bearing,Ship_Heading,Ship_SpeedOverGround,Ship_SpeedThroughWater,Weather_DiffuseRadiation,Weather_DirectNormalIrradiance,Weather_DirectRadiation,Weather_OceanCurrentDirection,Weather_OceanCurrentVelocity,Weather_Precipitation,Weather_RelativeHumidity2M,Weather_ShortwaveRadiation,Weather_SunshineDuration,Weather_SurfacePressure,Weather_SwellWaveDirection,Weather_SwellWaveHeight,Weather_SwellWavePeakPeriod,Weather_SwellWavePeriod,Weather_Temperature2M,Weather_WaveDirection,Weather_WaveHeight,Weather_WavePeriod,Weather_WeatherCode,Weather_WindDirection10M,Weather_WindGusts10M,Weather_WindSpeed10M,Weather_WindWaveDirection,Weather_WindWaveHeight,Weather_WindWavePeakPeriod,Weather_WindWavePeriod,index,MISSING_FIELD_COUNT,Consumer_Boiler1_FuelType_DM,Consumer_Boiler1_FuelType_RM 380,Consumer_Boiler2_FuelType_DM,Consumer_Boiler2_FuelType_RM 380,Consumer_GeneratorEngine1_FuelType_DM,Consumer_GeneratorEngine1_FuelType_RM 180,Consumer_GeneratorEngine1_FuelType_RM 380,Consumer_GeneratorEngine2_FuelType_DM,Consumer_GeneratorEngine2_FuelType_RM 180,Consumer_GeneratorEngine2_FuelType_RM 380,Consumer_GeneratorEngine3_FuelType_DM,Consumer_GeneratorEngine3_FuelType_RM 180,Consumer_GeneratorEngine3_FuelType_RM 380,Consumer_GeneratorEngine4_FuelType_DM,Consumer_GeneratorEngine4_FuelType_RM 180,Consumer_GeneratorEngine4_FuelType_RM 380,Consumer_GeneratorEngine5_FuelType_DM,Consumer_GeneratorEngine5_FuelType_RM 180,Consumer_GeneratorEngine5_FuelType_RM 380
0.0,0.0,0.0,1.2,0.0,0.3466986490885417,512.6,6056400.0,0.0,0.0,0.0,0.3387453070746528,511.4,6036400.0,0.0,0.0,0.0,0.6854439561631944,12092800.0,188.1338146620664,81.41340026855468,3614524.0,423949.23125,80.85566711425781,3487690.6666666665,411628.5520833333,7102214.666666666,273.5835329347522,277.94000244140625,7.634355449676514,7.716666603088379,0.0,0.0,0.0,191.66666666666663,0.3916666666666666,0.0,81.5,0.0,0.0,1013.4,216.66666666666663,0.2266666666666666,3.25,2.25,19.48333333333333,216.16666666666663,0.2266666666666666,2.8916666666666666,2.166666666666667,245.66666666666663,3.966666666666667,2.44,291.1666666666667,0.0066666666666666,1.2416666666666667,0.1916666666666666,9553,0,1,0,1,0,0,0,1,0,0,1,0,1,0,0,0,1,0,0,1
0.0,0.0,0.0,2.0,0.0,0.3667912326388889,512.0,6386400.0,0.0,0.0,0.0,0.0300526529947917,0.0,0.0,0.3562292887369791,511.4,6383000.0,0.7530731743706598,12769400.0,278.9794034523473,80.18679962158203,3467096.2,412899.70625,80.00659942626953,3274595.4,390842.88125,6741691.6,319.597166031403,326.8799987792969,7.480022335052491,7.644644355773925,0.0,0.0,0.0,137.58333333333334,0.1458333333333333,0.0,81.0,0.0,0.0,1017.3333333333331,196.66666666666663,0.32,5.2,4.491666666666667,24.4,196.5833333333333,0.3216666666666666,4.433333333333334,2.0,129.75,3.783333333333333,2.229166666666667,134.5,0.0233333333333333,1.5208333333333333,1.3125,39773,0,1,0,1,0,0,0,1,0,0,1,0,0,1,0,0,1,0,0,1
0.0,0.0297968444824218,0.0,2.2,0.0,0.3627350802951388,511.6,6357000.0,0.0,0.0,0.0,0.3764430474175347,510.4,6280200.0,0.0,0.0,0.0,0.7689749721950955,12637200.0,41.73456556519315,75.00824928283691,2833834.25,360773.5859375,75.0,2823843.4,359542.925,5657677.65,134.82762482989585,136.13999938964844,6.852400016784668,6.893555641174316,0.0,0.0,0.0,258.75,0.2208333333333333,0.1166666666666666,82.0,0.0,0.0,1011.8,340.6666666666667,0.1833333333333333,5.808333333333334,4.3875,28.33333333333333,340.6666666666667,0.1833333333333333,3.616666666666667,47.91666666666667,43.91666666666666,4.033333333333333,2.328333333333333,180.0,0.0,1.3041666666666667,1.3625,81417,0,0,1,0,1,0,0,1,0,0,1,0,0,1,0,0,1,0,0,1
0.0,0.0,0.0,2.0,0.0,0.47175537109375,511.6,8348600.0,0.4926033393012153,510.8,8545800.0,0.4648442789713541,510.8,8454200.0,0.0,0.0,0.0,1.4292029893663194,25348600.0,42.317380111283256,110.00659942626952,9042032.6,784907.6625,109.4666015625,9002885.0,785361.9,18044917.6,141.746031230583,141.10000305175782,9.51722240447998,9.949355316162109,13.083333333333332,66.10000000000001,10.25,270.75,0.2083333333333333,0.0,73.08333333333333,23.333333333333336,300.0,1015.4666666666668,135.0,0.72,6.895833333333334,6.591666666666667,27.416666666666664,116.0,1.2633333333333334,5.104166666666666,1.0,103.08333333333331,10.558333333333334,8.400833333333333,107.08333333333331,1.0433333333333334,5.216666666666667,4.408333333333333,78663,0,0,1,0,1,0,0,1,0,0,1,0,0,1,0,0,1,0,0,1
0.0,0.0,0.4648547905815972,512.0,8385000.0,0.48109814453125,512.0,8124000.0,0.0,0.0,0.0,0.4801059163411459,511.0,8385400.0,0.0,0.0,0.0,1.4260588514539931,24894400.0,274.0409009399083,109.0,8553487.5,749355.84375,109.08679962158205,8650195.8,757231.025,17203683.3,93.23581538871724,96.0,9.76415557861328,9.98022174835205,156.33333333333334,366.33333333333337,176.33333333333331,42.0,0.1066666666666666,0.0,88.66666666666667,332.66666666666663,3600.0,1016.1333333333332,105.33333333333331,0.6266666666666667,4.75,4.45,25.5,104.33333333333331,0.6533333333333333,4.233333333333333,3.0,96.66666666666669,6.766666666666667,4.87,91.66666666666669,0.2066666666666666,2.283333333333333,1.85,39096,0,1,0,1,0,0,0,1,0,0,1,0,0,1,0,0,1,0,0,1
0.0,0.0,0.0,1.0,0.0,0.4703651597764758,512.6,8058800.0,0.4996682061089409,511.2,8740000.0,0.4548672654893663,511.0,8113200.0,0.0,0.0,0.0,1.4249006313747832,24912000.0,278.9995978957122,111.0,9310569.5,800985.484375,0.0,0.0,21882.29825882848,9310569.5,92.8116297651365,93.83999786376953,9.774444580078123,10.227155113220215,296.0,367.3833333333333,260.3333333333333,301.5,0.3016666666666666,0.0,83.83333333333333,556.3333333333334,3600.0,1015.6,109.5,0.3133333333333333,7.65,5.825,21.433333333333334,112.83333333333331,0.5933333333333333,4.158333333333333,3.0,92.5,8.233333333333333,6.220000000000001,104.16666666666669,0.4366666666666666,3.55,2.6166666666666667,10765,3,1,0,1,0,0,0,1,0,0,1,0,0,1,0,0,1,0,0,1
0.0,0.0,0.0,3.6,0.0,0.394855455186632,512.0,6959800.0,0.0,0.0,0.0,0.0,0.0,0.0,0.3962165934244792,510.8,6977200.0,0.7910720486111112,13937000.0,45.20643657057993,81.0,3661296.2,431639.5375,80.0,3604501.6,430255.70625,7265797.800000001,15.246092548343082,17.75999984741211,7.1713556289672855,7.0993332862854,0.0,0.0,0.0,308.0,0.3025,0.075,76.0,0.0,0.0,1006.525,302.0,0.415,5.2,4.074999999999999,30.025,302.75,0.415,4.0375,2.25,346.75,4.825,3.1225,299.25,0.045,1.15,1.0750000000000002,98490,0,0,1,0,1,0,0,1,0,0,1,0,0,1,0,0,1,0,0,1
0.0,0.0,0.4723107028537326,512.4,8435000.0,0.4741745741102431,512.4,8502200.0,0.4604440782335069,511.0,8414600.0,0.4698380533854166,511.0,8483000.0,0.0,0.0,0.0,1.8767674085829,33834800.0,39.44803510921886,101.47107752563969,7688522.68360161,715744.354250503,86.33804893381784,6981762.904838709,776165.743218475,0.0,8.828130511137982,9.04000015258789,10.340332984924316,11.070844268798828,11.166666666666671,9.65,1.833333333333334,177.5,0.8833333333333333,0.0,76.83333333333333,13.0,0.0,1009.0833333333334,35.666666666666664,0.5133333333333333,6.95,4.966666666666667,28.266666666666666,33.833333333333336,0.5533333333333333,4.633333333333334,3.0,30.166666666666668,6.783333333333333,4.5616666666666665,20.0,0.19,2.5083333333333333,1.8916666666666668,90052,6,0,1,0,1,0,0,1,0,0,1,0,0,1,0,0,1,0,0,1
0.0,0.0,0.0,2.0,0.0,0.4287866075303819,512.2,7582200.0,0.0,0.0,0.0,0.428048109266493,511.2,7441400.0,0.4229078776041667,511.8,7680000.0,1.2797425944010417,22703600.0,278.5605547712522,109.88679962158204,8635568.2,750449.2,108.99175071716309,8379956.5,734210.296875,17015524.7,241.90983350938765,237.9600006103516,9.846466636657714,10.24773292541504,0.0,0.0,0.0,112.0,0.27,0.0,86.0,0.0,0.0,1013.5,113.0,1.06,5.2,5.1,22.7,116.0,1.08,5.0,2.0,278.0,14.0,6.97,249.0,0.22,3.25,2.45,40960,0,1,0,1,0,0,0,1,0,0,1,0,0,1,0,0,1,0,0,1
0.0,0.0,0.183869642469618,512.6,2426000.0,0.0,0.0,0.0,0.1574803873697917,511.4,2488400.0,0.1673797336154513,511.0,2437600.0,0.0,0.0,0.0,0.5087297634548611,7352000.0,8.113781964374262,39.54000015258789,418900.4,77473.491796875,38.52679977416992,378915.2,69561.35146484376,797815.6000000001,346.7029278771558,352.44000244140625,5.226755428314209,5.360511112213135,0.0,0.0,0.0,189.0,0.215,0.0,79.0,0.0,0.0,1011.6,89.5,0.88,7.075,7.074999999999999,27.15,97.0,1.76,5.775,2.0,89.5,10.4,6.6,99.0,1.51,6.225,5.225,91020,0,0,1,0,1,0,0,1,0,0,1,0,0,1,0,0,1,0,0,1
0.0,0.0,0.0,3.0,0.0,0.0,0.0,0.0,0.0,0.0,0.0,0.4288870307074653,510.589552238806,7071037.313432836,0.4212731797960069,511.089552238806,7101820.895522388,0.8501602105034722,0.0,48.1274080849141,83.68659973144531,3877724.4,442456.675,83.53999938964844,3961422.0,452777.31875,7839146.4,298.0045035725314,302.4828336345616,7.545824976109746,7.67750732934297,245.97222222222223,123.36944444444444,104.7777777777778,114.75,0.4655555555555555,0.1277777777777778,79.27777777777777,350.75,2300.0,1010.5777777777778,122.97222222222224,0.5077777777777778,3.975,3.913888888888889,28.73888888888889,124.88888888888889,0.5533333333333333,3.813888888888889,3.0,132.77777777777777,6.261111111111111,3.4194444444444443,133.19444444444446,0.2077777777777777,1.9694444444444443,1.5916666666666666,96249,15,0,1,0,1,0,0,1,0,0,1,0,0,1,0,0,1,0,0,1
0.0,0.0,0.0,2.0,0.0,0.3871507297092014,511.8,6694200.0,0.0,0.0,0.0,0.3746759440104165,511.0,6747600.0,0.0,0.0,0.0,0.761826673719618,13441800.0,165.57985284197937,83.9417495727539,3966846.25,451277.28125,0.0,0.0,18137.381232483185,3966846.25,92.4626919948898,93.31999969482422,7.99446668624878,8.045910930633545,53.0,64.4,12.0,121.33333333333331,0.76,0.0,80.0,65.0,731.06,1011.3666666666668,81.66666666666667,0.7333333333333333,6.3,4.766666666666667,22.73333333333333,81.33333333333333,0.7333333333333333,5.733333333333333,3.0,261.0,1.8333333333333333,1.163333333333333,215.0,0.0,1.1666666666666667,0.3333333333333333,14059,3,1,0,1,0,0,0,1,0,0,1,0,0,1,0,0,1,0,0,1
0.0,0.0,0.0,3.0,0.0,0.3121419677734375,512.0,5350000.0,0.0,0.0,0.0,0.0,0.0,0.0,0.3194404296874999,510.2,5456200.0,0.6315823974609374,10806200.0,73.92136624118255,66.0,2061522.0,298274.0,65.0,1989660.8,292305.56875,4051182.8,2.336047288931027,4.960000038146973,6.42026653289795,6.173333168029785,65.66666666666666,140.13333333333333,31.33333333333333,315.0,0.1166666666666666,0.0,87.33333333333333,97.0,2400.0,1009.9333333333332,199.66666666666663,0.8666666666666667,13.5,10.716666666666669,27.266666666666666,199.66666666666663,0.8666666666666667,10.716666666666669,3.0,71.66666666666667,2.2,0.9233333333333332,180.0,0.0,1.0,1.0,99707,0,0,1,0,1,0,0,1,0,0,1,0,0,1,0,0,1,0,0,1
0.0,0.0,0.0,2.0,0.0,0.4144102918836806,512.0,7105800.0,0.0,0.0,0.0,0.0,0.0,0.0,0.4095469156901042,511.4,7229600.0,0.8239572075737849,14335400.0,278.9995978957122,82.0,3640279.2,423928.1125,0.0,0.0,6638.871577214128,3640279.2,270.3122585887789,268.9599975585937,7.562333106994629,7.891577625274659,0.0,0.0,0.0,343.4166666666667,0.1983333333333333,0.0,84.75,0.0,0.0,1012.65,195.0,0.1016666666666666,2.7,2.0583333333333336,25.64166666666667,148.66666666666669,0.2916666666666666,2.3625,2.0,119.83333333333331,9.775,3.583333333333333,121.33333333333331,0.2483333333333333,1.9708333333333328,1.9083333333333328,24173,3,1,0,1,0,0,0,1,0,0,1,0,0,1,0,0,1,0,0,1
0.0,0.0,0.4736406656901042,512.8,8579200.0,0.0,0.0,0.0,0.0,3.6,0.0,0.0,0.0,0.0,0.4743996310763889,511.6,8510400.0,0.9480402967664932,17089600.0,278.99959789571227,92.54000091552734,5304269.4,547353.2875,91.8666015625,5449010.2,566410.0375,10753279.6,113.29154928142437,111.78000030517578,8.004755592346191,8.529488945007325,0.0,0.0,0.0,205.5,0.1516666666666666,0.0,60.0,0.0,0.0,1014.3166666666666,104.5,0.8833333333333333,7.65,8.35,25.9,42.333333333333336,1.7066666666666666,6.05,0.0,34.666666666666664,13.05,9.608333333333334,33.166666666666664,1.4633333333333334,6.3,5.191666666666666,62173,0,1,0,1,0,1,0,0,1,0,0,1,0,0,1,0,0,1,0,0
0.0,0.0,0.35946265496148,513.0,6693600.0,0.3697789171006944,512.6,6644200.0,0.0,0.0,0.0,0.0,0.0,0.0,0.0,0.0,0.0,0.7292415720621744,13337800.0,99.3900609037729,77.57339935302734,3155307.4,388349.875,77.51339874267578,3170036.6,390399.21875,6325344.0,92.39277591649638,89.98000030517578,6.69806661605835,6.955288982391357,0.0,0.0,0.0,229.41666666666663,0.4308333333333333,3.608333333333333,81.0,0.0,0.0,1010.2166666666668,332.5,0.2883333333333333,7.65,4.6375,28.58333333333333,339.0,0.34,3.8625,96.0,345.0,7.55,4.236666666666667,342.5833333333333,0.175,2.3875,2.0083333333333333,64734,0,1,0,1,0,1,0,0,1,0,0,1,0,0,1,0,0,1,0,0
0.0,0.0,0.3929721001519097,512.4,6835200.0,0.0,0.0,0.0,0.3855950520833333,510.6,6762400.0,0.4080174424913194,510.4,6770800.0,0.0,0.0,0.0,1.1865845947265623,20368400.0,275.5352863963928,96.5468002319336,7097954.6,702099.5625,95.83320007324218,6672361.6,664915.6625,13770316.2,269.66594487745874,272.2600036621094,8.097355461120605,8.220822143554688,116.66666666666669,722.7666666666667,437.6666666666667,72.0,0.1633333333333333,0.0,64.33333333333333,554.3333333333334,3600.0,1011.8333333333334,287.0,2.8266666666666667,10.816666666666666,8.266666666666666,22.53333333333333,287.6666666666667,3.56,8.533333333333333,0.0,289.0,16.03333333333333,11.5,291.0,2.006666666666667,8.483333333333334,5.366666666666667,28133,0,1,0,1,0,0,0,1,0,0,1,0,0,1,0,0,1,0,0,1
0.0660125545925564,0.0,0.0,2.0,0.0,0.4484543592664931,511.8,8272000.0,0.4757588975694444,511.0,8216000.0,0.4707770046657986,510.6,8123600.0,0.4736892496744791,511.0,8323200.0,1.934692065768772,32934800.0,28.03020475823335,123.10680084228515,12615249.6,978549.1625,122.69175148010254,12656781.5,985095.953125,25272031.1,121.116111875302,120.9,10.700444221496582,10.885644340515135,151.33333333333334,839.1333333333333,707.0,210.0,0.15,0.0,72.66666666666667,858.3333333333334,3600.0,1015.3666666666668,124.66666666666669,0.5,6.533333333333333,6.45,27.7,97.33333333333331,1.5933333333333333,5.166666666666667,1.0,79.66666666666667,12.766666666666666,8.73,94.33333333333331,1.5133333333333334,5.433333333333333,4.55,78718,0,0,1,0,1,0,0,1,0,0,1,0,0,1,0,0,1,0,0,1
0.0,0.0,0.0,1.2,0.0,0.4388563368055555,511.8,7386600.0,0.4410980902777777,511.0,7378800.0,0.4244507785373264,511.2,7400600.0,0.0,0.0,0.0,1.3044052056206596,22166000.0,39.41798674414706,105.09339904785156,8362221.6,757695.8125,0.0,0.0,19741.533607763453,8362221.6,217.22532961041023,211.23999938964843,8.889599990844726,9.054222106933594,0.0,0.0,0.0,153.0,0.22,0.0,77.5,0.0,0.0,1009.275,215.75,0.205,4.3,3.325,22.65,187.75,0.27,3.975,3.0,312.0,4.475,2.41,324.0,0.02,1.875,1.45,12648,3,1,0,1,0,0,0,1,0,0,1,0,0,1,0,0,1,0,0,1
0.0,0.0,0.4122953965928818,511.8,7309000.0,0.0,0.0,0.0,0.0,0.0,0.0,0.413178236219618,510.2,7146200.0,0.0,0.0,0.0,0.8254736328124999,14455200.0,184.2755728737051,84.0,4093136.2,465316.31875,83.98680114746094,3966963.2,451044.8875,8060099.4,322.8960658679836,326.8199951171875,7.572622108459472,7.871000003814697,0.0,0.0,0.0,316.5,0.275,0.0,69.25,0.0,0.0,1009.475,60.83333333333333,0.3183333333333333,4.708333333333333,5.516666666666667,29.48333333333333,38.25,0.3866666666666666,4.104166666666666,1.0,50.16666666666666,7.308333333333334,5.525,36.0,0.2133333333333333,2.7208333333333337,2.3625000000000003,93031,0,0,1,0,1,0,0,1,0,0,1,0,0,1,0,0,1,0,0,1
0.0,0.0,0.4744683430989583,512.4,8174600.0,0.0,0.0,0.0,0.0,0.0,0.0,0.4423361002604167,510.4,8065600.0,0.0,0.0,0.0,0.916804443359375,16240200.0,53.94835481534443,90.0,4733862.2,502278.38125,89.64660034179687,4709508.6,501665.6875,9443370.8,124.46506494143662,125.18000030517578,8.076777458190918,8.704400062561035,391.0,94.96666666666668,91.0,33.333333333333336,0.2466666666666666,0.9000000000000001,82.33333333333333,482.0,1458.8333333333333,1010.5333333333332,308.3333333333333,0.2266666666666666,3.25,3.3166666666666664,28.2,308.3333333333333,0.2266666666666666,3.3166666666666664,34.0,255.0,3.4,2.28,180.0,0.0,1.1,1.0333333333333334,93446,0,0,1,0,1,0,0,1,0,0,1,0,0,1,0,0,1,0,0,1
0.0,0.0,0.0,2.0,0.0,0.4093633761935764,512.2,7000800.0,0.0,0.0,0.0,0.3884340277777777,510.4,6818400.0,0.0,0.0,0.0,0.7977974039713541,13819200.0,277.69139992792225,79.9468017578125,3562712.4,425554.90625,79.0,3402753.2,411315.15625,6965465.6,274.1553544533999,276.5799987792969,7.150777816772461,7.33597764968872,0.0,0.0,0.0,232.66666666666663,0.1533333333333333,0.0,78.33333333333333,0.0,0.0,1011.3333333333331,236.0,0.14,4.9,4.583333333333333,26.76666666666667,231.66666666666663,0.8266666666666667,3.9,0.0,243.3333333333333,9.1,7.319999999999999,231.66666666666663,0.8,4.033333333333333,3.3833333333333333,33749,0,1,0,1,0,1,0,0,1,0,0,0,0,1,0,0,1,0,0,1
0.0,0.0,0.0,2.0,0.0,0.4092842339409722,512.2,6990400.0,0.0,0.0,0.0,0.395970472547743,511.2,7070800.0,0.0,0.0,0.0,0.8052547064887152,14061200.0,261.09671592154103,82.0,3763554.0,438284.04375,0.0,0.0,8555.668816563903,3763554.0,31.54208813349107,27.780000686645508,7.510889053344727,7.757822322845459,0.0,0.0,0.0,322.5,0.2091666666666666,0.0,88.33333333333333,0.0,0.0,1017.375,101.83333333333331,0.21,3.9,3.3875,27.625,98.58333333333331,0.3233333333333333,3.333333333333333,1.0,76.08333333333333,5.166666666666667,3.8283333333333336,104.41666666666669,0.1966666666666666,1.9708333333333328,1.8791666666666669,22487,3,1,0,1,0,0,0,1,0,0,1,0,0,1,0,0,1,0,0,1
0.0,0.0,0.4743687337239584,512.6,8421200.0,0.4814259033203125,512.2,8256000.0,0.4544066433376736,511.4,8207600.0,0.4853459201388889,510.8,8368000.0,0.0,0.0,0.0,1.8955472005208327,33252800.0,59.39819717341441,101.70569251275126,7741265.144006899,719412.36866287,85.93604043194276,6954615.780645161,776704.3566715543,0.0,343.8936262164032,345.2399963378906,10.793044471740725,11.410377693176269,0.0,0.0,0.0,188.5,0.245,0.0,77.75,0.0,0.0,1010.875,44.75,0.465,6.95,5.1625000000000005,28.1,46.5,0.5,4.9,3.0,68.0,5.175,3.5375,66.5,0.155,2.05,1.7125,90099,6,0,1,0,1,0,0,1,0,0,1,0,0,1,0,0,1,0,0,1
0.0240415344238281,0.0,0.4728034871419272,512.4,8317600.0,0.0,0.0,0.0,0.0,0.0,0.0,0.4906130913628473,511.0,8218200.0,0.0,0.0,0.0,0.9874581129286027,16535800.0,252.5406456261876,92.04639892578123,5155336.8,534835.425,92.0,5061736.4,525391.55,10217073.2,88.62588130976613,89.32000122070312,8.591221809387207,8.80728874206543,0.0,0.0,0.0,81.5,0.2324999999999999,0.0,71.75,0.0,0.0,1008.825,94.25,0.6599999999999999,4.5,5.0,26.15,135.25,0.815,4.4375,2.0,192.0,8.95,6.25,171.25,0.46,3.8375,3.125,48994,0,1,0,1,0,0,0,1,0,0,1,0,0,1,0,0,1,0,0,1
0.0720909296671549,0.0,0.0,2.0,0.0,0.4164278700086806,511.8,7107400.0,0.0,0.0,0.0,0.0,0.0,0.0,0.4117223442925348,510.8,7236200.0,0.9002411439683703,14343600.0,278.9415295463153,83.0,3859949.6666666665,444094.03125,0.0,0.0,6297.804452774664,3859949.6666666665,202.1563535172289,195.60000305175785,7.66522216796875,7.932733249664307,0.0,0.0,0.0,192.5833333333333,0.1158333333333333,0.0,78.0,0.0,0.0,1009.1416666666668,34.166666666666664,0.145,3.9,4.029166666666667,27.275,75.5,0.2483333333333333,3.7625,2.0,69.75,9.975,6.219166666666667,62.16666666666666,0.1533333333333333,2.975,2.658333333333333,24473,3,1,0,1,0,0,0,1,0,0,1,0,0,1,0,0,1,0,0,1
0.0,0.0,0.4697386338975694,512.2,8053600.0,0.4646255696614582,512.2,8098600.0,0.0,0.0,0.0,0.4428617892795139,510.8,8168200.0,0.0,0.0,0.0,1.3772259928385415,24320400.0,75.36217948084666,109.9333999633789,8482661.6,736843.25,109.01340026855468,8451371.0,740318.6875,16934032.6,206.2725512117852,205.8800018310547,10.011088752746582,10.24773292541504,207.3333333333333,325.3333333333333,184.3333333333333,260.0,0.37,0.1,83.33333333333333,391.6666666666667,3600.0,1011.0,54.0,0.7066666666666667,5.8,5.366666666666666,28.03333333333333,54.0,0.7133333333333333,5.333333333333333,3.0,74.66666666666667,5.7,4.14,54.66666666666666,0.0933333333333333,1.8,1.5833333333333337,95494,0,0,1,0,1,0,0,1,0,0,1,0,0,1,0,0,1,0,0,1
0.0479169701470269,0.0,0.0,2.0,0.0,0.3527273491753472,511.8,6372200.0,0.0,0.0,0.0,0.0,0.0,0.0,0.3673092854817709,511.0,6328400.0,0.767953604804145,12700600.0,92.92994663993052,75.85999908447266,2929670.8,368786.08125,75.22660064697266,2940984.4,373328.43125,5870655.199999999,354.71862081455254,358.6800048828125,6.924422359466552,6.883266735076904,0.0,0.0,0.0,301.5,0.45,0.1999999999999999,78.5,0.0,0.0,1011.05,306.0,0.42,5.2,6.025,27.95,306.5,0.42,5.925,41.0,87.0,5.0,3.255,78.0,0.06,1.6,1.425,76606,0,1,0,1,0,1,0,0,1,0,0,1,0,0,1,0,0,1,0,0
0.0,0.0,0.4627773980034721,511.4,7986800.0,0.0,0.0,0.0,0.4533921440972223,511.2,8023000.0,0.4426867404513889,510.8,7930600.0,0.0,0.0,0.0,1.3588562825520831,23940400.0,271.46022600704663,110.0,8732167.0,758054.9875,109.0,8441049.0,739505.2875,17173216.0,60.99546062108104,53.73999938964844,9.85675563812256,10.072821998596192,0.0,0.0,0.0,333.0,0.11,0.0,70.0,0.0,0.0,1017.4,159.0,0.34,6.95,3.7,25.9,153.0,0.38,4.45,2.0,243.0,0.9,0.45,150.0,0.0,1.0,0.1,28809,0,1,0,1,0,0,0,1,0,0,1,0,0,1,0,0,1,0,0,1
0.0,0.0,0.2695789455837673,512.8,4732200.0,0.0,0.0,0.0,0.0,0.0,0.0,0.0,0.0,0.0,0.2762272542317708,512.0,4584800.0,0.5458061998155381,9317000.0,278.99959789571227,67.00659942626953,2144917.4,305679.0875,66.0,2011363.8,291016.80625,4156281.2,91.07838143697631,93.95999908447266,6.080733394622802,6.296800041198731,0.0,0.0,0.0,241.75,0.1725,0.0,52.5,0.0,0.0,1023.35,306.25,0.745,5.75,5.2875,19.625,306.25,0.745,5.225,3.0,225.25,3.8,3.275,248.0,0.04,1.725,1.4875,55293,0,0,1,0,1,0,0,1,1,0,0,0,0,1,0,0,1,0,0,1
0.0614166980319553,0.0,0.0,2.8,0.0,0.487048841688368,510.8,8468000.0,0.4913677707248264,510.0,8440800.0,0.4794341362847222,509.8,8435200.0,0.0,0.0,0.0,1.519267446729872,25344000.0,85.55335515666093,111.03999938964844,8879624.4,763643.125,110.38000183105468,8831379.0,764034.0125,17711003.4,186.0416548351405,186.17999877929688,10.062533187866212,10.412355422973633,221.3333333333333,703.0583333333334,652.0,232.8333333333333,0.2558333333333333,0.0,87.0,873.3333333333334,3600.0,1012.2666666666668,48.16666666666666,1.77,8.354166666666666,8.066666666666666,27.0,49.083333333333336,2.083333333333333,7.2375,2.0,47.16666666666666,11.166666666666666,8.118333333333334,50.0,1.1383333333333334,5.354166666666666,4.341666666666667,83329,0,0,1,0,1,0,0,1,0,0,1,0,0,1,0,0,1,0,0,1
0.0,0.0,0.4736018608940973,512.4,8357600.0,0.4877095675998264,512.4,8236600.0,0.0,0.0,0.0,0.4892102322048611,509.6,8381400.0,0.0,0.0,0.0,1.4505216606987847,24975600.0,278.9995978957123,111.38659973144532,8807637.2,755097.175,111.48659973144532,9045950.0,774830.0,17853587.2,267.1661876723986,268.3,10.844488525390624,10.237444305419922,214.66666666666669,616.5666666666666,527.3333333333334,287.5,0.62,0.1,79.0,742.0,3600.0,1010.15,173.16666666666666,1.28,13.991666666666667,9.366666666666667,29.516666666666666,170.16666666666666,1.3,9.241666666666667,2.0,71.5,6.233333333333333,4.336666666666667,80.5,0.2433333333333333,2.5166666666666666,1.9833333333333327,99457,0,0,1,0,1,0,0,1,0,0,1,0,0,1,0,0,1,0,0,1
0.0,0.0,0.3992754923502604,512.4,6824200.0,0.0,0.0,0.0,0.3871751437717014,512.6,6843000.0,0.0,0.0,0.0,0.0,0.0,0.0,0.7864506361219619,13667200.0,277.0510699701509,87.57340087890626,4416003.8,481499.7625,87.3,4363052.2,477210.94375,8779056.0,273.8175676799517,277.14000244140624,8.261977577209473,8.426599884033203,5.666666666666667,2.966666666666667,0.3333333333333333,64.66666666666667,0.2033333333333333,0.2333333333333333,91.33333333333331,6.0,0.0,1009.9666666666668,72.66666666666667,0.72,6.3,5.016666666666667,17.1,141.0,1.2866666666666666,6.45,28.666666666666668,59.333333333333336,5.933333333333334,4.4366666666666665,52.66666666666666,0.0,2.45,0.0333333333333333,6100,0,1,0,1,0,0,0,1,0,0,1,1,0,0,1,0,0,1,0,0
0.0,0.0,0.0,2.0,0.0,0.3767455240885416,512.0,6506400.0,0.0,0.0,0.0,0.0294449598524304,0.0,0.0,0.370253200954861,511.2,6599000.0,0.7764436848958332,13105400.0,240.67257813296612,80.0,3418878.25,408098.53125,79.08679962158203,3256063.0,393156.3125,6674941.25,279.2360437947674,282.9600036621094,7.28453311920166,7.552044296264649,0.0,0.0,0.0,243.0,0.2016666666666666,0.0,77.5,0.0,0.0,1017.4666666666668,205.5,0.28,5.2,4.566666666666666,24.48333333333333,205.5,0.28,4.566666666666666,0.8333333333333333,157.5,1.3666666666666667,0.7749999999999999,180.0,0.0,1.0,1.0,39734,0,1,0,1,0,0,0,1,0,0,1,0,0,1,0,0,1,0,0,1
0.0,0.0,0.4670957845052084,511.2,8362200.0,0.0,0.0,0.0,0.0,0.0,0.0,0.4605317111545138,511.4,8377200.0,0.0,0.0,0.0,0.9276274956597222,16739400.0,150.31119008815648,96.27499961853027,6014448.25,596553.296875,96.0,5972517.0,594097.25,11986965.25,245.8065871512828,238.67999877929688,8.591221809387207,9.033644485473634,0.0,0.0,0.0,117.0,0.11,0.0,75.0,0.0,0.0,1016.0,51.0,0.38,6.3,3.55,16.5,43.0,0.48,4.35,3.0,267.0,3.1,1.7,255.0,0.18,1.0,0.65,3768,0,1,0,1,0,0,0,1,0,0,1,0,0,1,0,0,1,0,0,1
0.0,0.0,0.0,2.0,0.0,0.475459228515625,512.0,8278200.0,0.0,0.0,0.0,0.4753097466362847,511.2,8261800.0,0.0,0.0,0.0,0.9507689751519096,16540000.0,277.5074389867755,90.78325080871582,4958854.5,521617.6953125,90.0,4810622.4,510422.925,9769476.9,93.44139030657009,94.54000244140624,8.498622512817382,8.580932998657227,3.5,16.85833333333335,2.5,68.83333333333333,0.3083333333333333,0.0,75.25,6.0,225.52,1017.2083333333334,15.25,0.6266666666666667,5.2125,4.754166666666666,24.183333333333334,13.416666666666666,0.645,4.608333333333333,0.0,293.0833333333333,4.7250000000000005,3.3425,282.5833333333333,0.1333333333333333,2.191666666666667,1.7916666666666667,43155,0,1,0,1,0,0,0,1,0,0,1,0,0,1,0,0,1,0,0,1
0.0,0.0,0.0,2.0,0.0,0.4478729926215278,512.0,7683200.0,0.0,0.0,0.0,0.4244272867838543,511.0,7757800.0,0.0,0.0,0.0,0.872300279405382,15441000.0,278.99959789571227,86.00659942626953,4319163.0,479556.0625,0.0,0.0,11269.42623668722,4319163.0,269.10497655386126,270.9600036621094,7.932733249664307,8.169377708435059,56.0,215.55,52.5,211.5,0.195,0.0,94.5,108.5,2042.4700000000005,1018.9,141.0,0.28,4.75,3.5250000000000004,23.6,120.5,0.47,4.2,22.5,41.5,1.15,0.6950000000000001,23.5,0.0,1.0,0.0,20100,3,1,0,1,0,0,0,1,0,0,1,0,0,1,0,0,1,0,0,1
0.0,0.0,0.0,3.0,0.0,0.4870364447699654,512.2,8276200.0,0.0,0.0,0.0,0.4721462944878472,511.2,8337800.0,0.4796829155815972,509.0,8212800.0,1.43886565483941,24826800.0,121.5832557180792,112.4199996948242,9281391.8,788435.9375,112.57340087890626,9664566.0,819862.6375,18945957.8,253.9038748797303,251.4200042724609,10.4432222366333,10.597555351257324,0.0,0.0,0.0,256.5,0.4399999999999999,0.0,89.75,0.0,0.0,1015.55,179.0,1.095,13.5,9.65,20.625,177.75,1.11,9.45,3.0,88.25,6.8,4.9825,95.75,0.165,2.4875000000000003,2.0,102528,0,0,1,0,1,0,0,1,0,0,1,0,0,1,0,0,1,0,0,1
0.0,0.0,0.4744365641276041,512.4,8039200.0,0.0,0.0,0.0,0.4678446248372395,510.2,8094000.0,0.446180189344618,510.6,8185000.0,0.0,0.0,0.0,1.388461378309462,24318200.0,48.53762040839586,109.73999938964845,8458924.0,736082.6875,108.99340057373048,8421118.8,737804.5625,16880042.8,191.00269754114944,190.0000030517578,9.98022174835205,10.185999870300291,168.91666666666666,497.275,313.75,270.9166666666667,0.2958333333333333,0.0916666666666666,84.75,482.6666666666667,3600.0,1014.125,57.083333333333336,0.7433333333333333,5.75,5.983333333333333,27.933333333333334,60.0,0.9433333333333332,4.95,1.9166666666666667,66.0,9.258333333333336,6.981666666666667,65.0,0.58,4.620833333333334,3.4375,95407,0,0,1,0,1,0,0,1,0,0,1,0,0,1,0,0,1,0,0,1
0.0,0.0,0.3224634874131944,512.2,5549000.0,0.0044835374620225,0.0,0.0,0.0,0.0,0.0,0.34134423828125,511.4,5416800.0,0.0,0.0,0.0,0.668291263156467,10965800.0,77.27843948257552,69.0,2477927.5,342934.2890625,68.0,2158519.75,303122.703125,4636447.25,251.93941850660667,255.7,6.142466449737549,6.224777793884277,0.0,0.0,0.0,176.33333333333334,0.1283333333333333,0.0,85.33333333333333,0.0,0.0,1022.8833333333332,244.3333333333333,0.26,5.125,4.116666666666667,21.71666666666667,245.8333333333333,0.2666666666666666,4.050000000000001,1.0,301.6666666666667,3.683333333333333,1.75,199.3333333333333,0.0233333333333333,1.1416666666666666,1.1083333333333334,45471,0,1,0,1,0,0,0,1,0,0,1,0,0,1,0,0,1,0,0,1
0.0,0.0,0.0,3.0,0.0,0.4661394314236111,512.6,8051600.0,0.0,0.0,0.0,0.426930406358507,510.6,7939000.0,0.4485761447482639,511.2,7962000.0,1.341645982530382,23952600.0,278.9995978957122,110.68659973144533,8823819.2,761266.3125,111.41339874267578,9357460.0,802041.8375,18181279.2,247.923156679338,244.87999877929687,10.196288681030271,10.299177360534667,200.66666666666663,629.8666666666667,468.3333333333333,328.6666666666667,0.1766666666666666,0.0166666666666666,76.0,669.0,3600.0,1018.6,103.16666666666669,1.7033333333333334,9.041666666666666,9.0,23.0,103.16666666666669,1.7033333333333334,9.0,2.0,181.0,3.833333333333333,2.74,189.5,0.02,1.7666666666666666,1.5166666666666666,102109,0,0,1,0,1,0,0,1,0,0,1,0,0,1,0,0,1,0,0,1
0.0,0.0,0.4771562025282118,512.4,8350400.0,0.0,0.0,0.0,0.0,0.0,0.0,0.4726226637098524,512.0,8237400.0,0.4708204820421007,512.0,8367800.0,1.4205993482801649,24955600.0,278.9995978957122,113.25850105285645,9647341.25,813437.34375,113.31674766540527,9892746.0,833693.046875,19540087.25,243.7456294981612,241.27999877929688,10.227155494689942,10.422644424438475,0.0,0.0,0.0,267.0,0.1575,0.0,65.41666666666667,0.0,0.0,1023.125,172.58333333333334,2.0966666666666667,12.3,10.108333333333334,23.316666666666663,162.83333333333334,2.2516666666666665,9.320833333333333,3.0,82.91666666666667,9.991666666666664,7.585,78.66666666666667,0.81,5.170833333333333,3.975,101710,0,0,1,0,1,0,0,1,0,0,1,0,0,1,0,0,1,0,0,1
0.0,0.0,0.2143135918511284,511.8,3248200.0,0.0,0.0,0.0,0.2063004421657985,511.0,3417800.0,0.197693874782986,510.4,3308400.0,0.0,0.0,0.0,0.618307908799913,9974400.0,249.79297431724163,68.37980041503906,2270100.8,317024.40625,68.0,2225919.2,312587.69375,4496020.0,304.3123980519464,305.2200012207031,6.173333168029785,6.42026653289795,0.0,0.0,0.0,177.0,0.0683333333333333,0.0,51.66666666666666,0.0,0.0,1012.4,243.5,0.26,6.525,3.983333333333333,20.83333333333333,263.5,0.2766666666666666,3.441666666666667,3.0,283.5,4.633333333333334,3.625,281.66666666666663,0.1,2.0,1.6666666666666663,59410,0,1,0,1,0,1,0,0,1,0,0,1,0,0,1,0,0,1,0,0
0.0,0.0,0.4647671440972222,511.8333333333333,8355500.0,0.4745037977430556,512.0,8386500.0,0.4648986002604166,511.5,8206833.333333333,0.0,0.0,0.0,0.0,0.0,0.0,1.4041695421006946,24948833.33333333,77.92265753979008,111.36000213623046,8842266.4,758245.1375,111.22659912109376,8905558.6,764583.3,17747825.0,208.6752510661418,209.16666666666663,10.13455581665039,10.53753709793091,188.25,86.14166666666667,45.91666666666666,229.75,0.2466666666666666,1.1666666666666663,86.08333333333333,234.16666666666663,926.0808333333332,1007.7416666666668,40.833333333333336,1.02,7.65,7.3125,27.2,30.916666666666668,1.3766666666666665,5.895833333333334,95.0,18.83333333333333,9.85,7.5275,18.75,0.915,5.1875,4.158333333333333,71273,0,1,0,1,0,1,0,0,1,0,0,1,0,0,1,0,0,1,0,0
0.0,0.0,0.4760036010742187,511.8,8511400.0,0.0,0.0,0.0,0.0,0.0,0.0,0.4584558648003471,511.0,8337200.0,0.4754708794487847,511.8,8389400.0,1.4099303453233505,25238000.0,278.99959789571227,113.53999938964844,9634743.6,810344.8625,113.61999969482422,9888127.4,831091.775,19522871.0,244.13691156896348,242.6199981689453,10.463800048828125,10.463800048828125,293.75,295.85,219.5,231.0,0.7075,0.0,66.25,513.25,3600.0,1022.025,172.5,1.86,14.025,10.975,24.825,100.0,2.87,8.35,3.0,69.0,15.35,11.175,69.0,2.18,6.95,6.075,101802,0,0,1,0,1,0,0,1,0,0,1,0,0,1,0,0,1,0,0,1
0.0,0.0,0.3393848876953125,512.0,5623000.0,0.0,0.0,0.0,0.316818617078993,511.6,5327400.0,0.0232068142361111,0.0,0.0,0.0,0.0,0.0,0.6794103190104166,10950400.0,96.08357130952754,69.90680084228515,2402289.0,328169.0125,69.0,2253234.0,311837.675,4655523.0,286.39964802760284,290.17999877929685,5.988133335113526,6.502577686309815,0.0,0.0,0.0,29.33333333333333,0.2866666666666667,0.0,88.66666666666667,0.0,0.0,998.4666666666668,202.0,1.3666666666666667,6.733333333333333,6.266666666666667,22.766666666666666,202.0,1.3666666666666667,6.266666666666667,3.0,109.66666666666669,6.633333333333333,3.733333333333333,180.0,0.0,1.3833333333333333,1.2833333333333332,49533,0,1,0,1,0,0,0,1,0,0,1,0,0,1,0,0,1,0,0,1
0.0,0.0,0.4735114873250325,511.8,8286000.0,0.4709998914930556,511.6,8372000.0,0.0217269287109375,0.0,0.0,0.4791171875,510.4,8253000.0,0.4562895100911458,511.2,8120000.0,1.901645005120172,33031000.0,59.29866233804577,124.99340057373048,12674767.6,968334.15,124.0,12423721.2,956756.425,25098488.8,337.6905926235758,339.47999877929686,10.5769775390625,11.37951068878174,103.0,338.4,101.0,180.0,0.35,0.0,76.0,204.0,3600.0,1009.3,110.0,0.58,4.8,4.2,28.5,110.0,0.58,4.15,2.0,98.0,5.2,3.44,88.0,0.14,2.0,1.55,66119,0,1,0,1,0,1,0,0,1,0,0,1,0,0,1,0,0,1,0,0
0.0,0.0,0.0035801595052083,2.0,0.0,0.4750858018663194,512.0,8379600.0,0.0,0.0,0.0,0.0300364312065971,0.0,0.0,0.4605171034071181,511.2,8311200.0,0.969219495985243,16690800.0,278.99959789571227,91.19319915771484,4996858.0,523247.14375,91.0,4904340.6,514648.3625,9901198.6,237.5673194889349,226.5200012207032,8.498622512817382,8.539777755737305,8.2,4.5,0.5666666666666667,225.66666666666663,0.28,0.0,94.0,8.733333333333334,0.0,1017.6333333333332,83.0,0.18,4.266666666666667,4.033333333333333,21.23333333333333,83.0,0.18,4.033333333333333,0.0,338.0,3.466666666666667,1.4166666666666667,180.0,0.0,1.0,1.0,37980,0,1,0,1,0,0,0,1,0,0,1,0,0,1,0,0,1,0,0,1
0.0,0.0,0.2790792371961805,512.4,5102600.0,0.0,0.0,0.0,0.2870599772135417,511.0,4995000.0,0.0,0.0,0.0,0.0,0.0,0.0,0.5661392144097223,10097600.0,249.7770570536325,68.38659973144532,2281637.4,318608.95,68.0,2253977.6,316527.9125,4535615.0,302.82834038593575,304.1600036621094,6.152755355834961,6.379111194610596,0.0,0.0,0.0,172.5,0.0958333333333333,0.0,52.66666666666666,0.0,0.0,1012.25,230.75,0.26,6.8625,3.9583333333333335,22.23333333333333,244.75,0.2716666666666666,3.5791666666666666,3.0,279.75,6.033333333333333,4.6975,251.16666666666663,0.07,1.7000000000000002,1.4666666666666668,59407,0,1,0,1,0,1,0,0,1,0,0,1,0,0,1,0,0,1,0,0
0.0,0.0,0.3714505750868055,511.6,5585600.0,0.0,0.0,0.0,0.0,0.0,0.0,0.0,0.0,0.0,0.3475604654947917,511.4,5789200.0,0.7190110405815973,11374800.0,26.24425649647948,56.04174995422363,2159443.25,356006.7578125,36.0334997177124,844802.0,213965.859375,3004245.25,346.5642573160298,155.2199962615967,0.7922444373369217,0.7922444224357605,0.0,0.0,0.0,270.0,0.1,0.0,83.0,0.0,0.0,1011.6,220.0,0.42,14.85,8.6,26.9,163.0,0.46,7.2,3.0,34.0,7.0,3.02,53.0,0.22,2.65,2.1,68447,0,0,1,0,1,0,0,1,1,0,0,0,0,1,0,0,1,0,0,1
0.0,0.0,0.0,3.0,0.0,0.0,0.0,0.0,0.2344038764105903,511.0,3815800.0,0.2216378445095486,510.8,3827200.0,0.2314394531249999,510.8,3817800.0,0.687481174045139,11460800.0,16.642381043432643,67.02659912109375,2345611.8,334179.7,65.0,2103125.6,308974.93125,4448737.4,164.93355644968858,169.9,6.080733299255371,5.977844333648681,18.333333333333336,7.516666666666666,0.9166666666666666,176.25,0.0575,0.0,83.91666666666667,19.25,0.0,1009.2666666666668,271.8333333333333,0.1,2.1958333333333333,2.25,25.791666666666668,271.8333333333333,0.1,2.25,3.0,101.75,2.2916666666666665,0.4525,180.0,0.0,1.0,1.0,97094,0,0,1,0,1,0,0,1,0,0,1,0,0,1,0,0,1,0,0,1
0.0,0.0,0.0,3.0,0.0,0.4696246202256944,511.6,8343800.0,0.0,0.0,0.0,0.456917249891493,510.2,8294200.0,0.4696976318359375,510.6,8391000.0,1.396239501953125,25029000.0,56.36205920071076,110.28000183105468,8779971.8,760273.35,110.0531997680664,9001714.2,781073.1,17781686.0,343.55128413688345,341.47999877929686,9.218844223022462,9.784733009338378,0.0,0.0,0.0,156.66666666666666,0.7533333333333333,0.0,83.0,0.0,0.0,1008.4166666666666,311.1666666666667,0.4266666666666666,5.241666666666667,4.475,30.083333333333336,310.1666666666667,0.4466666666666666,4.383333333333333,1.0,308.5,4.866666666666666,2.75,299.0,0.1166666666666666,1.625,1.3583333333333332,98441,0,0,1,0,1,0,0,1,0,0,1,0,0,1,0,0,1,0,0,1
0.0,0.0,0.0,2.0,0.0,0.3864083930121527,512.0,6746600.0,0.3824670545789931,511.2,6690400.0,0.0,0.0,0.0,0.0,0.0,0.0,0.7688754475911459,13437000.0,130.6561059775023,81.69999847412109,3803092.4,444516.56875,0.0,0.0,13789.912286294844,3803092.4,91.44602920299045,93.61999969482422,7.078755474090576,7.28453311920166,0.0,0.0,0.0,318.0,0.4325,0.0,78.5,0.0,0.0,1009.225,243.5,1.36,9.25,6.1625000000000005,23.7,242.75,1.37,7.2625,1.0,160.25,4.4750000000000005,3.1650000000000005,222.0,0.13,1.725,1.6875,17883,3,1,0,1,0,0,0,1,0,0,1,1,0,0,0,0,1,0,0,1
0.0,0.0,0.4379021809895833,511.8,8151000.0,0.4598069254557291,511.8,8049600.0,0.4510600857204861,511.0,8119600.0,0.4484070638020833,510.6,8018800.0,0.4553861355251736,511.0,8111000.0,2.2525623914930555,40450000.0,41.74590918480376,134.95999755859376,16167167.4,1143933.0,134.39320068359376,16286061.2,1157200.85,32453228.6,320.0173269632547,321.8000061035156,11.677888870239258,12.171755599975588,0.0,0.0,0.0,135.0,0.075,0.0,82.0,0.0,0.0,1011.9,124.0,0.73,12.025,9.275,28.45,124.0,0.73,9.275,1.0,300.5,2.45,1.505,180.0,0.0,1.0,1.0,70210,0,1,0,1,0,1,0,0,1,0,0,1,0,0,1,0,0,1,0,0
0.0,0.0,0.0,2.8,0.0,0.4834041205512152,515.0,8442600.0,0.0,0.0,0.0,0.4809138861762152,510.8,8594000.0,0.4816177842881944,514.0,8424600.0,1.445935791015625,25461200.0,127.9095122914212,112.17980194091795,9853422.6,838782.075,112.49340057373048,9996301.0,848595.6625,19849723.6,285.12328014172016,287.8800048828125,9.990510940551758,9.95964412689209,168.66666666666666,632.9666666666667,395.0,78.0,0.1233333333333333,0.0,92.33333333333331,563.6666666666666,3600.0,1009.9,220.66666666666663,1.62,11.15,9.45,15.333333333333334,235.0,1.78,8.283333333333333,1.3333333333333337,319.3333333333333,10.766666666666667,8.346666666666668,316.6666666666667,0.7733333333333333,3.633333333333333,3.4166666666666665,102719,0,0,1,0,1,0,0,1,0,0,1,0,0,1,0,0,1,0,0,1
0.0,0.0,0.4858365749782986,512.0,8358400.0,0.4818975016276042,512.2,8360200.0,0.0,0.0,0.0,0.4557922363281251,510.8,8255200.0,0.0,0.0,0.0,1.423526312934028,24973800.0,88.63114984316674,111.01340026855468,8745695.8,752308.3875,110.7270004272461,8765273.6,755942.275,17510969.4,213.44169450298176,214.0799987792969,10.27859992980957,10.474089050292967,261.3333333333333,404.2833333333333,346.0,221.3333333333333,0.3083333333333333,0.3166666666666666,87.0,607.3333333333334,3600.0,1009.4333333333334,38.0,1.7133333333333334,11.15,8.658333333333333,27.366666666666667,37.16666666666666,1.7333333333333334,8.541666666666668,80.0,22.0,6.933333333333334,4.883333333333333,14.666666666666666,0.26,2.9916666666666667,2.425,67225,0,1,0,1,0,1,0,0,1,0,0,1,0,0,1,0,0,1,0,0
0.0,0.0,0.0095129937065971,2.0,0.0,0.4611964789496527,512.6,8166800.0,0.0,0.0,0.0,0.4490824924045139,511.0,8015800.0,0.0,0.0,0.0,0.9197919650607638,16182600.0,278.9995978957123,92.0,5106109.0,529997.275,91.98000030517578,5042946.4,523553.4875,10149055.4,270.31942296881266,271.2600036621094,8.169377708435059,8.488333320617675,0.0,0.0,0.0,277.5,0.2508333333333333,0.0,80.16666666666667,0.0,0.0,1018.6666666666666,130.0,0.8866666666666667,8.429166666666667,6.6875,23.025,117.75,1.015,5.795833333333333,0.0,72.41666666666667,8.166666666666666,6.096666666666667,76.0,0.4966666666666666,3.929166666666666,3.05,36323,0,1,0,1,0,0,0,1,0,0,1,0,0,1,0,0,1,0,0,1
0.0,0.0,0.2103673773871527,512.0,3539000.0,0.2087306043836805,512.2,3452400.0,0.0,0.0,0.0,0.2262054036458333,510.8,3245000.0,0.0,0.0,0.0,0.6453033854166667,10236400.0,148.17526750396962,63.53980026245117,1728692.8,238061.443359375,62.9931999206543,1585232.8,214589.108984375,3313925.6,283.84512376058694,288.8,6.070444393157959,6.502577686309815,9.458333333333334,30.15833333333333,4.15,231.16666666666663,0.4825,0.0,78.16666666666667,13.516666666666666,300.0,1019.825,221.25,0.1366666666666667,4.7125,3.645833333333333,23.425,218.16666666666663,0.155,4.291666666666666,0.0,62.91666666666666,2.2,1.586666666666667,104.83333333333331,0.0,1.0,0.0,29446,0,1,0,1,0,0,0,1,0,0,1,0,0,1,0,0,1,0,0,1
0.0,0.0,0.3227967122395833,512.2,5037000.0,0.0122478934393988,0.0,0.0,0.0,0.0,0.0,0.3281350233289931,510.8,5360800.0,0.0,0.0,0.0,0.6631796290079752,10397800.0,278.99959789571227,70.0,2423259.8,330577.50625,70.0,2366712.75,322863.4375,4789972.55,272.0222309769495,270.7200012207031,6.121888637542725,6.512866592407226,0.0,0.0,0.0,151.91666666666666,0.0866666666666666,0.0,76.16666666666667,0.0,0.0,1023.3833333333332,243.91666666666663,0.2583333333333333,4.129166666666667,4.1125,22.10833333333333,244.8333333333333,0.295,3.9166666666666665,2.083333333333333,243.3333333333333,4.9,3.465,250.0,0.1366666666666667,1.9416666666666669,1.55,45530,0,1,0,1,0,0,0,1,0,0,1,0,0,1,0,0,1,0,0,1
0.0,0.0,0.200949476453993,512.0,3281000.0,0.0,0.0,0.0,0.1901094021267361,512.0,3154600.0,0.0,0.0,0.0,0.0,0.0,0.0,0.3910588785807292,6435600.0,278.9995978957123,51.0,1018047.2,190620.284375,50.76660003662109,983024.4,184926.5,2001071.6,269.13289585310736,269.760009765625,4.732888698577881,4.702021980285645,0.0,0.0,0.0,208.8333333333333,0.2433333333333333,0.0,82.16666666666667,0.0,0.0,1014.6666666666669,270.8333333333333,0.8866666666666667,5.75,4.4,15.316666666666666,273.6666666666667,0.9266666666666667,5.15,0.3333333333333335,216.3333333333333,4.866666666666667,3.8533333333333335,222.5,0.0933333333333333,1.0,1.5416666666666667,3478,0,1,0,1,0,0,0,1,0,0,1,0,0,1,0,0,1,0,0,1
0.0,0.0,0.3894285142686632,511.8,6723600.0,0.0,0.0,0.0,0.386123046875,511.0,6763400.0,0.3788416748046875,510.8,6617800.0,0.0,0.0,0.0,1.1543932359483509,20104800.0,147.30295422871816,99.0,6502708.6,627235.2875,99.0,6540600.8,630890.3,13043309.4,153.28787475009426,156.1999969482422,8.89988899230957,9.064510917663574,102.66666666666666,829.6666666666667,560.3333333333333,286.6666666666667,0.4083333333333333,0.0,69.33333333333333,663.0,3600.0,1013.45,139.5,0.5766666666666667,6.3,5.758333333333333,29.766666666666666,144.5,0.6966666666666667,4.483333333333333,1.0,154.16666666666666,8.033333333333333,6.105,153.16666666666666,0.3833333333333333,3.3666666666666667,2.9833333333333334,60322,0,1,0,1,0,1,0,0,1,0,0,1,0,0,1,0,0,1,0,0
0.0,0.0,0.0,2.2,0.0,0.3804014892578125,512.4,6664600.0,0.3732361924913193,511.2,6565000.0,0.0,0.0,0.0,0.0,0.0,0.0,0.7536376817491318,13229600.0,278.99959789571227,79.09319915771485,3550978.8,428734.55,0.0,0.0,13844.483026205158,3550978.8,89.18894149738772,92.2000015258789,7.274244213104248,7.469733333587646,0.0,0.0,0.0,37.0,0.25,0.0,85.25,0.0,0.0,1007.85,239.25,1.34,9.25,6.475,23.875,233.75,1.435,7.175000000000001,0.0,180.25,6.550000000000001,4.76,172.75,0.44,1.125,2.5125,17835,3,1,0,1,0,0,0,1,0,0,1,0,0,1,0,0,1,0,0,1
0.0,0.0,0.3888189425998264,512.4,6769600.0,0.0,0.0,0.0,0.0,0.0,0.0,0.2332221679687499,511.4,3915000.0,0.0,0.0,0.0,0.6220411105685764,10684600.0,79.34395773861014,72.96000061035156,2615246.2,342292.55,72.47766621907552,2594185.333333333,341803.1145833333,5209431.533333333,71.19159903784447,69.30000152587891,7.04788875579834,6.914133453369141,0.0,0.0,0.0,113.0,0.3233333333333333,0.0,66.0,0.0,0.0,1015.5666666666668,285.6666666666667,0.5733333333333334,6.233333333333333,6.033333333333333,22.53333333333333,264.0,0.9666666666666668,4.55,2.333333333333333,246.3333333333333,11.733333333333333,8.780000000000001,251.0,0.7666666666666667,4.516666666666667,3.833333333333333,56500,0,1,0,1,0,0,0,1,0,0,1,0,0,1,0,0,1,0,1,0
0.0,0.0,0.4114341701931424,512.4,7308800.0,0.4216819390190972,512.4,7283200.0,0.0,0.0,0.0,0.41823779296875,511.0,7396200.0,0.0,0.0,0.0,1.2513539021809896,21988200.0,278.585039553806,104.0,7384157.6,678014.5375,103.0,7039926.8,652683.025,14424084.4,238.9783028852906,233.14000244140624,9.126244163513183,9.661266708374024,17.06666666666667,5.050000000000001,0.8166666666666664,69.33333333333334,0.2166666666666666,0.0,98.16666666666669,17.883333333333333,0.0,1019.1333333333332,225.3333333333333,0.0966666666666666,7.65,4.0,19.883333333333333,185.5,0.1366666666666667,4.516666666666667,2.6666666666666665,271.6666666666667,4.366666666666667,3.143333333333333,244.5,0.0033333333333333,1.0,0.1333333333333334,29899,0,1,0,1,0,1,0,0,1,0,0,0,0,1,0,0,1,0,0,1
0.0,0.0,0.0,1.2,0.0,0.3793421630859375,512.4,6681400.0,0.0,0.0,0.0,0.3809424506293403,511.0,6733000.0,0.0,0.0,0.0,0.7602846137152778,13414400.0,259.9190217013983,84.0,4070114.75,462699.1796875,0.0,0.0,21671.973532090808,4070114.75,95.44693747314292,95.88000030517578,7.71666669845581,7.829844188690186,0.0,0.0,0.0,240.0,0.355,0.0,87.75,0.0,0.0,1015.375,150.75,0.26,5.75,4.3125,21.125,150.75,0.265,5.1625,3.0,89.5,4.6,2.85,140.75,0.0,1.5375,0.0,10950,3,1,0,1,0,0,0,1,0,0,1,0,0,1,0,0,1,0,0,1
0.0,0.0,0.4942926228841146,513.0,8484200.0,0.0,0.0,0.0,0.465479275173611,512.8,8528000.0,0.0205279676649305,0.0,0.0,0.0,0.0,0.0,0.980299865722656,17012200.0,278.9995978957123,91.2197998046875,5724562.6,599315.675,90.7531997680664,5635442.4,593019.775,11360005.0,249.96214149082027,241.93999938964845,7.490311241149902,7.90186653137207,0.0,0.0,0.0,63.0,0.3349999999999999,0.0,73.5,0.0,0.0,997.15,218.5,2.37,10.15,9.7,20.75,225.0,3.03,8.45,3.0,247.0,12.65,9.97,235.0,1.86,7.199999999999999,5.65,49855,0,1,0,1,0,0,0,1,0,0,1,0,0,1,0,0,1,0,0,1
0.0,0.0,0.002802273220486,2.0,0.0,0.4553383517795139,512.0,8044400.0,0.0,0.0,0.0,0.3690843912760417,510.4,6582400.0,0.1561218126085068,511.6,2105600.0,0.9833468288845486,16732400.0,278.99959789571227,89.00659942626953,4784489.2,513317.34375,89.0,4602894.8,493869.75,9387384.0,62.05422084657481,54.81999969482422,7.881288814544678,8.354577827453614,109.66666666666669,732.4833333333333,417.5,221.66666666666663,0.3908333333333333,0.0,65.41666666666667,527.1666666666667,3600.0,1018.8583333333332,58.16666666666666,0.8316666666666667,6.283333333333333,5.55,24.59166666666667,59.5,0.9666666666666668,4.958333333333334,0.0,76.66666666666667,9.275,6.428333333333334,64.5,0.4766666666666667,3.5458333333333334,3.0458333333333334,36999,0,1,0,1,0,0,0,1,0,0,1,0,0,1,0,0,1,0,0,1
0.0,0.0,0.0,2.0,0.0,0.47550390625,512.0,8260400.0,0.4699966430664062,510.8,8196400.0,0.4636984320746528,511.0,8377400.0,0.0,0.0,0.0,1.409198981391059,24834200.0,32.35927791522554,110.01999969482422,8777085.8,761815.6375,109.78000030517578,8743043.0,760516.3125,17520128.8,297.1116241856664,298.9599975585937,10.299177742004394,10.196288681030271,0.0,0.0,0.0,277.9166666666667,0.455,0.1333333333333335,93.75,0.0,0.0,1011.3833333333332,52.83333333333337,0.2266666666666666,3.5625,2.8875,25.925,25.583333333333336,0.2483333333333333,2.7583333333333333,7.833333333333336,82.75,3.3666666666666667,1.6133333333333333,74.0,0.0699999999999999,1.6958333333333333,1.4,75951,0,1,0,1,0,1,0,0,1,0,0,1,0,0,1,0,0,1,0,0
0.0,0.0,0.4613769090440538,511.4,8251000.0,0.0,0.0,0.0,0.4664640977647568,510.6,8002200.0,0.4542788899739584,510.6,8452000.0,0.0,0.0,0.0,1.382119896782769,24705200.0,277.90331049823124,110.0,8800431.2,763981.175,109.0,8316009.6,728550.825,17116440.799999997,83.88569161628108,81.93999938964843,9.928777694702148,9.980222129821778,80.25,430.4500000000001,135.25,45.0,0.1225,0.0,82.5,215.5,3509.8475,1016.05,210.5,0.045,7.3125,3.65,24.925,226.25,0.085,3.875,0.25,177.0,1.45,0.6100000000000001,331.25,0.0049999999999999,1.0,0.2250000000000001,31194,0,1,0,1,0,0,0,1,0,0,1,0,0,1,0,0,1,0,0,1
0.0,0.0,0.2061968044704861,511.6,3348200.0,0.2264389241536459,511.2,3579000.0,0.0,0.0,0.0,0.2046132405598959,510.4,3450600.0,0.0,2.4,0.0,0.637248969184028,10377800.0,13.73034533413933,29.911333084106445,912737.0,157010.412109375,24.41339988708496,350441.0,113220.738671875,1263178.0,80.12388276209722,58.76000061035156,1.172933316230774,1.4815999746322632,2.833333333333333,0.0,0.0,256.6666666666667,0.6575000000000001,0.0,90.08333333333331,2.833333333333333,0.0,1009.75,42.91666666666666,0.4366666666666666,9.433333333333334,7.337499999999999,26.2,42.91666666666666,0.4366666666666666,7.337499999999999,3.0,353.5833333333333,3.3166666666666664,1.725833333333333,180.0,0.0,1.0,1.0,67428,0,0,1,0,1,0,0,1,1,0,0,0,0,1,0,0,1,0,0,1
0.0,0.0,0.3997784966362847,512.6,6586200.0,0.0,0.0,0.0,0.0,0.0,0.0,0.3906012912326388,511.2,6799600.0,0.0,0.0,0.0,0.7903797878689236,13385800.0,175.95770797869034,81.00659942626953,3663656.8,431882.5,81.00659942626953,3654339.4,430783.8875,7317996.199999999,303.4298673479628,309.9200012207031,7.407999992370605,7.55204439163208,0.0,0.0,0.0,141.33333333333334,0.1858333333333333,0.0,76.58333333333333,0.0,0.0,1014.675,267.6666666666667,0.5583333333333333,5.933333333333334,5.083333333333333,22.85833333333333,270.5833333333333,0.67,4.354166666666667,1.9166666666666663,285.3333333333333,8.591666666666667,6.6125,285.3333333333333,0.315,3.625,2.8625,48180,0,1,0,1,0,0,0,1,0,0,1,0,0,1,0,0,1,0,0,1
0.0,0.0,0.0,6.0,0.0,0.0,0.0,0.0,0.0,0.0,0.0,0.3713687337239583,510.6,6721800.0,0.3801511501736112,510.8,6672400.0,0.7515198838975695,13394200.0,111.89759270088275,79.35340118408203,3447157.8,414843.4,78.81320190429688,3427358.6,415297.64375,6874516.4,355.93754761998184,286.9999975591898,7.089044380187988,7.181644248962402,0.0,0.0,0.0,186.3333333333333,0.1091666666666666,1.0666666666666669,84.83333333333333,0.0,0.0,1009.5333333333332,182.91666666666663,0.36,16.945833333333333,7.270833333333333,28.40833333333333,182.91666666666663,0.36,7.270833333333333,95.0,331.25,4.116666666666666,2.4816666666666665,165.33333333333331,0.0016666666666666,1.0125,1.0083333333333333,96770,0,0,1,0,1,0,0,1,0,0,1,0,0,1,0,0,1,0,0,1
0.0,0.0,0.4978973931206598,512.0,8382400.0,0.0,0.0,0.0,0.0,0.0,0.0,0.4705974934895833,510.0,8231200.0,0.468447767469618,511.0,8128400.0,1.436942654079861,24742000.0,57.42849732291647,111.95340118408204,9004399.4,768048.1625,111.97340087890623,9224001.2,786640.1,18228400.6,141.15816684471704,142.79999694824218,9.949355316162109,10.360910987854004,0.0,0.0,0.0,146.25,0.3,0.0,77.0,0.0,0.0,1014.4666666666668,113.66666666666669,0.8866666666666666,7.033333333333333,6.370833333333334,27.5,113.66666666666669,0.8866666666666666,6.370833333333334,1.0,328.0,4.658333333333333,3.4,337.9166666666667,0.0116666666666666,1.3541666666666663,1.1875,82653,0,0,1,0,1,0,0,1,0,0,1,0,0,1,0,0,1,0,0,1
0.0,0.0,0.4195804985894097,512.6,7636600.0,0.3429758707682292,513.2,4779400.0,0.2344346923828125,509.2,4395200.0,0.4160913221571181,511.6,7532600.0,0.0,0.0,0.0,1.4130823838975697,24343800.0,77.08931461486006,109.75339965820312,8449364.2,735153.1125,109.0,8450453.8,740329.275,16899818.0,209.88561778787653,209.93999633789065,10.021377754211423,10.330044174194336,243.25,380.7,252.75,261.25,0.3249999999999999,0.1,83.75,496.0,3600.0,1011.025,54.5,0.725,5.75,5.35,28.0,54.75,0.735,5.2875,3.0,75.75,5.9,4.305,61.25,0.135,1.9,1.625,95487,0,0,1,0,1,0,0,1,0,0,1,0,0,1,0,0,1,0,0,1
0.0691853364308675,0.0,0.0,2.6,0.0,0.4766067979600694,512.0,8379000.0,0.0,0.0,0.0,0.4588482937282986,510.8,8308200.0,0.0,0.0,0.0,1.0046404281192356,16687200.0,36.552407856438414,91.42680053710936,5047975.2,527250.75,90.97500038146973,4982455.5,522990.9765625,10030430.7,310.21749823165817,309.8400024414062,7.881288719177246,8.46775550842285,0.0,0.0,0.0,135.0,0.42,0.0,97.0,0.0,0.0,1010.2,310.0,0.14,3.25,2.65,25.1,310.0,0.14,2.65,45.0,315.0,1.0,0.57,180.0,0.0,1.0,1.0,76000,0,1,0,1,0,1,0,0,1,0,0,1,0,0,1,0,0,1,0,0
0.0,0.0,0.0,1.6,0.0,0.4862075602213542,512.0,8530800.0,0.0,0.0,0.0,0.0,0.0,0.0,0.4915010850694445,511.8,8698800.0,0.9777086452907988,17229600.0,265.47170688059623,97.0,5999052.5,590584.84375,96.9082489013672,5952919.0,586597.09375,11951971.5,221.77948310248425,215.9799987792969,8.663244438171386,9.218844413757324,81.33333333333333,355.85,101.83333333333331,16.5,0.3166666666666666,0.0,77.08333333333333,183.16666666666669,3600.0,1015.4416666666666,171.66666666666666,0.0683333333333333,4.3,2.8291666666666666,21.0,158.33333333333334,0.0883333333333333,3.9875,1.0,19.58333333333333,1.8166666666666669,1.3975,31.666666666666668,0.0116666666666666,1.0,0.4958333333333333,10160,0,1,0,1,0,0,0,1,0,0,1,0,0,1,0,0,1,0,0,1
0.0,0.0,0.4190764838324652,512.6,7363400.0,0.0,0.0,0.0,0.4149781765407986,511.8,7312600.0,0.0,0.0,0.0,0.0,0.0,0.0,0.8340546603732639,14676000.0,184.3158831979515,88.77999877929688,4734834.4,509239.79375,88.72020111083984,4695474.2,505362.94375,9430308.6,296.9858555723022,300.9800048828125,8.09735565185547,8.303133010864258,155.75,83.25,39.25,92.75,0.1375,0.375,87.5,195.0,705.4725,1007.7,61.0,0.8,5.75,4.25,17.924999999999997,54.75,0.845,5.1625000000000005,60.75,100.5,3.2,2.1375,291.5,0.0,1.0,0.0375,5955,0,1,0,1,0,0,0,1,0,0,1,0,0,1,0,0,1,0,0,1
0.0,0.0,0.0,3.0,0.0,0.4820675184461805,512.0,8461200.0,0.4960704006618924,510.2,8374000.0,0.467561509874132,510.4,8324400.0,0.0,0.0,0.0,1.445699428982205,25159600.0,36.5967034136783,112.30679931640626,9161615.0,779002.6375,112.0,9255189.0,789111.9875,18416804.0,201.0866334502272,200.27999877929688,10.15513343811035,10.412355613708495,0.0,0.0,0.0,261.25,0.3249999999999999,0.0,83.25,0.0,0.0,1011.675,64.75,0.825,6.050000000000001,6.0875,27.85,67.0,1.16,5.05,2.0,71.5,10.15,7.729999999999999,69.5,0.82,5.2,4.1000000000000005,95337,0,0,1,0,1,0,0,1,0,0,1,0,0,1,0,0,1,0,0,1
0.0,0.0,0.0,2.2,0.0,0.4657387017144097,511.4,8124200.0,0.4632641465928819,510.6,8206000.0,0.4641313883463541,510.2,8174600.0,0.4580740152994791,511.0,8123600.0,1.8512082519531248,32628400.0,65.45310980876366,124.22659912109376,12419062.8,954654.275,124.0,12449097.8,958710.7125,24868160.6,146.6031478048908,147.4000030517578,11.060555458068848,11.358932876586914,0.0,0.0,0.0,171.16666666666666,0.36,2.091666666666667,85.0,0.0,0.0,1012.425,343.6666666666667,0.3783333333333333,5.3375,4.25,27.59166666666667,344.5833333333333,0.3783333333333333,4.2,95.0,110.41666666666669,4.741666666666666,3.0525,74.91666666666667,0.0566666666666666,1.5,1.35,77093,0,1,0,1,0,1,0,0,1,0,0,1,0,0,1,0,0,1,0,0
0.0,0.0,0.3977924669053819,511.8,6774800.0,0.0,0.0,0.0,0.0,0.0,0.0,0.3859652370876736,511.6,6883200.0,0.0,0.0,0.0,0.7837577039930557,13658000.0,278.99959789571227,86.0,4219703.0,468548.775,86.0,4176702.2,463774.025,8396405.2,272.8097308842746,273.9800048828125,8.004755592346191,8.231110572814941,120.0,500.1,213.0,288.0,0.16,0.0,85.0,333.0,3600.0,1009.7,30.0,0.46,10.15,4.2,18.7,37.0,0.66,5.35,2.0,79.0,6.4,4.79,66.0,0.08,1.5,1.9,6252,0,1,0,1,0,0,0,1,0,0,1,1,0,0,1,0,0,1,0,0
0.0,0.0,0.0,2.0,0.0,0.4247909478081597,511.8,7380400.0,0.0450447726779514,512.2,0.0,0.4053325059678819,510.4,7376400.0,0.0,0.0,0.0,0.8751682264539931,14756800.0,126.7358911064744,83.0,4032013.2,463890.23125,0.0,0.0,13557.98664167601,4032013.2,233.30902128708243,225.14000244140624,7.459444522857666,7.788688850402832,36.0,167.825,31.75,252.0,0.19,0.0,78.5,67.75,1401.6225,1011.025,255.5,0.86,9.25,6.1,24.775,252.0,0.91,7.2625,0.0,274.0,6.525,4.635,270.5,0.04,2.2625,1.4375,18087,3,1,0,1,0,0,0,1,0,0,1,0,0,1,0,0,1,0,0,1
0.0,0.0,0.0,3.0,0.0,0.3796598036024305,512.6,6889600.0,0.0,0.0,0.0,0.0,0.0,0.0,0.3879431016710069,510.8,6822200.0,0.7676029052734374,13711800.0,256.2356442716987,81.0,3548754.0,418371.65,80.98680114746094,3569727.6,420917.475,7118481.6,287.82774752534425,286.8199951171875,7.798977661132812,7.7475334167480465,0.0,0.0,0.0,296.75,0.3025,0.0,81.0,0.0,0.0,1008.35,172.75,1.1949999999999998,13.5,9.6625,29.4,136.0,1.535,7.675,3.0,81.5,9.975,7.487500000000001,82.0,0.955,5.2,4.075,99642,0,0,1,0,1,0,0,1,0,0,1,0,0,1,0,0,1,0,0,1
0.0,0.0,0.4780556979709202,511.8,8575400.0,0.4912709960937499,511.8,8606600.0,0.0,0.0,0.0,0.4657081434461805,510.2,8352800.0,0.0,0.0,0.0,1.4350348375108506,25534800.0,278.99959789571227,111.30019989013672,8863636.4,760495.1875,111.25359954833984,9068037.6,778358.25,17931674.0,268.9732380266654,269.97999877929686,10.083111000061034,10.21686668395996,301.6666666666667,552.8,546.0,60.0,0.0833333333333333,0.0,77.0,847.6666666666666,3600.0,1009.1333333333332,191.3333333333333,1.22,14.85,10.4,29.433333333333334,191.3333333333333,1.24,10.3,2.6666666666666665,35.333333333333336,5.733333333333333,4.28,57.66666666666666,0.1533333333333333,2.2333333333333334,1.8666666666666667,99191,0,0,1,0,1,0,0,1,0,0,1,0,0,1,0,0,1,0,0,1
0.0,0.0,0.4358086344401042,511.0,7802600.0,0.0,81.6,0.0,0.4241800265842014,511.2,7540200.0,0.0,0.0,0.0,0.0,0.0,0.0,0.8599886610243056,15342800.0,188.590841660094,90.4,5135444.8,542462.3375,89.4,4977040.0,531645.19375,10112484.8,43.94092354578321,33.13999977111816,7.912155532836914,8.231111145019531,176.0,72.4,38.333333333333336,60.0,0.1166666666666666,0.5333333333333333,86.66666666666667,214.3333333333333,627.0866666666667,1007.7333333333332,61.0,0.7933333333333333,5.75,4.316666666666666,18.066666666666663,55.0,0.84,5.233333333333333,80.0,91.66666666666669,3.3666666666666667,1.9766666666666668,308.0,0.0,1.0,0.0333333333333333,5948,0,1,0,1,0,0,0,1,0,0,1,0,0,1,0,0,1,0,0,1
0.0,0.0,0.0,3.0,0.0,0.4900908067491319,512.4,8521400.0,0.0,0.0,0.0,0.4748577880859375,511.2,8362400.0,0.0,0.0,0.0,0.9649485948350696,16883800.0,21.642047184597992,90.9936019897461,5192157.4,544891.9875,91.0,5269244.2,552941.425,10461401.6,38.39201821048452,42.14000015258789,7.912155437469482,8.231111145019531,0.0,0.0,0.0,263.1666666666667,0.4883333333333333,0.0,84.91666666666667,0.0,0.0,1012.1833333333334,89.41666666666667,0.4916666666666667,6.116666666666667,6.241666666666667,27.98333333333333,88.16666666666667,0.7916666666666667,4.341666666666667,2.0,81.41666666666667,9.441666666666666,7.216666666666667,88.08333333333333,0.6016666666666666,4.208333333333334,3.7125,95011,0,0,1,0,1,0,0,1,0,0,1,0,0,1,0,0,1,0,0,1
0.0633456382751464,0.0,0.0,2.4,0.0,0.4513958062065972,511.6,7711000.0,0.0,0.0,0.0,0.0,0.0,0.0,0.44375048828125,511.4,7915200.0,0.9584919327629936,15626200.0,123.92281595767383,88.0269989013672,4422182.8,478985.61875,87.38679962158203,4367250.2,475996.125,8789433.0,356.44470106842056,287.5400024414063,8.18995532989502,8.200244140625,0.0,0.0,0.0,305.25,0.6416666666666667,0.2833333333333333,78.91666666666667,0.0,0.0,1011.0916666666668,310.1666666666667,0.4366666666666666,5.2,5.8375,27.90833333333333,311.0833333333333,0.4366666666666666,5.654166666666667,73.5,84.5,4.833333333333333,3.0508333333333333,73.0,0.0933333333333333,1.6416666666666666,1.4875,76601,0,1,0,1,0,1,0,0,1,0,0,1,0,0,1,0,0,1,0,0
0.0,0.0,0.3596653645833333,512.0,6182400.0,0.0,0.0,0.0,0.0,0.0,0.0,0.0,0.0,0.0,0.3616105685763888,511.4,6309000.0,0.7212759331597222,12491400.0,124.83395081187574,73.99175071716309,2776998.0,358396.7734375,0.0,0.0,4344.626720151347,2776998.0,239.03809108674528,232.9199981689453,6.646622276306152,6.759799861907959,0.0,0.0,0.0,20.666666666666657,0.1133333333333333,0.0,79.5,0.0,0.0,1017.4333333333332,70.0,0.6833333333333333,5.2,4.041666666666666,26.916666666666664,74.16666666666667,0.72,4.9,0.0,102.0,3.733333333333333,2.2533333333333334,97.66666666666669,0.0099999999999999,1.1416666666666666,0.2166666666666667,26191,3,1,0,1,0,0,0,1,0,0,1,0,0,1,0,0,1,0,0,1
0.0,0.0,0.0,2.0,0.0,0.3974291585286458,511.8,6906800.0,0.0,0.0,0.0,0.0,7.4,0.0,0.393785630967882,511.0,6765200.0,0.7912147894965278,13672000.0,49.365781981171125,80.0,3432197.2,409688.3625,0.0,0.0,7937.200430913679,3432197.2,93.68535252514374,95.98000030517578,7.521177864074707,7.737244510650635,0.0,0.0,0.0,70.75,0.265,0.0,78.75,0.0,0.0,1011.425,267.0,0.06,4.2,4.075,29.2,291.0,0.1,2.725,0.0,220.5,4.675,3.3200000000000003,207.75,0.025,1.5,1.625,23031,3,1,0,1,0,0,0,1,0,0,1,0,0,1,0,0,1,0,0,1
0.0,0.0,0.0,2.0,0.0,0.4810541042751736,512.2,8399400.0,0.4830281846788194,511.4,8548400.0,0.0,0.0,0.0,0.4885561252170138,511.4,8668600.0,1.4526384141710067,25616400.0,278.99959789571227,110.07360076904295,9139826.8,792914.8875,0.0,0.0,17261.975613088565,9139826.8,93.1534182666097,95.74000091552736,9.825888633728027,10.124266624450684,163.0,798.05,757.5,308.5,0.215,0.0,75.5,920.5,3600.0,1013.75,99.5,1.01,6.025,4.55,24.15,107.0,1.2,5.0,1.5,119.0,10.0,7.295,129.0,0.56,4.325,2.7750000000000004,14829,3,1,0,1,0,0,0,1,0,0,1,1,0,0,1,0,0,1,0,0
0.0,0.0,0.4840188429090712,511.8,7761800.0,0.0,0.0,0.0,0.0,0.0,0.0,0.4794679599338107,510.8,8092800.0,0.4490860154893664,511.4,7954600.0,1.4125728183322483,23809200.0,281.3579638584674,109.9667510986328,8709642.75,756327.84375,109.0,8586194.0,752221.234375,17295836.75,130.1100682160332,135.26000061035157,9.85675563812256,10.124266815185546,0.0,0.0,0.0,115.5,0.1475,0.0,71.75,0.0,0.0,1021.85,117.0,0.355,5.0125,4.0875,24.2,114.75,0.39,3.9375,2.0,98.5,5.85,4.0975,88.0,0.13,1.8,1.5375,46966,0,1,0,1,0,0,0,1,0,0,1,1,0,0,1,0,0,1,0,0
0.0,0.0264344596862792,0.0,2.8,0.0,0.2936903211805556,512.6,5068400.0,0.2896596679687501,511.6,4968400.0,0.0,0.0,0.0,0.0,0.0,0.0,0.609784448835585,10036800.0,277.90983946794296,76.07340087890626,2911120.0,365426.85,76.10660247802734,2946159.4,369662.85625,5857279.4,65.84119518597716,60.94000015258789,7.521177768707275,7.3771332740783695,0.0,0.0,0.0,35.75,0.1925,0.0,60.25,0.0,0.0,1014.65,233.5,0.88,7.65,5.925000000000001,19.325,234.25,0.9,5.75,2.0,278.0,5.575,3.92,264.25,0.205,2.5,1.9625,54465,0,0,1,0,1,0,0,1,1,0,0,0,0,1,0,0,1,0,0,1
0.0,0.0,0.3900462510850694,511.6,6832800.0,0.0,0.0,0.0,0.3821436225043403,511.6,6860200.0,0.0,0.0,0.0,0.0,0.0,0.0,0.7721898735894097,13693000.0,267.4950662524924,87.0,4528716.2,497081.0875,86.1531997680664,4510531.2,499954.3875,9039247.4,133.97779888975077,139.82000122070312,7.973888874053955,8.117933464050292,0.0,0.0,0.0,256.5,0.2525,1.975,89.25,0.0,0.0,1010.05,144.0,0.49,4.1125,4.75,18.65,95.5,0.74,4.225,48.0,78.0,5.9,2.3625,43.75,0.4599999999999999,2.8125,3.3375,5457,0,1,0,1,0,0,0,1,0,0,1,0,0,1,0,0,1,0,0,1
0.0,0.0,0.34489111328125,513.0,5610400.0,0.0,0.0,0.0,0.3243558349609374,511.8,5415200.0,0.0225138617621527,0.0,0.0,0.0,0.0,0.0,0.6917608100043402,11025600.0,222.61088708954344,69.85340118408203,2545767.8,348049.71875,69.02020111083985,2430014.4,336229.0375,4975782.199999999,290.33897905282254,299.5999938964844,5.936688804626465,6.265933322906494,0.0,0.0,0.0,135.0,0.07,0.0,92.0,0.0,0.0,997.4,205.0,1.42,7.15,6.55,22.1,205.0,1.42,6.55,3.0,60.0,3.3,2.2,180.0,0.0,1.25,1.2,49549,0,1,0,1,0,0,0,1,0,0,1,0,0,1,0,0,1,0,0,1
0.0,0.0,0.0,2.0,0.0,0.4697421196831596,512.2,8124600.0,0.0,0.0,0.0,0.4463268771701389,510.8,8081800.0,0.0,0.0,0.0,0.9160689968532986,16206400.0,278.99959789571227,89.0,4701151.6,504412.23125,88.8469970703125,4521142.0,485936.48125,9222293.6,242.370050459984,233.7599975585937,7.71666669845581,8.231110572814941,0.0,0.0,0.0,147.0,0.35,0.0,100.0,0.0,0.0,1019.2333333333332,219.0,0.08,4.75,3.866666666666666,20.2,173.0,0.14,4.583333333333333,2.0,161.66666666666666,3.2,2.0766666666666667,188.66666666666663,0.0,1.0,0.0,29933,0,1,0,1,0,0,0,1,0,0,1,0,0,1,0,0,1,0,0,1
0.0,0.0,0.0,1.6,0.0,0.0,0.0,0.0,0.4372809651692708,409.2,6300800.0,0.4312744547526042,409.0,6151200.0,0.442468519422743,409.8,6148800.0,1.311023939344618,18600800.0,278.48352857437806,110.0,8751879.2,759766.3,0.0,0.0,5297.340887752245,8751879.2,262.1101152356836,258.9199951171875,9.877333641052246,10.09340000152588,0.0,0.0,0.0,234.25,0.1925,0.0,87.75,0.0,0.0,1014.225,223.25,0.47,5.75,4.0625,21.6,221.0,0.525,4.8125,1.25,213.0,3.2,2.0625,241.5,0.04,1.0,0.575,25353,3,1,0,1,0,1,0,0,1,0,0,1,0,0,1,0,0,1,0,0
0.0,0.0,0.0,1.2,0.0,0.0,0.0,0.0,0.2081352539062499,511.6,3527400.0,0.2055547281901041,510.8,3579800.0,0.2190402696397569,511.8,3411600.0,0.6327302517361111,10518800.0,175.4659342576756,70.19340057373047,2405051.4,325433.0375,0.0,0.0,20613.52855591368,2405051.4,40.99174135689857,33.99999923706055,6.615755653381347,6.800955486297608,87.5,221.81666666666663,59.5,25.5,0.1516666666666666,0.0,87.33333333333333,147.0,3106.33,1012.05,254.0,0.3,6.3,5.225,20.78333333333333,252.16666666666663,0.3133333333333333,6.083333333333333,2.0,192.0,2.016666666666666,0.1366666666666666,114.16666666666669,0.0,1.0,0.0,11881,3,1,0,1,0,0,0,1,0,0,1,0,0,1,0,0,1,0,0,1
0.0,0.0,0.0,2.0,0.0,0.4241976860894098,512.6,7467200.0,0.4332009684244791,511.0,7719800.0,0.0,0.0,0.0,0.0,0.0,0.0,0.8573986545138889,15187000.0,270.49743079960786,85.03319854736328,4292924.6,482101.8875,0.0,0.0,13186.223476036996,4292924.6,247.5128958176205,240.9200012207031,7.469733428955078,7.973888874053955,0.0,0.0,0.0,0.0,0.4,0.0,79.0,0.0,0.0,1017.6,30.0,0.4,6.3,4.95,25.2,32.0,0.44,5.65,1.0,199.0,3.1,1.8,211.0,0.04,1.5,1.2,18414,3,1,0,1,0,0,0,1,0,0,1,0,0,1,0,0,1,0,0,1
0.0,0.0,0.006002224392361,2.0,0.0,0.4089334852430555,512.2,7046200.0,0.0,0.0,0.0,0.3974597439236111,511.0,7124600.0,0.0,0.0,0.0,0.8123954535590278,14170800.0,255.7068184298143,81.98000030517578,3751917.6,437037.5375,81.97500038146973,3775786.0,439842.1796875,7527703.6,355.0409519334812,350.0400024414063,7.305110931396484,7.531466674804688,55.5,247.425,52.75,165.75,0.1699999999999999,0.0,65.5,108.25,2700.0,1017.1,319.75,0.715,6.3,5.075,25.2,312.75,0.76,5.9375,0.25,325.0,7.35,4.305,317.25,0.015,2.9,0.075,35355,0,1,0,1,0,1,0,0,1,0,0,0,0,1,0,0,1,0,0,1
0.0,0.0,0.4494110446506076,511.8,7991200.0,0.0,0.0,0.0,0.4606790228949653,510.6,8049600.0,0.4679989827473959,510.6,8124400.0,0.0,0.0,0.0,1.3780890502929688,24165200.0,41.14641097818796,111.0,8722281.4,750375.25,110.11999816894532,8762989.2,759903.625,17485270.6,326.03264656255686,325.90000610351564,10.03166675567627,10.299177742004394,0.0,0.0,0.0,122.66666666666669,0.2366666666666666,0.0,80.0,0.0,0.0,1009.9333333333332,148.33333333333334,0.6066666666666667,5.75,4.7,29.133333333333333,148.66666666666666,0.62,4.55,2.0,162.33333333333334,5.233333333333333,3.526666666666667,157.66666666666666,0.16,2.066666666666667,1.75,94438,0,0,1,0,1,0,0,1,0,0,1,0,0,1,0,0,1,0,0,1
0.0,0.0,0.3816850992838541,512.4,6966400.0,0.0,0.0,0.0,0.0,0.0,0.0,0.0253022054036458,0.0,0.0,0.3909725613064236,511.8,6837600.0,0.7979598659939235,13804000.0,261.72509929110083,86.0,4286582.6,475974.99375,85.97360229492188,4261773.4,473376.35625,8548356.0,93.21361476722886,94.65999908447266,7.943022155761719,8.128222274780274,0.0,0.0,0.0,110.66666666666669,0.1999999999999999,0.3333333333333333,85.66666666666667,0.0,0.0,1011.5333333333334,271.3333333333333,1.5666666666666669,9.05,9.033333333333331,21.2,266.3333333333333,2.393333333333333,7.166666666666667,54.33333333333333,263.0,16.400000000000002,11.01,263.0,1.7933333333333332,8.1,6.2,51293,0,1,0,1,0,0,0,1,0,0,1,0,0,1,0,0,1,0,0,1
0.0,0.0,0.0,2.0,0.0,0.3518854031032986,511.6,6303600.0,0.0,0.0,0.0,0.3633288031684028,510.6,6222400.0,0.3614169243706596,511.4,6507400.0,1.076631130642361,19033400.0,36.988277378049936,98.47800191243488,5935698.333333333,575170.7916666666,99.09339904785156,6097424.4,586385.8,12033122.733333334,124.90426962521096,125.19999847412107,9.959644317626951,9.558377647399904,0.0,0.0,0.0,117.33333333333331,0.39,0.0,83.66666666666667,0.0,0.0,1011.4,114.66666666666666,0.1533333333333333,4.083333333333333,3.966666666666667,26.1,149.66666666666666,0.24,3.2666666666666666,3.0,149.66666666666666,1.366666666666667,0.9833333333333332,82.66666666666667,0.1733333333333333,2.1,1.8333333333333333,77184,0,1,0,1,0,1,0,0,1,0,0,1,0,0,1,0,0,1,0,0
0.0,0.0,0.0,2.0,0.0,0.3414937201605902,512.0,5702200.0,0.0,0.0,0.0,0.3227131347656249,510.4,5973800.0,0.0,0.0,0.0,0.6642068549262152,11676000.0,224.628219944016,71.03324890136719,2521657.75,338999.3515625,71.0,2270634.6,305393.875,4792292.35,22.601009693968496,15.960000038146973,6.379111289978027,6.7289331436157225,0.0,0.0,0.0,247.5,0.0875,0.0,82.75,0.0,0.0,1014.4,226.75,0.035,5.75,1.6375,26.975,227.75,0.04,1.9875,0.0,210.0,1.35,0.7225,148.25,0.0,1.0,0.0,33456,0,1,0,1,0,0,0,1,0,0,1,0,0,1,0,0,1,0,0,1
0.0,0.0,0.0,2.0,0.0,0.4564819200303819,512.2,8079800.0,0.0,0.0,0.0,0.4451100802951388,511.0,7895600.0,0.0,0.0,0.0,0.9015920003255208,15975400.0,278.9995978957122,89.0,4769084.0,511701.11875,0.0,0.0,15486.152785173766,4769084.0,206.4599699891327,200.9999969482422,7.768111228942871,8.385444450378419,0.0,0.0,0.0,60.0,0.35,0.0,80.0,0.0,0.0,1018.7666666666668,28.33333333333333,0.2733333333333333,6.95,4.916666666666667,25.766666666666666,23.0,0.32,5.383333333333334,0.3333333333333333,230.3333333333333,3.7,2.46,261.3333333333333,0.0066666666666666,1.0,0.4666666666666667,16391,3,1,0,1,0,1,0,0,1,0,0,1,0,0,1,0,0,1,0,0
0.0,0.0,0.3640495876736111,512.2,6256200.0,0.0081153835720486,0.0,0.0,0.0,0.0,0.0,0.3706787787543402,511.6,6212800.0,0.3568573404947917,512.0,6194400.0,1.0997010904947917,18663400.0,278.99959789571227,99.27980041503906,6778357.4,651985.8125,98.2000015258789,6369112.8,619354.8375,13147470.2,270.0036138686253,272.25999145507814,8.889599990844726,9.239422225952149,0.0,0.0,0.0,200.25,0.1075,0.0,59.0,0.0,0.0,1014.25,269.75,1.325,6.9375,6.2375,19.475,270.0,1.415,6.025,3.0,341.5,8.424999999999999,5.89,265.0,0.4649999999999999,3.2,2.675,48436,0,1,0,1,0,0,0,1,0,0,1,0,0,1,0,0,1,0,0,1
0.0,0.0,0.0,2.0,0.0,0.4150485568576388,512.4,7209800.0,0.0,0.0,0.0,0.4000210096571181,510.8,7150200.0,0.0,0.0,0.0,0.8150695665147569,14360000.0,229.5044190967184,83.0,4082328.4,469679.0875,0.0,0.0,8844.438981922647,4082328.4,34.2796564645529,30.84000015258789,7.315399837493897,7.480022335052491,0.0,0.0,0.0,231.75,0.295,0.0,86.0,0.0,0.0,1014.2,87.5,0.49,5.2,4.25,26.325,74.25,0.76,4.3625,1.0,24.5,8.825000000000001,6.195,39.25,0.48,3.775,2.6875,22233,3,1,0,1,0,0,0,1,0,0,1,0,0,1,0,0,1,0,0,1
0.0,0.0,0.0,1.4,0.0,0.2460207790798611,512.4,3988200.0,0.0,0.0,0.0,0.2373622097439236,511.2,3983600.0,0.0,0.0,0.0,0.4833829888237847,7971800.0,193.63880771098167,56.0,1340311.6,228554.196875,54.0,1119747.4,198014.80625,2460059.0,72.35852953122284,67.81999969482422,5.195888996124268,5.237044620513916,0.0,0.0,0.0,24.75,0.1225,0.0,75.75,0.0,0.0,1015.9,97.75,0.1,8.4,6.1375,21.275,104.25,0.145,6.6,0.0,116.75,1.45,0.87,200.0,0.0,1.0,0.0,10362,0,1,0,1,0,0,0,1,0,0,1,0,0,1,0,0,1,0,0,1
0.0,0.0,0.0,1.2,0.0,0.0,0.0,0.0,0.4697607421874999,510.8,8406800.0,0.0,0.0,0.0,0.4797021891276041,511.8,8345000.0,0.9494629313151042,16751800.0,278.9995978957122,92.98680114746094,5489527.6,563748.0125,0.0,0.0,20437.310541619958,5489527.6,270.1612843725071,271.93999633789065,8.333999633789062,8.478044509887695,47.0,102.85,20.25,147.0,0.1624999999999999,0.0,83.5,67.25,958.8000000000002,1012.0,256.25,0.3,3.475,3.8125,23.4,263.0,0.56,3.9,3.0,287.75,6.575,5.19,281.5,0.345,3.175,2.3625,12036,3,1,0,1,0,0,0,1,0,0,1,0,0,1,0,0,1,0,0,1
0.0,0.0,0.4554296061197916,512.2,8133200.0,0.4616246609157987,512.8,8166400.0,0.0,0.0,0.0,0.0,0.0,0.0,0.0,0.0,0.0,0.9170542670355905,16299600.0,278.9995978957122,96.02659912109377,5914257.8,588139.375,96.0,5798885.2,576825.7625,11713143.0,32.86240346198799,29.6,8.97191104888916,9.187977600097655,0.0,0.0,0.0,271.0,0.3033333333333333,0.0,81.0,0.0,0.0,1017.85,204.16666666666663,0.4133333333333333,4.375,2.875,19.216666666666665,167.5,0.6266666666666667,3.1416666666666666,1.3333333333333333,118.83333333333331,12.1,8.71,126.5,0.43,3.45,2.533333333333333,2606,0,1,0,1,0,0,0,1,0,0,1,0,0,1,0,0,1,0,0,1
0.0,0.0,0.4530809190538195,512.0,7881600.0,0.0,0.0,0.0,0.4478288981119792,511.4,7824600.0,0.4543238661024306,510.8,7875800.0,0.4446075032552082,511.4,7903000.0,1.7998411865234376,31485000.0,42.99263158491041,122.65825080871582,12045705.5,937784.203125,122.45320129394533,12276235.8,957337.4375,24321941.3,144.06490033084742,145.96000061035156,10.803333282470703,11.23546657562256,0.0,0.0,0.0,45.0,0.14,0.0,73.0,0.0,0.0,1012.4,145.0,0.5,5.2,4.45,29.1,145.0,0.5,4.45,2.0,162.0,3.6,2.53,180.0,0.0,1.0,1.0,86654,0,1,0,1,0,1,0,0,1,0,0,1,0,0,1,0,0,1,0,0
0.0123113852606879,0.0,0.0,2.6,0.0,0.4637661810980901,511.8,8211400.0,0.0,0.0,0.0,0.0,0.0,0.0,0.4647407633463542,511.2,8161000.0,0.9408183297051324,16372400.0,175.21133908875433,89.67319946289062,4760068.6,506915.79375,89.57999877929687,4800801.8,511785.625,9560870.4,317.26960397789844,320.0600036621093,8.971911239624024,8.457466888427735,0.0,0.0,0.0,296.25,0.7675000000000001,0.2,79.5,0.0,0.0,1011.225,322.75,0.49,5.75,5.4125,27.85,323.25,0.49,5.1375,2.0,44.5,4.875,2.4875,27.75,0.09,2.075,1.775,76585,0,1,0,1,0,1,0,0,1,0,0,1,0,0,1,0,0,1,0,0
0.0,0.0,0.0,2.0,0.0,0.0,0.0,0.0,0.4730730658637153,511.2,8374800.0,0.0,0.0,0.0,0.4746305202907986,511.4,8569000.0,0.947703586154514,16943800.0,278.99959789571227,86.59980010986328,5008379.0,552339.3,0.0,0.0,5793.025108604263,5008379.0,53.35089666259694,45.35999984741211,7.510888862609863,7.42857780456543,253.5833333333333,652.5166666666667,604.8333333333334,314.0833333333333,0.1433333333333333,0.0,60.083333333333336,858.4166666666666,3600.0,1017.6,336.0833333333333,1.8966666666666665,8.4,6.783333333333333,23.03333333333333,335.3333333333333,2.3716666666666666,7.0625,1.9166666666666663,333.9166666666667,12.908333333333331,8.713333333333335,339.0,1.3583333333333332,6.354166666666666,4.5,24917,3,1,0,1,0,0,0,1,0,0,1,0,0,1,0,0,1,0,0,1
0.0,0.0,0.4670023193359375,511.6,8627000.0,0.0,0.0,0.0,0.0,0.0,0.0,0.4658298068576389,510.4,8406200.0,0.4877484130859374,510.8,8598000.0,1.420580539279514,25631200.0,278.99959789571227,112.36640014648438,9412783.0,799950.25,111.59340209960938,9297258.2,795608.625,18710041.2,218.1166818346937,218.9799987792969,10.258021926879882,10.175711059570313,101.66666666666669,705.0916666666667,359.3333333333333,180.0,0.1416666666666666,0.0,80.75,461.0,3600.0,1010.725,167.83333333333334,1.64,12.204166666666666,9.7375,28.825,166.75,1.6616666666666666,9.579166666666666,1.0833333333333333,78.5,6.341666666666667,4.735833333333333,82.75,0.2433333333333333,2.783333333333333,2.270833333333333,100600,0,0,1,0,1,0,0,1,0,0,1,0,0,1,0,0,1,0,0,1
0.0448407147725423,0.0,0.3903931884765624,271.42605633802816,4316373.239436619,0.0,270.4225352112676,4363028.169014085,0.3970538533528646,511.4119718309859,7432772.887323944,0.0,0.0,0.0,0.0,0.0,0.0,0.8322877566019693,0.0,41.20758701663519,78.66660003662109,3525470.2,427815.50625,78.3167495727539,3402563.0,414740.4140625,6928033.2,135.48042239051068,189.78379832522967,5.244072726075078,5.655899751459208,112.0448717948718,183.8128205128205,126.35897435897436,65.32692307692308,0.1867307692307692,0.0987179487179487,80.51923076923077,238.40384615384616,1776.923076923077,1012.1378205128206,306.6730769230769,0.3114102564102564,5.149038461538462,4.160897435897436,28.65576923076923,306.6730769230769,0.3114102564102564,4.008974358974359,3.0,205.02564102564105,4.706410256410257,2.05647435897436,246.84615384615387,0.0506410256410256,1.4810897435897434,1.3544871794871796,85243,15,0,1,0,1,0,0,1,0,0,1,0,0,1,0,0,1,0,0,1
0.0,0.0,0.0,10.2,0.0,0.4487945963541667,511.8,7973200.0,0.0,0.0,0.0,0.4362465549045139,510.4,7930600.0,0.0,0.0,0.0,0.8850411512586807,15903800.0,278.9995978957122,89.0,4731179.5,507634.125,0.0,0.0,15477.057661855382,4731179.5,205.77602525946892,200.83999938964843,7.819555282592773,8.313422012329102,0.0,0.0,0.0,38.0,0.3966666666666666,0.0,78.66666666666667,0.0,0.0,1018.7333333333332,29.0,0.26,6.95,4.966666666666667,25.8,26.33333333333333,0.2866666666666667,5.666666666666667,0.3333333333333333,225.66666666666663,3.633333333333333,2.273333333333333,227.3333333333333,0.0,1.0,0.0166666666666666,16399,3,1,0,1,0,0,0,1,0,0,1,0,0,1,0,0,1,0,0,1
0.0,0.0,0.0,10.6,0.0,0.463647935655382,512.0,8176200.0,0.0,0.0,0.0,0.4442831624348958,510.6,8059200.0,0.4600006374782986,511.0,8236000.0,1.3679317355685765,24471400.0,250.3480862425017,109.75340118408204,8782516.0,764150.2,108.84660034179689,9168509.0,804376.4125,17951025.0,241.4378483513929,232.79999694824212,9.41433334350586,9.928777694702148,0.0,0.0,0.0,152.33333333333334,0.2316666666666666,3.05,86.5,0.0,0.0,1013.6666666666666,59.5,0.7766666666666667,5.4,5.291666666666667,23.333333333333336,114.83333333333331,1.2433333333333334,4.683333333333334,92.5,207.5,15.55,11.166666666666666,139.66666666666666,0.96,4.033333333333333,3.583333333333333,40946,0,1,0,1,0,0,0,1,0,0,1,0,0,1,0,0,1,0,0,1
0.0,0.0,0.0,2.2,0.0,0.3305267198350693,511.8,5664800.0,0.0,0.0,0.0,0.3285223253038195,510.4,5647400.0,0.0,0.0,0.0,0.6590490451388888,11312200.0,133.3847614441046,69.0,2257432.0,312418.66875,68.0,2027030.0,284657.5125,4284462.0,27.05895985629298,25.799999618530272,6.379111289978027,6.605466747283936,0.0,0.0,0.0,124.5,0.1516666666666666,0.0,75.33333333333333,0.0,0.0,1014.5666666666668,197.8333333333333,0.02,5.291666666666667,1.5666666666666669,27.46666666666667,170.66666666666666,0.04,2.083333333333333,0.0,224.0,2.4,1.4683333333333333,187.66666666666663,0.0033333333333333,1.0,0.0249999999999999,33431,0,1,0,1,0,0,0,1,0,0,1,0,0,1,0,0,1,0,0,1
0.0,0.0,0.2095845675998263,409.4,2518800.0,0.0,0.0,0.0,0.210361585828993,408.0,2639800.0,0.2190454508463541,407.8,2629400.0,0.0,0.0,0.0,0.6389916042751735,7788000.0,6.677276387792968,53.0,1217091.2,219289.915625,53.0,1306442.8,235388.853125,2523534.0,166.68573926203345,159.53999938964844,5.895533275604248,4.640288829803467,0.0,0.0,0.0,117.0,0.22,0.0,72.0,0.0,0.0,1011.8,90.0,0.84,5.75,6.45,27.9,95.0,1.22,5.2,3.0,116.0,9.0,3.67,99.0,0.88,5.2,4.0,91206,0,0,1,0,1,0,0,1,0,0,1,0,0,1,0,0,1,0,0,1
0.0,0.0,0.4660387505425348,512.0,8062400.0,0.0,0.0,0.0,0.0,0.0,0.0,0.0195174424913193,0.0,0.0,0.4531304931640624,511.2,8034800.0,0.9386866861979166,16097200.0,55.767075637637305,89.0,4769478.0,511743.36875,88.89339752197266,4579908.8,491999.99375,9349386.8,96.58002522659174,99.18000030517578,8.251688575744629,8.488333702087402,0.0,0.0,0.0,75.0,0.0866666666666666,0.0,85.58333333333333,0.0,0.0,1018.3333333333334,178.5,0.43,4.3,3.933333333333333,24.766666666666666,177.5,0.45,3.8625,3.0,156.58333333333334,5.025,3.4575,158.83333333333334,0.1166666666666666,1.8375,1.5458333333333334,39179,0,1,0,1,0,0,0,1,0,0,1,0,0,1,0,0,1,0,0,1
0.0,0.0,0.4742135009765625,512.2,8117000.0,0.0,0.0,0.0,0.4949667460123699,511.2,8154400.0,0.4165153266059028,510.4,8230200.0,0.0,0.0,0.0,1.3856955735948353,24501600.0,91.28697259339307,110.94660034179688,8815965.0,758805.0,110.80000152587893,8920397.6,768808.7375,17736362.6,173.60844491590834,175.5800018310547,9.928777694702148,10.24773292541504,0.0,0.0,0.0,45.0,0.07,0.0,76.75,0.0,0.0,1008.55,233.5,0.7100000000000001,12.2125,8.675,29.175,234.5,0.7100000000000001,8.45,2.0,338.0,5.3,3.905,338.25,0.095,2.05,1.6749999999999998,63062,0,1,0,1,0,1,0,0,1,0,0,1,0,0,1,0,0,1,0,0
0.0,0.0,0.0,2.2,0.0,0.4000843234592014,512.4,6671400.0,0.0,0.0,0.0,0.3759046223958333,511.2,6685000.0,0.0,0.0,0.0,0.7759889458550346,13356400.0,236.14011492960904,76.0,3042671.2,382307.5,76.05824851989746,2927865.25,367600.3125,5970536.45,221.0331222838672,211.89999694824212,6.986155414581299,6.996444320678711,50.5,219.1,50.0,225.0,0.075,0.0,80.5,100.5,1865.065,1015.2,121.5,0.1,2.65,4.324999999999999,26.7,117.0,0.12,4.6,1.0,176.0,5.1,3.175,167.5,0.02,1.925,1.35,30183,0,1,0,1,0,1,0,0,1,0,0,1,0,0,1,0,0,1,0,0
0.0,0.0283772078620062,0.4735696072048611,512.4,7940800.0,0.0,0.0,0.0,0.0,0.0,0.0,0.470822279188368,511.2,8261600.0,0.0,0.0,0.0,0.9727690942552356,16202400.0,34.517708478835615,90.82659912109376,4999409.8,525634.5,90.6,4891264.8,515556.83125,9890674.6,313.9846212633941,318.3400024414062,7.829844188690186,8.58093318939209,0.0,0.0,0.0,196.0,0.1999999999999999,1.2,85.5,0.0,0.0,1012.85,53.0,0.09,3.55,3.0250000000000004,27.05,62.0,0.1,2.625,49.0,57.5,3.9,2.585,126.5,0.03,1.775,1.45,80024,0,0,1,0,1,0,0,1,0,0,1,0,0,1,0,0,1,0,0,1
0.0,0.0,0.4015236579047309,512.4,6903000.0,0.0,0.0,0.0,0.3754233127170139,511.4,6833200.0,0.0,0.0,0.0,0.0,0.0,0.0,0.7769469706217449,13736200.0,92.5830377944139,86.97500038146973,4250478.0,466673.734375,86.22500038146973,4209502.0,466198.375,8459980.0,124.4764359244616,130.87999877929687,7.9224443435668945,8.210533142089844,4.166666666666667,11.583333333333334,0.8333333333333333,127.0,0.25,0.0,70.0,5.0,0.0,1016.3833333333332,58.833333333333336,0.74,6.3,5.891666666666667,20.516666666666666,44.5,0.8099999999999999,5.25,2.833333333333333,302.1666666666667,10.683333333333334,7.141666666666667,296.8333333333333,0.32,2.6916666666666664,2.466666666666667,55690,0,0,1,0,1,0,0,1,1,0,0,0,0,1,0,0,1,0,0,1
0.0,0.0,0.0,2.0,0.0,0.399254909939236,512.2,6921600.0,0.0,0.0,0.0,0.3854122450086805,510.8,6971600.0,0.0,0.0,0.0,0.7846671549479165,13893200.0,270.4594123623493,84.58300018310547,4122286.5,465406.109375,0.0,0.0,18024.82908141816,4122286.5,39.7503734164147,35.41999969482422,7.459444522857666,7.798977661132812,0.0,0.0,0.0,66.66666666666667,0.1333333333333333,0.0,68.58333333333333,0.0,0.0,1009.525,79.5,0.9883333333333332,6.3,4.729166666666667,24.183333333333334,77.33333333333333,1.04,5.45,3.0,136.25,2.933333333333333,0.955,27.33333333333333,0.2583333333333333,1.0,1.8125,14158,3,1,0,1,0,0,0,1,0,0,1,0,0,1,0,0,1,0,0,1
0.0,0.0,0.4834821709526909,512.0,8354200.0,0.0,0.0,0.0,0.4871518283420138,511.4,8430800.0,0.0,2.0,0.0,0.0,0.0,0.0,0.9706339992947048,16785000.0,212.1607119763068,92.2333999633789,5146391.8,532817.7625,92.0,4952636.8,514067.36875,10099028.6,83.35058461184302,81.97999877929688,8.29284439086914,8.622088813781739,0.0,0.0,0.0,146.0,0.18,0.0,84.0,0.0,0.0,1014.2,314.0,0.1,4.75,2.0,26.0,312.0,0.1,2.45,0.0,303.0,2.7,1.66,308.0,0.0,1.0,0.0,31725,0,1,0,1,0,0,0,1,0,0,1,0,0,1,0,0,1,0,0,1
0.0,0.0,0.4585755140516493,510.0,8008600.0,0.4719571329752604,510.0,8079200.0,0.0,0.0,0.0,0.4477264268663194,508.8,8424800.0,0.0,0.0,0.0,1.3782590738932292,24512600.0,278.9995978957122,109.47340087890623,8876725.2,774354.6375,108.98000030517578,8654660.6,758361.3375,17531385.799999997,92.8989868224557,94.05999908447264,10.04195556640625,9.867044639587402,75.75,217.75,56.5,63.25,0.3424999999999999,0.0,71.75,132.25,2700.0,1011.3,354.25,1.725,9.25,6.7,23.05,352.0,1.765,7.85,2.75,44.25,2.65,1.5825,59.25,0.0,1.0,0.0,34941,0,1,0,1,0,0,0,1,0,0,1,0,0,1,0,0,1,0,0,1
0.0,0.0,0.313705078125,512.6,5597600.0,0.0,0.0,0.0,0.3060566541883681,511.8,5598600.0,0.0,0.0,0.0,0.0,0.0,0.0,0.6197617323133682,11196200.0,272.642323613929,71.02499961853027,2502318.5,336437.671875,71.03319854736328,2523818.4,339292.4875,5026136.9,25.305927154717093,22.799999618530272,7.006733131408692,6.759799861907959,20.33333333333333,81.16666666666667,11.5,267.8333333333333,0.2133333333333333,0.0,64.66666666666667,31.833333333333336,300.5225,1016.2416666666668,139.08333333333334,1.018333333333333,13.5,9.4125,26.225,139.08333333333334,1.018333333333333,9.4125,2.0,121.75,1.8333333333333333,1.2691666666666666,180.0,0.0,1.0,1.0,61428,0,1,0,1,0,1,0,0,1,0,0,1,0,0,1,0,0,1,0,0
0.0,0.0,0.0,2.0,0.0,0.4638386773003471,511.6,8052600.0,0.0,0.0,0.0,0.4555963134765625,510.2,7928400.0,0.4577275797526041,511.2,8046800.0,1.3771625705295136,24027800.0,278.9995978957122,110.45824813842772,8774833.5,758599.015625,0.0,0.0,8179.358089265695,8774833.5,93.45013441084056,94.93999938964843,9.681844329833984,10.412355613708495,7.0,13.1,1.0,37.0,0.5,0.0,79.0,8.0,0.0,1014.1,134.0,0.2,4.3,2.1,28.5,139.0,0.24,2.45,0.0,146.0,1.8,0.72,241.0,0.08,1.0,1.4,22818,3,1,0,1,0,0,0,1,0,0,1,0,0,1,0,0,1,0,0,1
0.0,0.0,0.4465482245551214,510.8,7421000.0,0.4267725287543403,510.6,7254400.0,0.0,0.0,0.0,0.4316732720269097,509.8,7158600.0,0.170315185546875,510.6,3878400.0,1.4753092108832464,25712400.0,278.99959789571227,113.11319885253906,9699956.2,818922.4875,113.05340118408203,9943522.0,839933.5,19643478.2,243.19409028148,240.95999755859376,10.011088943481443,10.052244567871094,31.333333333333336,226.03333333333336,42.66666666666666,34.5,0.2666666666666666,0.0,58.16666666666666,74.0,1519.2091666666668,1021.2583333333332,193.41666666666663,2.5116666666666667,12.445833333333336,11.041666666666666,24.40833333333333,173.58333333333334,2.928333333333333,9.529166666666669,1.0,121.66666666666669,12.775,9.364999999999998,121.16666666666669,1.5016666666666667,6.95,5.341666666666667,101456,0,0,1,0,1,0,0,1,0,0,1,0,0,1,0,0,1,0,0,1
0.0,0.0,0.3257034912109374,512.6,5428200.0,0.0,0.0,0.0,0.0,0.0,0.0,0.3214356960720486,511.0,5429200.0,0.0,0.0,0.0,0.6471391872829861,10857400.0,278.99959789571227,73.01999969482422,2630455.4,344003.8625,73.0,2631528.6,344236.25625,5261984.0,104.67355193636504,107.7,6.996444225311279,6.903844547271729,0.0,0.0,0.0,130.66666666666666,0.3083333333333333,0.0,66.66666666666667,0.0,0.0,1016.6666666666669,276.8333333333333,0.61,6.808333333333334,6.258333333333333,22.23333333333333,268.8333333333333,1.1,4.766666666666667,2.0,266.6666666666667,11.6,7.368333333333333,265.5,0.8866666666666666,4.683333333333334,4.041666666666667,56450,0,0,1,0,1,0,0,1,0,0,1,0,0,1,0,0,1,0,1,0
0.0,0.0502572589450412,0.0,2.0,0.0,0.4898859727647568,512.0,8574600.0,0.0,0.0,0.0,0.482541259765625,510.8,8462400.0,0.0,0.0,0.0,1.022684491475423,17037000.0,36.36543212737159,91.0,4901421.0,514342.0125,90.8,4921856.2,517627.29375,9823277.2,130.4622420752359,129.5,8.231110763549804,8.45746669769287,347.0,458.9,434.0,270.0,0.15,0.0,80.0,781.0,3600.0,1011.3,322.0,0.76,5.75,5.55,28.6,322.0,0.76,5.55,3.0,305.0,3.8,1.22,316.0,0.04,1.5,1.35,81326,0,0,1,0,1,0,0,1,0,0,1,0,0,1,0,0,1,0,0,1
0.0,0.0,0.3269650336371528,513.0,5584800.0,0.0,0.0,0.0,0.3307970920138888,511.8,5635600.0,0.0,0.0,0.0,0.0220701361762152,361.4,0.0,0.679832261827257,11220400.0,157.31555692985847,72.60659942626953,2763633.2,363271.875,71.01320037841796,2578797.2,346454.6125,5342430.4,39.012198389662174,28.859999465942384,6.337955474853516,6.35853328704834,0.0,0.0,0.0,114.83333333333331,0.1266666666666666,0.0,69.5,0.0,0.0,1015.3333333333331,305.5,0.7866666666666667,7.308333333333334,5.525,21.5,302.1666666666667,0.8166666666666667,5.25,3.0,267.6666666666667,4.716666666666667,3.0016666666666665,259.0,0.23,2.6500000000000004,2.125,55838,0,0,1,0,1,1,0,0,1,0,0,0,0,1,0,0,1,0,0,1
0.0,0.0,0.0,2.0,0.0,0.0,0.0,0.0,0.0,2.2,0.0,0.3385465223524305,510.8,6122800.0,0.3610051133897569,511.6,6055800.0,0.6995516357421875,12178600.0,148.59766178497193,73.7666000366211,2802170.6,362743.7,0.0,0.0,5353.048518077354,2802170.6,285.2489329610564,290.1200012207031,6.842111110687256,6.975866603851318,0.0,0.0,0.0,297.0,0.325,0.0,70.66666666666667,0.0,0.0,1014.15,245.3333333333333,0.6933333333333334,6.3,4.891666666666667,24.25,245.3333333333333,0.6933333333333334,5.75,0.0,279.8333333333333,3.35,2.2116666666666664,291.1666666666667,0.0733333333333333,1.4166666666666667,1.5833333333333333,25304,3,1,0,1,0,1,0,0,1,0,0,1,0,0,1,0,0,1,0,0
0.0,0.0,0.4606530219184028,512.4,7905600.0,0.0,0.0,0.0,0.4449307047526041,511.2,7987000.0,0.458388671875,511.4,7936800.0,0.0,0.0,0.0,1.3639723985460068,23829400.0,278.9995978957122,111.16020050048829,9010282.0,774037.7125,111.01340026855468,8915646.2,766917.8625,17925928.2,93.42358456503776,95.23999786376952,10.14484462738037,10.371199989318848,0.0,0.0,0.0,245.3333333333333,0.1683333333333333,0.0,63.833333333333336,0.0,0.0,1019.4416666666666,38.91666666666666,0.4716666666666667,4.9375,4.3625,23.6,38.5,0.4833333333333333,4.233333333333333,1.4166666666666667,39.75,5.025,3.290833333333333,37.66666666666666,0.1033333333333333,1.7666666666666666,1.5375,42983,0,1,0,1,0,0,0,1,0,0,1,0,0,1,0,0,1,0,0,1
0.0,0.0,0.0,2.0,0.0,0.1627494981553819,512.6,2264200.0,0.1392082248263889,511.6,2071000.0,0.1845731065538194,511.2,2267800.0,0.0,0.0,0.0,0.4865308295355902,6603000.0,62.70520184662973,37.71339950561524,368086.2,90413.91015625,38.84000015258789,392871.4,93656.940625,760957.6000000001,53.82606547993878,45.95999984741211,4.691733264923096,4.537399959564209,0.0,0.0,0.0,135.0,0.07,0.0,90.0,0.0,0.0,1016.6,306.0,1.2,12.3,10.8,15.7,306.0,1.2,10.8,3.0,339.0,3.8,1.39,180.0,0.0,1.0,1.0,41572,0,1,0,1,0,1,0,0,1,0,0,1,0,0,1,0,0,1,0,0
0.0,0.0,0.3683421495225695,511.2,6437600.0,0.0,0.0,0.0,0.3470806342230902,511.2,6254200.0,0.0,0.0,0.0,0.0,0.0,0.0,0.7154227837456597,12691800.0,167.73331217204452,85.98000030517578,4161934.2,462242.3,85.31340026855469,4057865.6,454213.96875,8219799.800000001,101.6239410771245,105.11999969482422,7.9224443435668945,8.138511085510254,0.0,0.0,0.0,244.66666666666663,0.1033333333333333,0.0,82.66666666666667,0.0,0.0,1017.5666666666668,324.6666666666667,0.22,3.9,2.9,17.633333333333333,304.3333333333333,0.38,2.9,0.6666666666666667,291.0,5.833333333333333,4.253333333333333,297.6666666666667,0.2666666666666666,2.45,2.1166666666666667,1444,0,1,0,1,0,0,0,1,0,0,1,0,0,1,0,0,1,0,0,1
0.0,0.0,0.4488966064453125,511.6,8027400.0,0.0,0.0,0.0,0.0,0.0,0.0,0.4494949679904515,511.2,7885000.0,0.0,2.0,0.0,0.898391574435764,15912400.0,44.34550547923142,91.97800191243488,5239641.666666667,543990.5416666666,92.08659973144532,5451484.8,565311.4125,10691126.466666669,90.55171276751636,89.81999816894532,7.9224443435668945,8.519200134277344,1.333333333333334,1.916666666666666,0.1666666666666667,247.5,0.1566666666666666,0.0,82.83333333333333,1.5,0.0,1015.0333333333334,287.6666666666667,0.4133333333333333,6.3,4.9,17.25,264.6666666666667,0.52,4.691666666666666,2.0,71.66666666666667,6.866666666666667,5.161666666666667,79.5,0.2633333333333333,2.7,2.15,5134,0,1,0,1,0,1,0,0,1,0,0,1,0,0,1,0,0,1,0,0
0.0584191190931532,0.0,0.0,2.0,0.0,0.2328947618272569,512.2,3778800.0,0.2313370768229166,511.2,3697400.0,0.0,0.0,0.0,0.0,0.0,0.0,0.5226509577433268,7476200.0,198.06681162451008,47.260198974609374,844871.8,170707.884375,0.0,0.0,9196.875010510092,844871.8,62.83186436001894,55.68000030517578,5.319355392456055,4.702021980285645,0.0,0.0,0.0,90.25,0.9808333333333332,0.0,75.58333333333333,0.0,0.0,1012.1083333333332,239.0,0.4266666666666666,6.3,4.379166666666666,24.141666666666666,248.8333333333333,0.9283333333333332,4.270833333333333,2.0,252.16666666666663,11.166666666666666,8.284166666666668,253.3333333333333,0.6916666666666667,5.2,3.0458333333333334,21923,3,1,0,1,0,0,0,1,0,0,1,0,0,1,0,0,1,0,0,1
0.0,0.0336611374749077,0.0,2.8,0.0,0.2812242838541666,512.4,4970800.0,0.2913173285590277,511.6,4984000.0,0.0,0.0,0.0,0.0,0.0,0.0,0.6062027498881022,9954800.0,233.81710682160252,76.0,2923876.8,367381.11875,75.0,2761536.0,351609.65,5685412.8,66.46183098360643,62.63999938964844,7.191933345794678,7.233088779449463,0.0,0.0,0.0,45.5,0.2666666666666666,0.0,70.16666666666667,0.0,0.0,1014.5833333333334,228.66666666666663,0.8133333333333334,7.483333333333333,5.916666666666667,18.516666666666666,228.66666666666663,0.8166666666666667,5.858333333333333,0.3333333333333333,262.0,4.866666666666666,3.033333333333333,239.5,0.1366666666666666,1.8833333333333333,1.5333333333333332,54446,0,0,1,0,1,0,0,1,1,0,0,0,0,1,0,0,1,0,0,1
0.0,0.0,0.443053724500868,512.6,7722600.0,0.4409887017144097,512.2,7743200.0,0.4427487114800346,511.4,7709000.0,0.4266483425564235,510.8,7772800.0,0.0517488750881618,0.0,0.0,1.8051883553398973,30947600.0,64.95519077477995,121.09979858398438,11608918.4,915421.0375,121.0,11861465.8,936104.5875,23470384.200000003,297.4640553493049,297.5399963378906,11.009111404418944,11.1325777053833,0.0,0.0,0.0,331.3333333333333,0.5683333333333334,0.0,78.41666666666667,0.0,0.0,1012.7583333333332,331.5,0.3516666666666667,5.6625,4.583333333333333,29.15833333333333,330.9166666666667,0.3516666666666667,4.525,0.5833333333333333,276.8333333333333,3.808333333333333,2.5116666666666667,237.75,0.0233333333333333,1.4083333333333332,1.2625,92401,0,0,1,0,1,0,0,1,0,0,1,0,0,1,0,0,1,0,0,1
0.0,0.0,0.4728150973849826,512.0,8459400.0,0.0281333304511176,0.0,0.0,0.0,0.0,0.0,0.0243488498263889,0.0,0.0,0.4830989854600694,511.4,8400800.0,1.0083962631225585,16860200.0,274.83682566868504,91.49340057373048,5268677.8,549909.675,91.0,5174225.5,542969.375,10442903.3,65.00635602202462,57.47999954223633,8.179666519165039,8.210533142089844,0.0,0.0,0.0,260.6666666666667,0.155,0.0,73.0,0.0,0.0,1024.6666666666667,87.33333333333333,0.4766666666666667,5.458333333333333,4.883333333333333,24.05,50.66666666666666,0.6433333333333333,3.95,3.0,32.5,8.583333333333334,6.543333333333334,28.33333333333333,0.42,3.7666666666666666,3.1166666666666667,45015,0,1,0,1,0,0,0,1,0,0,1,0,0,1,0,0,1,0,0,1
0.0,0.0,0.4549034966362846,512.0,8367800.0,0.4574860161675348,511.8,8183400.0,0.477722893608941,510.6,8111400.0,0.457517333984375,510.8,8124800.0,0.4558651258680554,511.0,8190200.0,2.303494866265191,40977600.0,56.178553510321805,135.0,16124183.2,1140552.625,135.0,16326388.8,1154855.75,32450572.0,323.3560588658424,324.6200012207031,12.038000106811523,12.264355278015136,0.0,0.0,0.0,108.0,0.16,0.0,79.0,0.0,0.0,1011.3,104.0,1.36,10.6,9.35,28.5,104.0,1.36,9.35,3.0,216.0,2.2,1.36,180.0,0.0,1.0,1.0,70168,0,1,0,1,0,1,0,0,1,0,0,1,0,0,1,0,0,1,0,0
0.0,0.0,0.2193839789496527,512.4,3803400.0,0.0,0.0,0.0,0.0,1.0,0.0,0.2234221055772569,510.8,3700000.0,0.230718017578125,511.4,3382400.0,0.6735241021050347,10885800.0,13.721866428202617,51.57525062561035,1779335.75,313210.94921875,40.53340027332306,1346824.0,249533.52421875,3126159.75,258.69896034305765,276.7600036621094,1.9548888683319088,2.057777768373489,288.0,210.85,187.75,113.25,0.5725,0.9,78.25,475.75,3535.46,1009.775,45.0,0.34,8.3875,7.35,29.55,45.0,0.34,7.35,95.0,81.0,4.3,1.845,180.0,0.0,1.0,1.0,69818,0,0,1,0,1,0,0,1,1,0,0,0,0,1,0,0,1,0,0,1
0.0,0.0,0.0,2.0,0.0,0.3733245307074652,511.6,6323400.0,0.0,0.0,0.0,0.3524436848958333,510.8,6296200.0,0.0,0.0,0.0,0.7257682156032985,12619600.0,278.9995978957122,77.0,3162689.2,392226.71875,0.0,0.0,12210.771500140136,3162689.2,14.43894581543503,10.780000114440918,7.150777816772461,7.407999992370605,0.0,0.0,0.0,90.0,0.05,0.0,81.5,0.0,0.0,1016.75,310.5,0.22,5.75,4.05,25.75,317.5,0.26,4.475,0.5,98.5,2.2,1.49,98.5,0.01,1.0,1.0,19272,3,1,0,1,0,0,0,1,0,0,1,0,0,1,0,0,1,0,0,1
0.0,0.0,0.0,1.4,0.0,0.4867175971137153,512.2,8459200.0,0.0,0.0,0.0,0.4623128390842013,511.4,8523800.0,0.4870868191189236,511.8,8495400.0,1.4361172553168402,25478400.0,278.9995978957123,111.7801986694336,9537649.6,814802.6875,0.0,0.0,19578.95827844731,9537649.6,243.8678990104994,237.27999877929688,9.661266708374024,10.021377563476562,101.33333333333331,825.3666666666667,632.0,195.0,0.1166666666666666,0.0,86.33333333333333,733.3333333333334,3600.0,1013.5,233.0,1.1866666666666663,7.65,5.683333333333333,22.2,232.3333333333333,1.2133333333333334,6.6,0.0,239.0,4.433333333333334,2.96,227.0,0.2266666666666666,1.9,2.1166666666666667,12791,3,1,0,1,0,0,0,1,0,0,1,0,0,1,0,0,1,0,0,1
0.0,0.0281881993611653,0.0,2.0,0.0,0.4237643771701389,511.6,8103400.0,0.0,0.0,0.0,0.4360276014539931,510.4,7976000.0,0.0,0.0,0.0,0.8879801779852974,16079400.0,96.67316841446076,87.07475090026855,4230035.25,461127.84375,87.3531997680664,4192068.6,455587.2375,8422103.85,318.11530033949026,320.93999633789065,8.817577362060547,8.838155364990234,0.0,0.0,0.0,283.6666666666667,0.99,0.0,76.66666666666667,0.0,0.0,1011.2666666666668,54.333333333333336,0.4,5.766666666666667,5.466666666666667,28.466666666666665,76.66666666666667,1.0,4.233333333333333,3.0,77.33333333333333,11.666666666666666,8.713333333333333,78.0,0.92,4.55,4.05,72512,0,1,0,1,0,1,0,0,1,0,0,1,0,0,1,0,0,1,0,0
0.0,0.0,0.0,3.0,0.0,0.0,0.0,0.0,0.0,0.0,0.0,0.3728959282769097,510.0,6348200.0,0.3694696316189236,510.8,6439800.0,0.7423655598958333,12788000.0,83.3322667109078,76.0,3044689.0,382561.03125,75.6667984008789,3016929.6,380744.075,6061618.6,359.5228644727254,358.9600036621094,6.86268892288208,6.955288887023926,0.0,0.0,0.0,153.75,0.1233333333333333,1.1166666666666667,84.41666666666667,0.0,0.0,1009.6166666666668,188.66666666666663,0.3716666666666666,18.0,8.254166666666666,28.4,188.66666666666663,0.3716666666666666,8.254166666666666,95.0,358.8333333333333,3.925,2.5583333333333336,180.0,0.0,1.0,1.0,96778,0,0,1,0,1,0,0,1,0,0,1,0,0,1,0,0,1,0,0,1
0.0,0.0,0.4687120903862847,512.0,8037800.0,0.0,0.0,0.0,0.0,0.0,0.0,0.445965603298611,510.4,8151000.0,0.0,0.0,0.0,0.9146776936848956,16188800.0,161.66219941920872,88.95340118408203,4682528.0,502679.8,88.0,4325915.4,469425.55625,9008443.4,73.87494716136092,65.95999908447266,7.973888874053955,8.30313320159912,0.0,0.0,0.0,164.58333333333334,0.1625,0.0,84.25,0.0,0.0,1015.0583333333334,145.25,0.105,9.775,1.933333333333333,26.291666666666668,143.66666666666666,0.145,2.583333333333333,2.0,81.16666666666667,1.8333333333333333,1.125,109.5,0.0516666666666666,1.0,1.2208333333333332,31370,0,1,0,1,0,0,0,1,0,0,1,0,0,1,0,0,1,0,0,1
0.0,0.0,0.0031899685329861,2.0,0.0,0.3725964898003473,512.2,6228800.0,0.0,0.0,0.0,0.3574568684895833,511.2,6245800.0,0.0,0.0,0.0,0.7332433268229168,12474600.0,131.57360258495115,80.0,3421201.25,408375.8359375,80.00659942626953,3371590.6,402420.60625,6792791.85,318.21101923166617,327.02000122070314,7.33597764968872,7.541755485534668,0.0,0.0,0.0,270.0,0.14,0.0,81.5,0.0,0.0,1018.45,256.0,0.3,5.475,4.375,22.2,256.0,0.3,4.375,0.0,145.5,2.2,1.495,180.0,0.0,1.0,1.0,35758,0,1,0,1,0,0,0,1,0,0,1,0,0,1,0,0,1,0,0,1
0.0,0.0,0.0,2.0,0.0,0.5187119411892361,512.4,8188200.0,0.4777009073893229,511.2,8167800.0,0.4571933729383681,511.0,8172000.0,0.0,0.0,0.0,1.4536062215169272,24528000.0,64.90048100698974,109.52659912109377,8403796.0,732702.3375,109.02680053710938,8499902.8,744480.7625,16903698.8,217.54697839414325,224.2,9.949355316162109,10.206577491760251,0.0,0.0,0.0,208.0,0.3275,0.275,87.25,0.0,0.0,1012.925,40.25,1.145,8.0625,7.0875,26.9,38.25,1.25,6.5125,60.75,25.0,8.275,6.4775,26.0,0.485,3.8625,3.0375,79391,0,0,1,0,1,0,0,1,0,0,1,0,0,1,0,0,1,0,0,1
0.0,0.0,0.0,1.2,0.0,0.4745190022786458,512.6,8264400.0,0.0,0.0,0.0,0.3122423773871527,511.8,5478000.0,0.0,0.0,0.0,0.7867613796657986,13742400.0,278.99959789571227,88.0,4665267.8,506250.29375,87.00659942626953,4351785.6,477622.91875,9017053.4,279.1815060183161,278.8999938964844,7.973888874053955,8.261977577209473,0.0,0.0,0.0,112.5,0.1083333333333333,0.0,84.16666666666667,0.0,0.0,1014.325,186.0833333333333,0.1083333333333333,2.825,3.208333333333333,20.08333333333333,217.91666666666663,0.24,2.8208333333333333,2.0,233.5,4.533333333333333,3.4075,225.16666666666663,0.1916666666666666,1.7041666666666666,1.870833333333333,9502,0,1,0,1,0,0,0,1,0,0,1,0,1,0,0,0,1,0,0,1
0.0,0.0,0.0,1.2,0.0,0.3242603488498263,511.4,5533600.0,0.3299870469835069,511.0,5780000.0,0.0,0.0,0.0,0.0,0.0,0.0,0.6542473958333332,11313600.0,278.8352579671957,72.89340057373047,2626801.6,344120.05,0.0,0.0,21427.542092909192,2626801.6,15.17258819093412,11.81999988555908,6.852400016784668,6.965577793121338,43.16666666666666,194.65,31.83333333333333,82.5,0.0233333333333333,0.0,87.5,75.0,2959.3083333333334,1013.7666666666668,350.6666666666667,0.04,2.325,2.691666666666667,21.55,344.0,0.04,3.3583333333333334,1.0,85.33333333333333,3.166666666666667,2.0916666666666663,123.33333333333331,0.0,1.0,0.0,11165,3,1,0,1,0,0,0,1,0,0,1,0,0,1,0,0,1,0,0,1
0.0,0.0,0.2614544813368055,511.8,4739000.0,0.0,0.0,0.0,0.0,0.0,0.0,0.2688346218532986,511.2,4556800.0,0.0305365125868055,0.0,0.0,0.5608256157769098,9295800.0,78.90138354679222,68.0197982788086,2283664.0,320605.46875,68.10680084228515,2232155.0,312978.54375,4515819.0,27.97781902760115,27.76000022888184,6.348244571685791,6.451133155822754,9.05,1.85,0.2,129.5,0.175,0.0,78.5,9.25,0.0,1015.2,222.0,0.12,3.9,2.95,19.3,216.5,0.13,3.775,2.5,319.5,2.4000000000000004,1.26,119.0,0.0,1.0,0.0,9849,0,1,0,1,0,0,0,1,0,0,1,0,0,1,0,0,1,0,0,1
0.0,0.0308741935094197,0.3098267957899305,512.4,5420800.0,0.0,0.0,0.0,0.0,0.0,0.0,0.2869940185546875,511.0,5405800.0,0.3151290045844184,511.4,5365200.0,0.942824012438456,16191800.0,69.1710020202857,89.83325004577637,4745393.25,504438.640625,89.0,4701274.25,504425.4296875,9446667.5,332.20630625162426,331.9,8.478044700622558,8.436888885498046,0.0,0.0,0.0,315.0,0.1416666666666666,0.0,77.16666666666667,0.0,0.0,1013.6,349.0,0.26,3.9,3.3833333333333333,28.366666666666667,349.0,0.26,3.3833333333333333,3.0,338.5,1.8,1.4866666666666666,180.0,0.0,1.0,1.0,80320,0,0,1,0,1,0,0,1,0,0,1,0,0,1,0,0,1,0,0,1
0.0,0.0,0.0,2.0,0.0,0.4019744873046874,511.8,7100800.0,0.0,0.0,0.0,0.0,0.0,0.0,0.4049383680555555,511.6,7134600.0,0.8069128553602429,14235400.0,177.94191800607905,81.20659942626953,3667089.6,431206.43125,0.0,0.0,6887.850578054935,3667089.6,302.34150680348773,309.9599975585937,7.459444522857666,7.66522216796875,0.0,0.0,0.0,129.0,0.2033333333333333,0.0,75.33333333333333,0.0,0.0,1016.8333333333331,294.0,0.7466666666666667,6.516666666666667,4.7,26.03333333333333,289.3333333333333,0.7933333333333333,5.566666666666666,0.0,308.3333333333333,7.166666666666667,4.693333333333333,279.6666666666667,0.1333333333333333,2.5500000000000003,1.65,23954,3,1,0,1,0,0,0,1,0,0,1,0,0,1,0,0,1,0,0,1
0.0,0.0,0.0,2.4,0.0,0.4984841444227431,511.8,8553000.0,0.0,0.0,0.0,0.0364798177083333,0.0,0.0,0.4743437771267361,511.6,8565200.0,1.0093077392578127,17118200.0,278.7630498170751,92.00659942626952,5090402.0,528328.225,92.09339904785156,5118644.8,530757.8625,10209046.8,270.507923010993,270.93999633789065,8.539777755737305,8.550066375732422,97.08333333333334,520.9499999999999,193.41666666666663,251.91666666666663,0.1683333333333333,0.0,86.0,290.5,3600.0,1022.1833333333332,271.1666666666667,0.24,4.2125,3.920833333333333,22.941666666666663,271.1666666666667,0.24,3.8916666666666666,0.0,154.16666666666669,4.55,3.2958333333333334,158.33333333333331,0.02,1.5291666666666668,1.3208333333333333,44288,0,1,0,1,0,1,0,0,1,0,0,1,0,0,1,0,0,1,0,0
0.0,0.0,0.0,2.2,0.0,0.4938573133680555,512.0,8718800.0,0.0,0.0,0.0,0.4769511040581597,511.0,8531400.0,0.4953818901909722,511.6,8508800.0,1.4661903076171876,25759000.0,132.40572155623408,113.4531997680664,9663565.0,813387.175,113.09320068359376,9779680.4,825778.2875,19443245.4,322.67537021042614,324.2600036621094,10.206577491760251,10.49466667175293,0.5833333333333333,0.0,0.0,94.66666666666669,0.3708333333333333,0.0,88.25,0.5833333333333333,0.0,1009.7916666666666,218.66666666666663,1.518333333333333,11.820833333333336,9.720833333333331,26.0,219.0833333333333,1.53,9.7,1.8333333333333333,299.1666666666667,7.433333333333334,5.024166666666666,298.1666666666667,0.0966666666666666,2.6291666666666664,2.2541666666666664,105250,0,1,0,1,0,0,0,1,0,0,1,0,0,1,0,0,1,0,0,1
0.0,0.0,0.0,2.0,0.0,0.0,0.0,0.0,0.2344609510633681,511.6,4053800.0,0.2467950981987846,511.4,3992600.0,0.2503035481770833,511.8,4076600.0,0.7315595974392362,12123000.0,109.84108632603088,40.09999942779541,1293783.25,234842.185546875,0.0,0.0,16198.983075252245,1293783.25,355.66331363757735,317.02000122070314,1.1112000048160553,0.6276222288608551,79.66666666666667,466.675,160.16666666666669,201.75,0.185,0.0,48.91666666666666,239.8333333333333,3600.0,1013.4416666666666,266.6666666666667,0.2916666666666667,3.695833333333333,2.925,28.125,296.75,0.5383333333333333,3.2875,0.0,20.75,10.45,6.364166666666667,340.25,0.3433333333333333,2.6583333333333337,2.2583333333333333,15764,3,1,0,1,0,0,0,1,0,0,1,0,0,1,0,0,1,0,0,1
0.0,0.0446803410847981,0.0,1.0,0.0,0.2743132527669271,512.2119422572179,5163692.257217848,0.0,199.3641732283465,2516899.6062992127,0.0,0.0,0.0,0.0,0.0,0.0,0.3189935938517252,0.0,67.63481429733436,0.0,0.0,28680.193359375,0.0,0.0,15845.41015625,0.0,219.03930777089568,175.91140987366202,2.9475235338286154,3.125604405735187,103.75,448.0875,177.5,189.0,0.2,0.0,70.75,281.25,3362.18625,1017.7,237.125,0.1825,4.39375,3.65,17.675,161.75,0.345,3.93125,1.25,261.25,3.9125,1.92,149.875,0.1625,1.40625,1.09375,483,15,1,0,1,0,0,0,1,0,0,1,0,0,1,0,0,1,0,0,1
0.0,0.0,0.5003114217122396,512.4,8563400.0,0.0,0.0,0.0,0.0,0.0,0.0,0.0,0.0,0.0,0.486030978732639,512.0,8701200.0,0.9863424004448786,17264600.0,278.99959789571227,92.29340057373048,5306466.2,549043.4625,91.52000122070312,5477405.8,571533.3875,10783872.0,114.25324407217973,113.45999908447266,8.231110572814941,8.529488945007325,0.0,0.0,0.0,315.0,0.11,0.0,60.5,0.0,0.0,1013.8,99.5,0.98,7.550000000000001,8.05,25.95,52.5,1.66,5.925000000000001,1.0,30.5,13.0,9.685,35.5,1.34,6.225,4.975,62141,0,1,0,1,0,1,0,0,1,0,0,1,0,0,1,0,0,1,0,0
0.0,0.0,0.4729154798719618,511.6,8380800.0,0.0,0.0,0.0,0.0,0.0,0.0,0.4858687879774305,510.6,8481800.0,0.4781632486979166,511.4,8435200.0,1.4369475165473091,25297800.0,25.92895980141432,109.8531982421875,9074545.8,788826.775,109.00680084228516,8927277.0,782055.5,18001822.8,119.85195029855916,116.03999938964844,10.000799751281738,9.65097770690918,146.08333333333334,701.7583333333333,429.75,137.91666666666666,0.315,0.0,80.0,575.8333333333334,3600.0,1009.275,91.16666666666669,0.7583333333333333,6.308333333333334,6.5625,27.0,82.75,1.3966666666666665,5.270833333333333,0.4166666666666666,80.08333333333333,13.866666666666664,10.161666666666669,80.16666666666667,1.1616666666666666,5.429166666666667,4.429166666666667,70689,0,1,0,1,0,1,0,0,1,0,0,1,0,0,1,0,0,1,0,0
0.0,0.0,0.3493171929253471,512.0,5766000.0,0.0,0.0,0.0,0.0,0.0,0.0,0.0300135904947916,0.0,0.0,0.3273076850043403,511.8,5707200.0,0.7066384684244792,11473200.0,260.1857984496346,71.0,2468009.6,331940.225,71.0,2377844.0,319813.20625,4845853.6,223.58426193344252,216.3,6.759799861907959,6.698066425323487,0.0,0.0,0.0,85.5,0.0775,0.0,77.25,0.0,0.0,1017.125,90.0,0.435,8.325,6.625,25.25,90.0,0.435,6.625,2.5,129.0,2.55,1.265,180.0,0.0,1.0,1.0,38287,0,1,0,1,0,0,0,1,0,0,1,0,0,1,0,0,1,0,0,1
0.0,0.0,0.4323071492513021,512.0,8139000.0,0.0,0.0,0.0,0.0,0.0,0.0,0.4530740966796875,510.4,7992400.0,0.4597806735568577,511.2,8273800.0,1.3451619194878472,24405200.0,38.38458803517871,110.9,8767769.4,754970.425,110.0,8633237.6,749466.775,17401007.0,146.69153998089965,147.56000061035155,9.877333641052246,10.011088752746582,0.0,0.0,0.0,165.0,0.1291666666666666,0.0,82.66666666666667,0.0,0.0,1011.775,137.33333333333334,0.3083333333333333,6.045833333333333,4.808333333333334,28.475,137.33333333333334,0.3083333333333333,4.808333333333334,2.0,281.8333333333333,2.783333333333333,1.6666666666666667,180.0,0.0,1.0,1.0,70497,0,1,0,1,0,1,0,0,1,0,0,1,0,0,1,0,0,1,0,0
0.0,0.0,0.3584435628255208,512.2,6387600.0,0.0,0.0,0.0,0.0,0.0,0.0,0.3486771375868054,510.8,6249400.0,0.0,0.0,0.0,0.7071207004123263,12637000.0,63.58196378011256,74.0,2829168.8,365088.8125,73.90660095214844,2682019.6,346539.125,5511188.4,263.1952035463789,259.9600036621094,6.831822204589844,7.017022037506104,4.375,7.408333333333332,0.5833333333333334,307.5,0.1275,0.0,72.5,4.958333333333333,0.0,1018.475,238.0,0.14,3.9,3.4625,23.78333333333333,225.0,0.1883333333333333,3.970833333333333,0.5833333333333334,267.4166666666667,3.3,2.0391666666666666,249.66666666666663,0.0,1.2708333333333333,0.0,29330,0,1,0,1,0,0,0,1,0,0,1,0,0,1,0,0,1,0,0,1
0.0,0.0307253162066141,0.2247628106011284,511.6,3598400.0,0.2544693162706163,511.8,3711800.0,0.2305252075195312,511.2,3670600.0,0.0,0.0,0.0,0.021281255086263,0.0,0.0,0.7617639056841533,10980800.0,13.185419482879176,99.21478020277954,7181297.319703938,680468.9816039092,90.20417324972291,7242837.375806452,770985.886180352,0.0,313.33392463125153,322.91998901367185,4.59913330078125,4.064110946655274,0.0,0.0,0.0,255.16666666666663,0.885,0.0,94.0,0.0,0.0,1007.5166666666668,53.0,0.26,8.35,6.141666666666667,26.8,53.0,0.26,6.141666666666667,3.0,29.83333333333333,2.25,1.1383333333333332,180.0,0.0,1.0,1.0,89600,6,0,1,0,1,0,0,1,0,0,1,0,0,1,0,0,1,0,0,1
0.0,0.0,0.4899847751193575,512.0,8397000.0,0.0,0.0,0.0,0.4724983215332031,510.4,8472000.0,0.491304677327474,510.4,8392600.0,0.0,0.0,0.0,1.453787773980035,25261600.0,18.16110583581377,108.3167495727539,8731904.0,769836.046875,108.74175071716309,9002439.0,790567.125,17734343.0,180.75829134377088,185.3199981689453,9.856755447387696,9.57895565032959,2.0,11.400000000000002,1.0,155.33333333333334,0.26,0.0,76.33333333333333,3.0,0.0,1010.1666666666666,165.0,0.2666666666666666,4.75,3.816666666666667,29.96666666666667,166.0,0.3,3.4666666666666663,1.3333333333333337,164.33333333333334,6.266666666666667,2.8466666666666667,167.66666666666666,0.1266666666666666,1.7333333333333334,1.55,94670,0,0,1,0,1,0,0,1,0,0,1,0,0,1,0,0,1,0,0,1
0.0,0.024635383605957,0.0,2.0,0.0,0.499854478624132,512.4,8245600.0,0.4622190551757812,511.4,8124200.0,0.0,0.0,0.0,0.0,0.0,0.0,0.9867089174058704,16369800.0,37.3343916001031,91.77339935302734,5042072.2,524641.53125,91.10660095214844,5047069.0,529004.3,10089141.2,325.55072224189456,326.8999938964844,8.447177696228028,8.673533058166504,0.0,0.0,0.0,262.5,0.1916666666666666,0.0,75.0,0.0,0.0,1015.4833333333332,135.33333333333334,0.4633333333333334,6.291666666666666,5.35,28.183333333333334,135.33333333333334,0.4633333333333334,5.35,1.8333333333333333,93.0,1.25,0.8866666666666667,180.0,0.0,1.0,1.0,78290,0,1,0,1,0,1,0,0,1,0,0,1,0,0,1,0,0,1,0,0
0.0,0.0,0.3541609836154514,511.6,6133600.0,0.0,0.0,0.0,0.3455763481987847,510.4,6227000.0,0.0,0.0,0.0,0.0,0.0,0.0,0.6997373318142361,12360600.0,15.24902512889148,69.09320068359375,2613413.2,361190.85,69.01319885253906,2652032.4,366958.575,5265445.6,307.1100913797922,306.7600036621094,6.173333168029785,5.823511123657227,137.41666666666666,184.65833333333333,60.833333333333336,74.25,0.1391666666666666,0.0,69.66666666666667,198.25,2475.5725,1008.7333333333332,206.91666666666663,0.1283333333333333,2.833333333333333,2.9125,30.5,199.5833333333333,0.1716666666666666,2.6,3.0,228.91666666666663,4.408333333333333,2.023333333333333,194.5,0.1033333333333333,1.3541666666666663,1.325,84547,0,0,1,0,1,0,0,1,0,0,1,0,0,1,0,0,1,0,0,1
0.0,0.0,0.0,2.2,0.0,0.4881298285590277,511.4,8801200.0,0.0,0.0,0.0,0.4955821397569444,510.4,8686600.0,0.4936449245876736,510.4,8626600.0,1.4773568929036458,26114400.0,278.99959789571227,113.52020111083984,9917840.0,834324.2375,113.14659881591795,10035294.0,846968.8625,19953134.0,358.3799821297605,143.8400012254715,10.103688621520996,10.206577682495118,126.16666666666669,851.1833333333334,826.5,183.5,0.2383333333333333,0.0,81.66666666666667,952.6666666666666,3600.0,1010.1166666666668,321.3333333333333,1.83,12.3,9.641666666666667,24.766666666666666,321.3333333333333,1.83,9.641666666666667,0.0,74.33333333333331,5.233333333333333,3.148333333333333,208.16666666666663,0.0033333333333333,1.0,1.0,105325,0,1,0,1,0,0,0,1,0,0,1,0,0,1,0,0,1,0,0,1
0.0,0.0,0.4738296576605902,511.4,8506000.0,0.4774875217013889,512.6,8510200.0,0.0,0.0,0.0,0.0,0.0,0.0,0.0,0.0,0.0,0.9513171793619792,17016200.0,224.1513850023773,96.0,5989110.5,595747.796875,96.0,5933542.8,590220.4125,11922653.3,34.479276784001414,27.539999771118165,8.786711120605469,9.043933296203614,6.0,1.525,0.25,91.5,0.2425,0.025,78.75,6.25,0.0,1017.525,25.75,0.55,7.125,5.3125,17.075000000000003,14.75,0.8899999999999999,5.4375,3.0,6.5,8.7,6.4575,50.75,0.335,2.5375,1.475,2655,0,1,0,1,0,0,0,1,0,0,1,0,0,1,0,0,1,0,0,1
0.0,0.0,0.1695956624348958,512.0,2270800.0,0.4048490397135417,512.6,6902000.0,0.0,0.0,0.0,0.032034450954861,0.0,0.0,0.391720974392361,512.0,6971000.0,0.9982001274956596,16143800.0,278.99959789571227,91.0,4979739.0,522560.49375,91.0,4900213.0,514215.25625,9879952.0,243.2799780415044,236.3,8.35457763671875,8.57064437866211,0.0,0.0,0.0,279.0,0.1508333333333333,0.0,81.75,0.0,0.0,1018.175,72.25,0.235,6.354166666666666,5.695833333333334,22.925,72.25,0.235,5.695833333333334,0.0,195.5833333333333,2.9833333333333334,2.1241666666666665,180.75,0.0033333333333333,1.0541666666666667,1.0333333333333332,38033,0,1,0,1,0,0,0,1,0,0,1,0,0,1,0,0,1,0,0,1
0.0,0.0,0.0029348687065972,2.0,0.0,0.4326145155164931,513.0,7392200.0,0.4154385850694444,511.4,7293600.0,0.0,0.0,0.0,0.0,0.0,0.0,0.8509879692925347,14685800.0,278.99959789571227,83.8135986328125,4227632.6,481700.475,0.0,0.0,13330.608558716369,4227632.6,245.27231811409388,243.06000061035155,7.6137776374816895,7.819555377960205,245.5,640.725,594.0,209.25,0.3266666666666666,0.0,74.33333333333333,839.5,3600.0,1017.2833333333332,341.0,0.96,6.3,4.883333333333334,22.141666666666666,335.8333333333333,1.3533333333333333,5.391666666666667,1.0,326.0833333333333,9.216666666666669,6.8966666666666665,322.3333333333333,0.7566666666666667,4.395833333333333,2.9458333333333333,18287,3,1,0,1,0,0,0,1,0,0,1,0,0,1,0,0,1,0,0,1
0.0,0.0,0.4569734836154514,512.4,8236800.0,0.4677469075520833,511.8,8249600.0,0.4737627766927083,510.8,8180200.0,0.456807603624132,510.2,8178400.0,0.0,0.0,0.0,1.8552907714843752,32845000.0,56.14497974189923,125.0,12541888.4,958129.7,124.96660003662107,12850684.8,981982.325,25392573.200000003,334.6714138650053,337.4200012207031,10.978244400024414,11.451533126831055,241.8333333333333,524.9166666666666,417.1666666666667,215.8333333333333,0.1616666666666666,0.0,74.66666666666667,659.0,3600.0,1008.5666666666668,116.83333333333331,0.5666666666666667,4.3,4.283333333333333,28.55,118.66666666666669,0.6033333333333333,3.991666666666666,2.0,119.5,6.266666666666667,4.538333333333334,126.66666666666669,0.2466666666666666,2.45,2.0,94328,0,0,1,0,1,0,0,1,0,0,1,0,0,1,0,0,1,0,0,1
0.0,0.0,0.3551259494357638,512.4,6127000.0,0.0,0.0,0.0,0.0,0.0,0.0,0.3561158175998264,510.8,6145600.0,0.0,0.0,0.0,0.7112417670355902,12272600.0,24.88853674238699,89.10137671580017,4907760.6222334,522354.14757293765,107.5333056922532,8413051.708064517,747768.2083944281,0.0,261.43165942972,265.52000122070314,6.831822204589844,7.21251106262207,0.0,0.0,0.0,250.3333333333333,0.2333333333333333,0.0,84.33333333333333,0.0,0.0,1008.5666666666666,38.0,0.7933333333333333,7.416666666666667,6.216666666666667,26.766666666666666,37.333333333333336,0.82,6.0,1.6666666666666667,11.0,4.4,2.6166666666666667,12.0,0.1866666666666666,2.466666666666667,1.9833333333333327,87574,6,0,1,0,1,0,0,1,0,0,1,0,0,1,0,0,1,0,0,1
0.0,0.0,0.4665140923394097,512.2,8096200.0,0.0,0.0,0.0,0.4664139811197916,511.4,8003800.0,0.0,0.0,0.0,0.4518158637152778,511.4,8097000.0,1.3847439371744792,24197000.0,27.76771235611112,110.0,8756990.0,760209.96875,109.9333999633789,8808108.8,765111.475,17565098.8,314.11901741138223,315.0,10.124266815185546,10.185999870300291,0.0,0.0,0.0,235.3333333333333,0.3933333333333333,0.0,86.66666666666667,0.0,0.0,1011.9333333333334,51.0,0.2866666666666667,3.316666666666667,3.9,26.33333333333333,46.333333333333336,0.4133333333333333,3.283333333333333,2.6666666666666665,37.0,4.866666666666666,3.093333333333333,42.66666666666666,0.2933333333333333,2.716666666666667,2.1666666666666665,84054,0,0,1,0,1,0,0,1,0,0,1,0,0,1,0,0,1,0,0,1
0.0,0.0,0.460146755642361,512.2,8527800.0,0.0,0.0,0.0,0.4702340766059028,511.2,8595000.0,0.0,0.0,0.0,0.4835999620225695,511.0,8457800.0,1.4139807942708331,25580600.0,278.99959789571227,111.72660064697266,9242706.2,789978.2125,111.1998016357422,9273072.0,796337.5,18515778.2,71.133729642503,66.9,10.093399810791016,10.13455581665039,220.0,399.2,232.0,152.33333333333334,0.9366666666666668,0.0,68.33333333333333,452.0,3600.0,1011.0,101.33333333333331,0.9266666666666666,6.95,7.15,27.066666666666663,93.0,1.0,6.483333333333333,3.0,40.333333333333336,7.366666666666667,5.96,41.0,0.3866666666666666,3.283333333333333,2.85,60944,0,1,0,1,0,1,0,0,1,0,0,1,0,0,1,0,0,1,0,0
0.0,0.0,0.0,2.0,0.0,0.4944673394097222,512.6,8875000.0,0.0,0.0,0.0,0.5132071126302082,512.2,8891200.0,0.5049805230034723,512.0,8780600.0,1.5126549750434028,26546800.0,278.99959789571227,113.32000122070312,10178323.6,857733.1625,113.0865982055664,10327127.8,872046.8625,20505451.4,358.40309129404807,287.2199951171875,9.53780002593994,10.041955375671389,5.0,9.583333333333334,0.8333333333333334,189.16666666666663,0.2416666666666666,0.0,71.0,5.833333333333333,0.0,1008.9166666666669,335.5,1.87,11.108333333333333,10.575,25.08333333333333,348.5,2.256666666666667,8.391666666666667,0.0,5.0,12.566666666666666,9.515,3.333333333333333,1.2466666666666666,6.508333333333333,5.324999999999999,105413,0,1,0,1,0,0,0,1,0,0,1,0,0,1,0,0,1,0,0,1
0.0,0.0,0.0,2.0,0.0,0.381537855360243,511.8,6687800.0,0.0,0.0,0.0,0.0198738064236111,0.0,0.0,0.3737030300564236,511.2,6648000.0,0.7751146918402778,13335800.0,85.20552490371848,79.96660003662109,3340799.2,398945.1875,79.09340057373046,3256004.2,393114.0625,6596803.4,252.2458598787002,246.03999938964844,7.356555461883545,7.572622013092041,0.0,0.0,0.0,336.3333333333333,0.1583333333333333,0.0,90.0,0.0,0.0,1017.6333333333332,156.5,0.66,5.2,4.583333333333333,23.683333333333334,154.5,0.6966666666666667,4.375,2.166666666666667,122.33333333333331,5.25,3.62,131.16666666666666,0.2,2.6,1.975,40058,0,1,0,1,0,0,0,1,0,0,1,0,0,1,0,0,1,0,0,1
0.0,0.0,0.0,2.0,0.0,0.3509771592881944,512.2,5908200.0,0.0,0.0,0.0,0.0306564127604166,0.0,0.0,0.3438371310763889,511.8,5999600.0,0.725470703125,11907800.0,156.47841337537798,76.87319946289062,2988347.0,371215.7125,77.00659942626953,2960473.6,367117.0375,5948820.6,317.3689955820545,325.8799987792969,7.119911098480225,7.294822120666504,0.0,0.0,0.0,168.33333333333334,0.1999999999999999,0.0,81.0,0.0,0.0,1017.5833333333334,192.5,0.32,5.2,4.408333333333333,24.383333333333333,191.66666666666663,0.3366666666666666,4.258333333333333,2.0,139.0,3.6,2.555,139.0,0.0533333333333333,1.7083333333333333,1.4416666666666669,39786,0,1,0,1,0,0,0,1,0,0,1,0,0,1,0,0,1,0,0,1
0.0,0.0,0.3434663357204861,511.8,5775600.0,0.0,0.0,0.0,0.0,0.0,0.0,0.3278486192491319,511.0,5849600.0,0.0,0.0,0.0,0.671314954969618,11625200.0,280.1743908815732,80.99175071716309,3664294.25,432038.3125,80.20825004577637,3342036.25,397891.453125,7006330.5,308.17198443811026,321.86000366210936,7.55204439163208,7.76811113357544,0.0,0.0,0.0,284.6666666666667,0.2016666666666666,0.0,88.66666666666667,0.0,0.0,1012.35,37.16666666666666,0.3533333333333333,6.025,5.391666666666667,18.23333333333333,64.0,1.01,4.4,3.0,75.16666666666667,11.433333333333334,6.92,69.66666666666667,0.8666666666666667,4.3,3.5916666666666663,6338,0,1,0,1,0,0,0,1,0,0,1,0,0,1,0,0,1,0,0,1
0.0,0.0,0.0,2.0,0.0,0.0,0.0,0.0,0.4664318576388888,508.8,8347600.0,0.0,0.0,0.0,0.464899169921875,510.4,8363600.0,0.9313310275607638,16711200.0,278.99959789571227,86.84660186767579,4866149.4,535088.95,0.0,0.0,5830.542492292603,4866149.4,56.43632735507845,49.88000030517578,7.55204439163208,7.500599956512451,228.8333333333333,393.7166666666666,279.3333333333333,306.8333333333333,0.5016666666666667,0.0,60.0,508.1666666666667,3600.0,1017.8,347.0,2.17,9.25,6.625,23.78333333333333,346.0,2.35,7.525,2.0,10.5,12.116666666666667,7.976666666666667,67.33333333333334,0.6833333333333333,5.491666666666667,3.2666666666666666,24884,3,1,0,1,0,0,0,1,0,0,1,0,0,1,0,0,1,0,0,1
0.0,0.0,0.427742201063368,512.6,7801400.0,0.0,0.0,0.0,0.0,0.0,0.0,0.4091454671223958,510.8,7677000.0,0.0,0.0,0.0,0.8368876681857639,15478400.0,55.714924122048245,86.53999938964844,4189501.0,462210.61875,86.41340026855468,4263977.2,471105.175,8453478.2,132.39357175673746,133.9800018310547,7.932733249664307,8.159088897705079,230.16666666666663,21.616666666666667,21.33333333333333,72.66666666666667,0.3016666666666667,2.666666666666667,85.16666666666667,251.5,0.0,1011.5166666666668,307.3333333333333,0.2433333333333333,3.425,3.375,27.73333333333333,307.3333333333333,0.2433333333333333,3.375,96.0,231.66666666666663,3.1333333333333333,1.7716666666666667,180.0,0.0,1.0,1.0,93436,0,0,1,0,1,0,0,1,0,0,1,0,0,1,0,0,1,0,0,1
0.0,0.0,0.0,2.0,0.0,0.3541605767144097,511.8,6307400.0,0.0,0.0,0.0,0.0301457790798611,0.0,0.0,0.3445430365668403,511.6,6069400.0,0.7288493923611112,12376800.0,222.26023591605733,76.53339996337891,3042322.8,379582.09375,76.36000061035156,2894109.4,361898.6125,5936432.199999999,285.95158207449566,291.1,7.222799968719483,7.356555461883545,0.0,0.0,0.0,273.0,0.18,0.0,77.66666666666667,0.0,0.0,1017.3333333333334,205.0,0.28,5.2,4.516666666666667,24.5,205.0,0.28,4.516666666666667,1.0,117.66666666666669,2.0666666666666664,1.43,180.0,0.0,1.0,1.0,39744,0,1,0,1,0,0,0,1,0,0,1,0,0,1,0,0,1,0,0,1
0.0,0.0,0.291714124891493,511.2,5160600.0,0.0,0.0,0.0,0.3003614366319443,510.8,5168400.0,0.0,0.0,0.0,0.3070933430989583,511.8,5231000.0,0.8991689046223957,15560000.0,166.39348778707642,93.92660064697266,5399436.0,548948.4,93.99340057373048,5462436.4,554959.0875,10861872.4,60.30401630537831,47.38000030517578,8.79699993133545,9.033644485473634,22.0,36.0,4.666666666666667,30.0,0.0666666666666666,0.0,95.33333333333331,26.666666666666668,0.0,1017.1666666666666,274.0,0.2666666666666666,3.9,2.916666666666667,14.833333333333334,272.0,0.2799999999999999,3.1,30.33333333333333,150.0,0.8999999999999999,0.3,175.0,0.0266666666666666,1.0,1.1,1496,0,1,0,1,0,0,0,1,0,0,1,0,0,1,0,0,1,0,0,1
0.0,0.0,0.0,2.8,0.0,0.4709363606770833,513.0,8300400.0,0.0,0.0,0.0,0.4434377305772569,512.0,8261600.0,0.4643448350694445,512.4,8191600.0,1.378718926323785,24753600.0,125.94112435757664,113.22000122070312,9460167.6,797922.0375,112.92659912109374,9608177.4,812489.2625,19068345.0,315.005336022108,318.4,10.093399810791016,10.484378051757812,201.91666666666669,334.5833333333333,184.3333333333333,291.8333333333333,0.25,0.0,87.0,386.25,3600.0,1015.8583333333332,208.5,1.29,8.316666666666666,9.95,18.116666666666667,180.25,2.065,7.15,2.0,159.0,13.591666666666669,10.156666666666666,163.58333333333334,1.606666666666667,6.679166666666667,5.454166666666667,103534,0,0,1,0,1,0,0,1,0,0,1,0,0,1,0,0,1,0,0,1
0.0,0.0,0.45638966539171,511.6,8486000.0,0.0,0.0,0.0,0.4719732801649305,510.4,8415800.0,0.0,0.0,0.0,0.4563446926540798,510.8,8332800.0,1.3847076382107204,25234600.0,82.59217465481797,110.82019958496092,8818377.2,759882.5,110.52019958496092,8984624.2,776308.9125,17803001.4,129.55563441209085,132.1999969482422,10.35062198638916,10.206577491760251,0.0,0.0,0.0,160.5,0.6958333333333333,0.1833333333333333,82.16666666666667,0.0,0.0,1010.4916666666668,199.91666666666663,1.3116666666666668,13.5,10.283333333333331,28.575000000000003,199.91666666666663,1.3133333333333337,10.275,3.0,231.0,4.7250000000000005,3.2783333333333333,235.66666666666663,0.105,1.7541666666666669,1.4541666666666666,63312,0,1,0,1,0,1,0,0,1,0,0,1,0,0,1,0,0,1,0,0
0.0,0.0,0.0,1.2,0.0,0.2950493570963541,512.2,5109600.0,0.2945722927517361,511.8,5130000.0,0.0,0.0,0.0,0.0,0.0,0.0,0.5896216498480902,10239600.0,277.5205138733058,71.00659942626953,2485515.4,334264.20625,0.0,0.0,21322.94817474776,2485515.4,11.290015758833524,8.200000095367432,6.595177841186524,6.86268892288208,0.0,0.0,0.0,297.0,0.11,0.0,79.83333333333333,0.0,0.0,1013.8,323.0,0.0766666666666666,5.291666666666667,2.25,21.616666666666667,315.5,0.0966666666666666,2.75,3.0,259.6666666666667,1.5166666666666666,0.915,232.5,0.0,1.0,0.0,11257,3,1,0,1,0,0,0,1,0,0,1,0,0,1,0,0,1,0,0,1
0.0,0.0,0.0,2.2,0.0,0.3784751654730903,512.2,6424000.0,0.0,0.0,0.0,0.0,0.0,0.0,0.3817145453559027,511.2,6230600.0,0.760189710828993,12654600.0,27.38105804793347,71.61340026855468,3028877.6,394656.35,70.53324890136719,2787410.25,370716.578125,5816287.85,229.2385818056401,233.82000122070312,5.576577758789062,5.916110992431641,74.0,0.0,0.0,143.0,0.3733333333333333,0.6333333333333333,84.33333333333333,74.0,0.0,1011.5,341.0,0.1399999999999999,7.683333333333334,4.75,26.9,43.333333333333336,0.3466666666666667,2.583333333333333,54.333333333333336,48.0,9.566666666666666,4.16,49.66666666666666,0.32,2.5166666666666666,2.3833333333333333,77340,0,1,0,1,0,1,0,0,1,0,0,1,0,0,1,0,0,1,0,0
0.0,0.0,0.4724707234700521,512.4,8168000.0,0.4654638671875,511.6,8148800.0,0.0,0.0,0.0,0.4599419352213542,510.6,8143000.0,0.0,0.0,0.0,1.3978765258789063,24459800.0,73.09081019378709,109.99340057373048,8503007.8,738205.975,109.0,8428147.0,738374.9875,16931154.8,206.4894773342891,205.8600006103516,10.083110809326172,10.196288681030271,101.5,163.7,53.5,249.5,0.375,0.1,82.0,155.0,2309.365,1011.25,53.5,0.67,6.025,5.5,28.15,53.5,0.6799999999999999,5.475,3.0,73.5,5.4,3.905,45.5,0.07,1.85,1.675,95508,0,0,1,0,1,0,0,1,0,0,1,0,0,1,0,0,1,0,0,1
0.0,0.0,0.0,3.0,0.0,0.0,0.0,0.0,0.0,0.0,0.0,0.402557386610243,509.4,6701400.0,0.3853959282769096,510.0,6754600.0,0.7879533148871527,13456000.0,62.55510318807679,79.0,3279706.2,396441.60625,79.0,3345948.6,404448.81875,6625654.800000001,305.82457620506005,303.8799987792969,7.0993332862854,7.634355449676514,371.0,197.45,159.25,31.5,0.2,0.15,80.25,530.25,3600.0,1009.9,145.0,0.565,4.3,3.9625,29.075000000000003,147.25,0.61,3.8875,3.0,165.5,6.725,3.8975,159.5,0.225,1.9875,1.6125,96330,0,0,1,0,1,0,0,1,0,0,1,0,0,1,0,0,1,0,0,1
0.0,0.0,0.4869836154513888,512.4,8597600.0,0.0,0.0,0.0,0.4849783053927951,511.0,8464600.0,0.0,0.0,0.0,0.4748184271918402,511.8,8561800.0,1.4467803480360242,25624000.0,101.27633856050456,110.68659973144533,9153138.0,789671.85,110.19319915771484,9184307.0,795904.3875,18337445.0,153.82008588200873,153.9,8.097355461120605,10.011088752746582,186.0,675.15,460.75,332.25,1.3175,0.0,62.25,646.75,3600.0,1014.65,140.25,0.205,5.6875,4.625,29.175,134.75,0.84,3.75,1.0,140.0,11.425,7.58,137.5,0.81,4.175,3.6125,60603,0,1,0,1,0,1,0,0,1,0,0,1,0,0,1,0,0,1,0,0
0.0,0.0,0.0,2.0,0.0,0.3786223687065972,512.2,6775600.0,0.0,0.0,0.0,0.3716840549045138,511.0,6669600.0,0.0,0.0,0.0,0.750306423611111,13445200.0,65.32580378772977,82.5,3825895.8,442435.54375,0.0,0.0,10172.326986406952,3825895.8,336.17235895498817,338.0999938964844,7.32568883895874,7.644644451141358,0.0,0.0,0.0,157.25,0.535,0.0,82.58333333333333,0.0,0.0,1015.7166666666668,285.1666666666667,0.6616666666666667,6.95,4.45,25.008333333333333,285.1666666666667,0.68,5.416666666666667,0.0,347.8333333333333,2.775,1.5233333333333332,300.41666666666663,0.02,1.0708333333333333,0.3875,21065,3,1,0,1,0,0,0,1,0,0,1,0,0,1,0,0,1,0,0,1
0.0,0.0,0.2332719997829861,512.8,3548600.0,0.2304487169053819,512.4,3488600.0,0.0,0.0,0.0,0.2128915066189236,510.2,3495200.0,0.205813001844618,511.0,3356800.0,0.8824252251519098,13889200.0,14.705306382984926,79.0,3342802.6,404068.53125,78.0,3209803.0,392966.18125,6552605.6,240.66764161074053,244.8800018310547,7.654933261871338,7.43886661529541,57.333333333333336,196.16666666666669,55.66666666666666,252.0,0.8266666666666667,0.0,67.33333333333333,113.0,2434.0666666666666,1006.1333333333332,65.33333333333333,0.1533333333333333,6.883333333333334,4.583333333333333,31.1,65.33333333333333,0.1533333333333333,4.583333333333333,2.333333333333333,160.66666666666666,4.566666666666666,1.5533333333333337,180.0,0.0,1.15,1.15,98083,0,0,1,0,1,0,0,1,0,0,1,0,0,1,0,0,1,0,0,1
0.0,0.0,0.4628601548936633,512.0,8365600.0,0.4746265326605903,511.6,8197200.0,0.463874267578125,510.8,8187200.0,0.4584668782552083,510.8,8236200.0,0.0,4.4,0.0,1.8598278333875868,32986200.0,56.03149872049584,123.16679992675782,12733666.8,987285.2625,122.91340026855468,12657400.0,983387.2875,25391066.8,344.42389793928896,345.2200012207031,10.103689002990723,11.019400024414065,0.0,0.0,0.0,167.83333333333334,0.5033333333333333,0.0,75.66666666666667,0.0,0.0,1010.8666666666668,45.16666666666666,1.5266666666666666,8.4,7.741666666666667,27.5,40.333333333333336,1.663333333333333,7.183333333333334,3.0,12.333333333333334,9.416666666666666,6.815,16.333333333333332,0.67,4.125,3.4333333333333336,73950,0,1,0,1,0,1,0,0,1,0,0,1,0,0,1,0,0,1,0,0
0.0,0.0,0.4757086995442708,511.2,8478400.0,0.4811713324652777,511.8,8364800.0,0.0,0.0,0.0,0.0,0.0,0.0,0.4741841634114584,511.0,8417400.0,1.431064195421007,25260600.0,278.99959789571227,111.52659912109377,9477603.0,811549.1,110.7333999633789,9352523.8,806573.6375,18830126.8,218.9471096197228,216.5199981689453,9.82588882446289,9.84646682739258,130.33333333333334,522.825,253.5833333333333,183.75,0.0575,0.0,79.08333333333333,383.9166666666667,3600.0,1012.05,205.0833333333333,3.2233333333333336,16.34166666666667,14.204166666666666,28.491666666666667,202.0,3.305,13.65,2.0,125.08333333333331,9.166666666666666,7.208333333333333,127.0,0.7616666666666667,4.758333333333333,3.7083333333333335,100984,0,0,1,0,1,0,0,1,0,0,1,0,0,1,0,0,1,0,0,1
0.0,0.0,0.4594920247395834,512.6,8109200.0,0.4697228054470486,512.6,8120600.0,0.0,0.0,0.0,0.4428443467881944,511.0,7940000.0,0.0,0.0,0.0,1.3720591769748265,24169800.0,109.27337859697288,110.0,8478485.5,736032.53125,110.0,8627883.6,749001.9875,17106369.1,161.4220510110026,157.9,9.34231071472168,10.041955375671389,0.0,0.0,0.0,297.0,0.4958333333333333,0.0583333333333333,76.83333333333333,0.0,0.0,1010.7666666666668,35.25,0.2333333333333333,3.858333333333333,4.125,29.258333333333333,51.0,0.315,3.0041666666666664,3.0,43.41666666666666,6.341666666666667,4.328333333333333,108.25,0.1633333333333333,2.6166666666666667,2.175,93289,0,0,1,0,1,0,0,1,0,0,1,0,0,1,0,0,1,0,0,1
0.0,0.0,0.0,1.0,0.0,0.4503185085720485,512.4,7886800.0,0.4423777533637152,511.4,7757400.0,0.0,0.0,0.0,0.0,0.0,0.0,0.8926962619357638,15644200.0,120.26604962348922,92.0,5305989.4,550744.2125,92.0,5246987.0,544619.96875,10552976.4,271.6225426502379,276.9199951171875,8.097355461120605,8.622088813781739,112.0,57.7,23.0,270.0,0.15,0.1,86.0,135.0,0.0,1015.9,100.0,0.94,5.75,4.75,17.9,92.0,1.1,5.3,80.0,313.0,7.5,5.23,319.0,0.28,2.65,2.45,2100,0,1,0,1,0,1,0,0,1,0,0,0,0,1,0,0,1,0,0,1
0.0,0.0,0.1985009223090277,512.0,2991600.0,0.0,0.0,0.0,0.1916961398654514,510.6,2946200.0,0.1899101019965277,510.2,2871000.0,0.0,0.0,0.0,0.5801071641710069,8808800.0,55.63505160797786,60.91339950561523,1715855.4,268928.303125,60.47320022583008,1672931.8,264079.603125,3388787.2,170.67328775209452,172.12000122070313,5.082711029052734,5.504555606842041,0.0,0.0,0.0,135.0,0.07,0.0,48.5,0.0,0.0,1012.825,316.25,0.02,1.6125,1.6,23.5,316.25,0.02,1.6,0.75,153.25,1.45,0.9575,180.0,0.0,1.0,1.0,58131,0,1,0,1,0,0,0,1,0,0,1,0,0,1,0,0,1,0,0,1
0.0,0.0,0.0,2.0,0.0,0.4474998508029513,511.8,7626400.0,0.4450684950086805,510.8,7729400.0,0.0,0.0,0.0,0.4507368977864583,511.6,7707400.0,1.34330524359809,23063200.0,175.3234584796692,108.83333333333331,9091238.0,795932.5625,0.0,0.0,17854.29551919843,9091238.0,65.64431317552007,58.91999969482422,9.486355590820311,9.774444198608398,108.58333333333331,750.475,507.5833333333333,291.0,0.1066666666666666,0.0,81.33333333333333,616.1666666666666,3600.0,1008.575,65.66666666666667,1.0433333333333334,6.354166666666666,4.716666666666667,24.46666666666667,50.91666666666666,1.268333333333333,5.320833333333333,2.0,24.08333333333333,8.8,5.485,11.583333333333334,0.2916666666666666,3.733333333333333,1.5499999999999998,14308,3,1,0,1,0,0,1,0,0,0,1,1,0,0,1,0,0,1,0,0
0.0,0.0,0.4875066053602431,511.2,8382600.0,0.0,0.0,0.0,0.0,0.0,0.0,0.0237932128906249,0.0,0.0,0.4683151719835069,510.2,8361800.0,0.979614990234375,16744400.0,278.99959789571227,89.50680084228516,4988496.0,532236.7625,89.0802001953125,5385145.0,577290.5375,10373641.0,64.22929670087765,53.2,8.333999633789062,8.220821762084961,116.0,783.7666666666667,510.3333333333333,123.0,0.1666666666666666,0.0,65.33333333333333,626.3333333333334,3600.0,1025.6333333333332,333.0,0.52,7.566666666666666,6.916666666666667,22.7,332.3333333333333,1.7333333333333334,5.616666666666667,0.0,330.3333333333333,13.2,9.44,332.3333333333333,1.66,6.266666666666667,5.183333333333334,45093,0,1,0,1,0,0,0,1,0,0,1,0,0,1,0,0,1,0,0,1
0.0604369383917914,0.0,0.4274310506184894,511.6,7621400.0,0.4308312174479168,512.2,7554000.0,0.0,0.0,0.0,0.4260238172743056,511.2,7467800.0,0.0,0.2,0.0,1.3447230237325034,22643200.0,278.6516162685897,109.6917495727539,8760664.0,762666.015625,109.01319885253906,8687251.8,760981.1125,17447915.8,62.02863486805042,52.75999984741211,9.815599822998047,10.041955375671389,0.0,0.0,0.0,240.0,0.11,0.0,94.41666666666669,0.0,0.0,1019.5166666666668,137.66666666666666,0.3,5.75,4.616666666666666,17.166666666666664,105.75,0.4016666666666666,4.4375,1.9166666666666663,2.5,5.291666666666667,3.311666666666667,8.083333333333334,0.045,1.5791666666666666,1.7625,7187,0,1,0,1,0,0,0,1,0,0,1,0,0,1,0,0,1,0,0,1
0.0,0.0,0.2825955793592665,512.0,5419800.0,0.0,0.0,0.0,0.0,0.0,0.0,0.0501601833767361,0.0,0.0,0.3040630933973524,511.4,5394200.0,0.6368188561333551,10814000.0,257.14308099109326,69.81675148010254,2371239.75,324329.1328125,69.01099904378255,2281597.333333333,315711.0,4652837.083333334,44.71590689240157,38.94000015258789,6.255644416809082,6.533444404602051,0.0,0.0,0.0,180.0,0.05,0.0,80.0,0.0,0.0,1021.2,285.0,0.16,6.25,4.25,23.0,285.0,0.16,4.25,2.0,27.0,0.6,0.22,180.0,0.0,1.0,1.0,47605,0,1,0,1,0,0,0,1,0,0,1,0,0,1,0,0,1,0,0,1
0.0,0.0,0.3229395921495225,512.4,5706000.0,0.0,0.0,0.0,0.0,0.0,0.0,0.0,0.0,0.0,0.3225981987847222,512.2,5730800.0,0.6455377909342448,11436800.0,278.99959789571227,75.02639770507812,2948971.2,375346.08125,74.1333999633789,2857256.8,368057.19375,5806228.0,96.59156346179002,97.45999908447266,6.7289331436157225,6.800955486297608,170.66666666666666,592.1,335.6666666666667,129.0,0.32,0.0,68.33333333333333,506.3333333333333,3600.0,1014.5333333333332,277.6666666666667,1.1266666666666667,8.15,7.65,21.466666666666665,306.6666666666667,2.2533333333333334,6.383333333333333,1.6666666666666667,327.0,13.9,9.72,317.0,1.9066666666666667,6.8500000000000005,5.716666666666667,56884,0,1,0,1,0,0,0,1,0,0,1,1,0,0,1,0,0,1,0,0
0.0,0.0,0.4818957044813368,512.0,8185000.0,0.0,0.0,0.0,0.4577268812391494,511.2,8113600.0,0.0,0.0,0.0,0.4574906548394097,511.4,8127000.0,1.397113240559896,24425600.0,278.9995978957122,111.20000076293944,8918926.75,765914.3125,111.0,8977316.8,772315.85,17896243.55,73.79939797261706,73.62000122070313,9.753866577148438,10.391777992248535,0.9166666666666666,0.0,0.0,0.0,0.1958333333333333,0.0,72.0,0.9166666666666666,0.0,1013.55,88.0,0.8383333333333333,7.595833333333333,6.6,26.5,88.0,0.8383333333333333,6.6,3.0,44.5,3.066666666666667,1.975,180.0,0.0,1.0,1.0,60839,0,1,0,1,0,1,0,0,1,0,0,1,0,0,1,0,0,1,0,0
0.0,0.0,0.0,3.0,0.0,0.4786913113064236,512.4,8486600.0,0.0,0.0,0.0,0.4695402153862847,510.4,8400400.0,0.4758648139105902,510.6,8494800.0,1.4240963406032985,25381800.0,44.38366446388388,110.2531997680664,8845224.4,766115.0125,110.0531997680664,9077852.0,787685.9,17923076.4,303.79656024045244,305.5799987792969,9.753866577148438,9.743577766418458,0.0,0.0,0.0,65.83333333333333,0.225,0.0,81.0,0.0,0.0,1008.15,316.1666666666667,0.3766666666666666,4.9375,4.5625,30.1,315.1666666666667,0.405,4.270833333333333,0.4166666666666666,297.25,5.716666666666667,4.0183333333333335,299.8333333333333,0.1283333333333333,2.1708333333333334,1.7416666666666667,98420,0,0,1,0,1,0,0,1,0,0,1,0,0,1,0,0,1,0,0,1
0.0384394904242621,0.0,0.3654843478732639,511.8,6398600.0,0.0122011108398437,0.0,0.0,0.0,0.0,0.0,0.3808139377170139,510.4,6196800.0,0.3594576280381944,510.8,6225800.0,1.156396514892578,18821200.0,278.9995978957122,98.31319885253906,6793002.4,659813.45,97.74174880981444,6376111.0,622949.109375,13169113.4,269.0018184041533,271.85999755859376,8.755844688415527,9.002778053283691,0.0,0.0,0.0,293.25,0.1516666666666666,0.0,58.41666666666666,0.0,0.0,1014.3083333333334,344.3333333333333,1.3383333333333334,7.095833333333333,6.845833333333333,19.675,337.8333333333333,1.805,6.25,3.0,319.0,10.933333333333334,7.458333333333333,327.8333333333333,1.1266666666666667,4.766666666666667,3.870833333333333,48414,0,1,0,1,0,0,0,1,0,0,1,0,0,1,0,0,1,0,0,1
0.0,0.0,0.437055881076389,512.0,7899000.0,0.4533682590060762,511.6,7969600.0,0.0,26.4,0.0,0.4459182671440972,511.0,8003800.0,0.4556377631293403,511.6,8152200.0,1.7919801703559028,32024600.0,53.11067107157524,121.22000122070312,11988226.4,944397.025,121.74019775390624,11948532.6,937256.025,23936759.0,339.5411604799036,343.2600036621094,11.019400215148924,11.122288513183594,200.16666666666663,78.4,44.0,281.6666666666667,0.3833333333333333,0.0833333333333333,83.83333333333333,244.16666666666663,600.0,1012.95,71.16666666666667,1.0233333333333334,6.841666666666667,6.833333333333333,27.25,69.5,1.38,5.574999999999999,3.0,80.66666666666667,11.833333333333334,8.533333333333333,66.33333333333333,0.92,5.625,4.266666666666667,70038,0,1,0,1,0,1,0,0,1,0,0,1,0,0,1,0,0,1,0,0
0.0,0.0,0.0,2.4,0.0,0.4715662841796874,513.4,8465000.0,0.4453665432400173,511.8,8298000.0,0.4565321587456598,512.4,8096800.0,0.0,0.0,0.0,1.3734649861653645,24859800.0,67.45746478041586,109.83999938964844,8622295.8,749625.2375,109.0531997680664,8604194.6,753428.125,17226490.4,170.65592371738185,169.97999572753906,9.877333641052246,10.196288681030271,94.5,144.53333333333333,50.833333333333336,198.0,0.16,0.1666666666666666,83.83333333333333,145.33333333333334,2505.153333333333,1008.1,44.833333333333336,1.97,8.4,7.975,27.116666666666667,43.833333333333336,2.0733333333333333,7.433333333333334,67.16666666666667,28.666666666666668,10.016666666666666,7.133333333333334,37.333333333333336,0.6333333333333333,4.883333333333333,3.808333333333333,75318,0,1,0,1,0,1,0,0,1,0,0,1,0,0,1,0,0,1,0,0
0.0,0.0,0.3709941270616318,512.2,6011200.0,0.0,0.0,0.0,0.0,0.0,0.0,0.3301915147569444,510.2,6186400.0,0.0,0.0,0.0,0.7011856418185762,12197600.0,28.196910602116088,76.03339996337891,3020470.4,379349.6875,76.0,3016356.6,379001.0875,6036827.0,226.9503694525167,229.7600006103516,6.996444225311279,7.119911098480225,0.0,0.0,0.0,152.58333333333334,0.3416666666666667,0.0,80.25,0.0,0.0,1011.275,42.5,0.715,7.5875,7.4,27.51666666666667,30.08333333333333,1.18,5.2875,2.9166666666666665,16.416666666666668,10.233333333333333,7.217499999999999,22.166666666666668,0.9383333333333332,4.716666666666667,4.0125,91567,0,0,1,0,1,0,0,1,0,0,1,0,0,1,0,0,1,0,0,1
0.0,0.0,0.3333967115614148,512.2,5740400.0,0.0,0.0,0.0,0.0,0.0,0.0,0.0,0.0,0.0,0.3391487494574653,512.4,5733400.0,0.6725454610188801,11473800.0,277.7626397577741,74.52020111083985,2966440.4,380089.14375,74.49340057373047,3140092.6,402515.675,6106533.0,94.62617555559008,89.64000091552734,6.348244571685791,6.749510955810547,0.0,0.0,0.0,182.25,0.3758333333333333,0.0,72.83333333333333,0.0,0.0,1015.525,260.0833333333333,0.6483333333333333,7.633333333333334,6.795833333333333,20.40833333333333,319.4166666666667,1.9966666666666664,5.645833333333334,2.0,329.25,16.733333333333334,11.938333333333334,324.75,1.893333333333333,6.2875,5.495833333333334,56807,0,1,0,1,0,0,0,1,0,0,1,0,0,1,0,0,1,0,0,1
0.0,0.0,0.3952997911241319,511.8,6755600.0,0.0514251552157931,0.0,0.0,0.0,0.0,0.0,0.3825005967881944,510.8,6554800.0,0.0,0.0,0.0,0.8292255431281195,13310400.0,72.91361373855979,79.20019989013672,3353811.8,404374.86875,79.8666000366211,3409333.8,407639.03125,6763145.6,254.7185042600969,249.0000030517578,7.510889053344727,7.737244510650635,0.0,0.0,0.0,236.25,0.0725,0.0,87.75,0.0,0.0,1014.75,227.0,0.7,5.2375,4.6,23.4,227.0,0.7,4.6125,0.75,191.75,5.8,3.9275,180.0,0.0,1.1125,1.0375,48076,0,1,0,1,0,0,0,1,0,0,1,0,0,1,0,0,1,0,0,1
0.0,0.0,0.3418488396538628,512.0,5704200.0,0.0033968912760416,0.0,0.0,0.0,0.0,0.0,0.0,0.0,0.0,0.3236043294270834,511.0,5709000.0,0.668850060356988,11413200.0,273.84509921681854,74.96680145263672,2870569.2,365659.24375,74.87499809265137,2949649.5,376209.65625,5820218.7,98.21255984465198,96.51999969482422,6.543733310699463,6.831822204589844,0.1666666666666666,0.0,0.0,180.0,0.4833333333333333,0.0,68.91666666666667,0.1666666666666666,0.0,1015.3916666666668,265.3333333333333,0.7716666666666667,7.862500000000001,7.0125,20.60833333333333,314.5833333333333,2.015,5.854166666666666,1.0833333333333333,330.6666666666667,16.691666666666666,12.06,321.8333333333333,1.85,6.345833333333333,5.65,56821,0,1,0,1,0,0,0,1,0,0,1,0,0,1,0,0,1,0,0,1
0.0,0.0,0.4664348415798612,512.2230215827338,8273407.194244605,0.4658149685329862,512.1568345323741,8374810.071942446,0.0,0.0,0.0,0.4580850287543402,510.0244604316546,8316587.050359712,0.0,113.9640287769784,0.0,1.3903348388671877,0.0,278.99959789571227,111.1,8833025.2,759216.9875,111.07340087890626,9052596.0,778284.3,17885621.2,267.4129039600085,265.45698290488707,10.373790639424495,10.550626157856671,57.66666666666667,208.3,153.0,249.0,0.4033333333333333,0.0333333333333333,75.66666666666667,210.66666666666663,1200.0,1010.2666666666668,182.66666666666663,1.3066666666666666,14.716666666666669,10.116666666666664,29.666666666666668,179.0,1.34,9.7,2.6666666666666665,70.0,6.933333333333334,4.8966666666666665,69.33333333333333,0.3133333333333333,3.033333333333333,2.4166666666666665,99343,15,0,1,0,1,0,0,1,0,0,1,0,0,1,0,0,1,0,0,1
0.0,0.0,0.4675938691033258,512.8,8452800.0,0.4782711656358507,512.4,8470000.0,0.0,0.0,0.0,0.4639880506727429,511.2,8395200.0,0.0,0.0,0.0,1.4098530854119191,25318000.0,24.664443999672443,110.67320098876954,8944149.2,771734.85,110.0,8844724.2,767826.325,17788873.4,129.17320825626763,128.22000122070312,10.062533187866212,10.165422248840333,0.0,0.0,0.0,240.66666666666663,0.1641666666666666,1.75,88.66666666666667,0.0,0.0,1010.3583333333332,301.9166666666667,0.1166666666666666,4.4875,3.0625,27.15833333333333,302.3333333333333,0.1166666666666666,3.0625,74.16666666666667,124.33333333333331,4.375,2.4366666666666665,250.8333333333333,0.0166666666666666,1.0625,1.0416666666666667,65310,0,1,0,1,0,1,0,0,1,0,0,1,0,0,1,0,0,1,0,0
0.0,0.0,0.4599131062825521,512.6,7991600.0,0.4587256537543401,511.8,8112600.0,0.4574203626844618,511.0,8103800.0,0.4687674018012153,510.8,8067800.0,0.0,0.0,0.0,1.8448265245225688,32275800.0,62.84961397096862,124.0,12173521.0,937488.4125,124.0,12483664.6,961372.7375,24657185.6,194.929481765273,192.78000183105468,10.66957778930664,11.214888763427734,257.0,422.5,290.0,326.0,0.54,0.0,80.0,547.0,3600.0,1008.7,319.0,0.28,5.75,4.1,28.7,319.0,0.28,4.1,3.0,290.0,2.1,1.49,180.0,0.0,1.0,1.0,85106,0,0,1,0,1,0,0,1,0,0,1,0,0,1,0,0,1,0,0,1
0.0143024609883626,0.0,0.344200941297743,512.2,5896600.0,0.0,0.0,0.0,0.0,0.0,0.0,0.3240098605685763,510.8,5948800.0,0.0,0.0,0.0,0.682513262854682,11845400.0,29.59907472090434,88.95162246870768,4874095.221974705,520012.86177780974,107.78990686366284,8430379.65967742,747424.4125733138,0.0,234.6760773174572,242.06000061035155,6.790666580200195,6.996444225311279,0.0,0.0,0.0,152.16666666666666,0.42,0.0,78.16666666666667,0.0,0.0,1009.0333333333332,38.833333333333336,1.0666666666666669,7.233333333333333,6.658333333333333,28.0,35.166666666666664,1.1933333333333334,6.05,3.0,10.0,8.483333333333333,6.458333333333334,14.833333333333334,0.5,3.925,3.1,87544,6,0,1,0,1,0,0,1,0,0,1,0,0,1,0,0,1,0,0,1
0.0,0.0,0.4776861843532985,512.4,8413000.0,0.4814928792317708,512.2,8334800.0,0.0,0.0,0.0,0.4457935655381944,510.6,8534600.0,0.0,0.0,0.0,1.4049726291232638,25282400.0,116.77635326711,111.27319793701172,8840336.0,758667.675,111.37359924316408,9079531.4,778495.575,17919867.4,247.7337067772804,249.1999969482422,10.185999870300291,10.576977729797363,0.0,0.0,0.0,240.5833333333333,0.3266666666666666,0.0,79.91666666666667,0.0,0.0,1009.175,275.75,0.5983333333333333,11.25,7.720833333333333,30.10833333333333,275.75,0.5983333333333333,7.720833333333333,1.0,305.8333333333333,3.3,2.4141666666666666,180.0,0.0,1.0,1.0,99002,0,0,1,0,1,0,0,1,0,0,1,0,0,1,0,0,1,0,0,1
0.0,0.0,0.4688560045030382,512.0,8007200.0,0.4644971923828125,512.2,8121000.0,0.0,0.0,0.0,0.4272177056206597,511.0,8026600.0,0.0,0.0,0.0,1.3605709025065105,24154800.0,102.45129417831788,110.0,8433919.0,732163.6,110.0,8616323.6,747998.4375,17050242.6,161.10984698708566,160.06000061035155,9.455488586425782,10.144844436645508,0.0,0.0,0.0,297.0,0.45,0.175,78.75,0.0,0.0,1010.525,39.0,0.215,4.0125,3.925,28.875,48.0,0.325,2.975,3.0,48.75,7.15,5.195,51.0,0.25,3.3625,2.525,93303,0,0,1,0,1,0,0,1,0,0,1,0,0,1,0,0,1,0,0,1
0.0,0.0,0.0,2.8,0.0,0.4822321370442708,512.2,8410800.0,0.4855558675130208,510.8,8353400.0,0.4863972846137153,510.6,8445000.0,0.0,0.0,0.0,1.454185289171007,25209200.0,50.39421537547323,87.82846561551402,4621604.720034493,502453.2183143504,112.65339965820311,9495904.2,804946.8375,9495904.2,193.608996188656,191.8199981689453,10.35062198638916,10.38148899078369,45.583333333333336,53.425,12.916666666666666,232.3333333333333,0.4933333333333333,0.0,80.08333333333333,58.5,300.0,1010.325,44.333333333333336,0.8316666666666667,7.7,7.308333333333334,26.90833333333333,54.91666666666666,1.86,5.904166666666667,3.0,58.083333333333336,13.766666666666667,9.425833333333332,56.833333333333336,1.663333333333333,6.3125,5.55,87319,3,0,1,0,1,0,0,1,0,0,1,0,0,1,0,0,1,0,0,1
0.0,0.0,0.0,2.0,0.0,0.4636412353515625,511.8,8117000.0,0.0,0.0,0.0,0.454430908203125,510.2,8044400.0,0.4570711263020833,511.2,8082800.0,1.375143269856771,24244200.0,278.9995978957123,110.39149856567384,8797959.0,761068.265625,0.0,0.0,8175.947418021302,8797959.0,91.97740118020754,92.76000061035155,9.568666458129885,10.412355613708495,19.75,89.57499999999999,15.0,35.5,0.4475,0.0,81.0,34.75,900.0,1014.275,132.75,0.195,4.3,2.15,28.5,142.25,0.235,2.4875000000000003,0.0,197.25,2.225,1.1475,259.25,0.06,1.0,1.0499999999999998,22821,3,1,0,1,0,0,0,1,0,0,1,0,0,1,0,0,1,0,0,1
0.0,0.0,0.0030545247395833,1.6,0.0,0.4948137478298611,511.2,8508600.0,0.4744986300998263,510.6,8342200.0,0.4716153835720487,510.2,8434600.0,0.0,0.0,0.0,1.4439822862413194,25285400.0,263.0554131614469,112.0,9391722.8,800753.0875,0.0,0.0,18799.05145389574,9391722.8,184.3505290459729,183.9799987792969,10.185999870300291,10.422644424438475,76.83333333333334,497.35,153.5,224.16666666666669,0.2333333333333333,0.0,89.83333333333333,230.3333333333333,3600.0,1015.0166666666668,285.8333333333333,1.36,12.3,9.6,20.1,304.8333333333333,1.8166666666666669,8.508333333333333,1.0,332.5,15.716666666666669,11.635,335.1666666666667,1.153333333333333,5.75,3.991666666666666,13477,3,1,0,1,0,1,0,0,1,0,0,1,0,0,1,0,0,1,0,0
0.0,0.0,0.2320451931423611,342.6,3844000.0,0.111205236364294,170.73333333333335,1951133.3333333333,0.0,0.0,0.0,0.2266440791377314,340.26666666666665,3850800.0,0.1125371997974536,170.46666666666667,1965600.0,0.0,0.0,100.32094254328308,74.99780019124348,2854922.2,363324.69375,74.66666666666667,2819693.0,360595.7604166667,0.0,306.360187757202,314.7799967447917,6.6980666796366375,6.97243709564209,0.0,0.0,0.0,180.0,0.0833333333333333,0.0,84.33333333333333,0.0,0.0,1016.5333333333332,198.66666666666663,0.18,5.266666666666667,4.366666666666667,25.0,198.66666666666663,0.18,4.366666666666667,0.0,243.0,1.6,0.93,180.0,0.0,1.0,1.0,44099,54,1,0,1,0,0,0,1,0,0,1,0,0,1,0,0,1,0,0,1
0.0,0.0,0.49588988410102,512.4,8485800.0,0.4777159457736545,512.6,8395400.0,0.0,0.0,0.0,0.4934522501627604,510.8,8396000.0,0.0,0.0,0.0,1.4670580800374349,25277200.0,278.99959789571227,110.02499961853027,8885257.75,771196.125,109.98299980163574,9161986.5,795532.015625,18047244.25,270.5035574656097,268.5600036621093,9.620111083984376,9.99051113128662,344.0,462.3,455.0,0.0,0.1,0.0,77.0,799.0,3600.0,1008.8,191.0,1.22,14.85,10.4,29.5,191.0,1.24,10.3,3.0,35.0,5.9,4.38,59.0,0.16,2.25,1.9,99195,0,0,1,0,1,0,0,1,0,0,1,0,0,1,0,0,1,0,0,1
0.0,0.0,0.0,2.0,0.0,0.3506867133246527,512.2,6515400.0,0.0,0.0,0.0,0.0306985812717014,0.0,0.0,0.3711635470920139,512.0,6634800.0,0.752548841688368,13150200.0,260.29933267661966,87.0,4364721.6,479080.69375,86.65980072021485,4286733.4,472372.80625,8651455.0,243.1788568049372,235.71999816894527,8.076777458190918,8.251688575744629,0.0,0.0,0.0,299.25,0.1516666666666666,0.0,59.91666666666666,0.0,0.0,1015.3416666666666,92.5,0.4916666666666666,8.379166666666666,6.333333333333333,20.53333333333333,92.5,0.4916666666666666,6.158333333333333,3.0,191.0833333333333,4.458333333333333,3.145,181.25,0.0283333333333333,1.6041666666666667,1.4541666666666668,53033,0,0,1,0,1,0,0,1,1,0,0,0,0,1,0,0,1,0,0,1
0.0,0.0428102828131781,0.0,3.0,0.0,0.3153375108506945,511.8,4972000.0,0.0,0.0,0.0,0.294116956922743,510.4,5126400.0,0.0,0.0,0.0,0.6522647505866157,10098400.0,61.65046253987494,93.0998151131696,5806626.809140557,584866.4783028528,100.68205441561612,7950395.4,756947.5568181818,0.0,3.32837524742238,9.859999847412109,5.854377746582031,5.576577758789062,0.0,0.0,0.0,315.3333333333333,0.4233333333333333,0.0583333333333333,85.66666666666667,0.0,0.0,1011.3166666666666,354.1666666666667,0.28,4.779166666666667,4.1,28.808333333333334,354.1666666666667,0.28,4.1,9.416666666666668,315.0833333333333,2.825,1.8283333333333327,180.0,0.0,1.0,1.0,88375,6,0,1,0,1,0,0,1,0,0,1,0,0,1,0,0,1,0,0,1
0.0,0.0,0.4650143839518229,512.0,8226400.0,0.0,0.0,0.0,0.0,0.0,0.0,0.0240501573350694,4.0,0.0,0.4574187554253472,511.6,8177400.0,0.9464832967122396,16403800.0,130.0948228711801,92.90659942626954,5284561.0,543170.1,92.0,5110790.6,530483.2125,10395351.6,61.96940190931947,56.25999984741211,8.436888694763184,8.745555686950684,0.0,0.0,0.0,51.75,0.0925,0.0,67.0,0.0,0.0,1025.325,87.25,0.495,4.6375,4.225,25.0,87.25,0.51,3.8625,3.0,58.25,4.975,3.6975,111.0,0.09,2.3,1.875,44980,0,1,0,1,0,0,0,1,0,0,1,0,0,1,0,0,1,0,0,1
0.0,0.0,0.0,2.4,0.0,0.4412290174696179,511.8,7888600.0,0.4429528333875868,511.2,7873800.0,0.4369519449869791,511.0,7743000.0,0.4426676839192708,511.8,7929000.0,1.7638014797634547,31434400.0,65.77235512371463,120.90679931640624,12016908.4,949129.5125,121.3198013305664,12000790.6,944608.2875,24017699.0,344.3299521791069,345.7200012207031,10.309466552734374,10.998822212219238,0.0,0.0,0.0,175.33333333333334,0.3666666666666667,1.1333333333333333,88.66666666666667,0.0,0.0,1010.8,45.333333333333336,1.4666666666666666,7.65,7.033333333333333,26.866666666666667,45.333333333333336,1.5066666666666666,6.8,90.0,41.333333333333336,4.833333333333333,3.523333333333333,43.0,0.36,3.4166666666666665,2.666666666666667,69963,0,0,1,0,1,0,0,1,1,0,0,0,0,1,0,0,1,0,0,1
0.0,0.0384039370218912,0.0,1.0,0.0,0.2711540798611112,512.2440944881889,5110094.488188976,0.0,185.26771653543307,2338937.007874016,0.0,0.0,0.0,0.0,0.0,0.0,0.3095580168830024,0.0,65.46673758769039,0.0,0.0,28521.73828125,0.0,0.0,15845.41015625,0.0,228.4455559747116,182.72676386795644,2.7391127789114407,2.911877046009218,106.45454545454544,452.9318181818182,182.9090909090909,185.1818181818182,0.1957575757575757,0.0,70.9090909090909,289.3636363636364,3379.001363636364,1017.6787878787878,244.89393939393932,0.1809090909090909,4.312878787878788,3.596969696969697,17.818181818181817,165.93939393939394,0.346060606060606,3.879545454545455,1.303030303030303,259.6060606060606,3.925757575757576,1.917878787878788,153.9848484848485,0.1693939393939394,1.4234848484848484,1.1401515151515151,476,15,1,0,1,0,0,0,1,0,0,1,0,0,1,0,0,1,0,0,1
0.0,0.0,0.4844744533962674,514.0,8260200.0,0.4722024875217013,513.8,8383200.0,0.0,6.4,0.0,0.4589795871310763,511.2,8293000.0,0.0,0.0,0.0,1.4156565280490452,24936400.0,278.9995978957122,111.1468002319336,9391598.8,806922.2375,110.2332000732422,9344146.2,809531.4625,18735745.0,235.9502337914832,235.8000030517578,9.86704444885254,9.82588882446289,161.91666666666666,738.775,574.8333333333334,241.41666666666663,0.1891666666666666,0.0,73.08333333333333,736.75,3600.0,1016.925,193.25,2.645,14.85,11.770833333333334,27.9,182.25,2.885,10.620833333333334,1.0,128.16666666666666,10.6,7.7325,125.08333333333331,1.16,5.704166666666667,4.604166666666666,101210,0,0,1,0,1,0,0,1,0,0,1,0,0,1,0,0,1,0,0,1
0.0,0.0,0.2209037679036458,511.0,3713400.0,0.0,0.0,0.0,0.2379267985026041,511.2,3893600.0,0.0,0.0,0.0,0.0,5.2,0.0,0.45883056640625,7607000.0,277.41404880727504,53.02660064697265,1210698.4,218032.846875,53.0,1169542.8,210722.83125,2380241.2,175.70749284741882,178.0,4.990110874176025,5.010688781738281,33.800000000000004,24.25,4.883333333333334,174.16666666666666,0.2625,0.0416666666666666,79.0,38.625,0.0,1013.4333333333334,233.0833333333333,0.66,6.95,5.2875,16.183333333333334,207.66666666666663,0.7933333333333333,5.654166666666667,21.25,76.66666666666666,3.441666666666667,4.8125,167.16666666666669,0.0116666666666666,1.2083333333333337,0.2333333333333333,3391,0,1,0,1,0,0,0,1,0,0,1,1,0,0,1,0,0,1,0,0
0.0,0.0,0.4702803548177083,511.8,8077000.0,0.0,0.0,0.0,0.0,0.0,0.0,0.4570566813151041,510.8,8425400.0,0.4571725124782985,511.6,8237600.0,1.3845095486111112,24740000.0,37.66680216150821,111.0,8820882.0,758857.8375,110.0,8628491.6,749054.8125,17449373.6,146.43347380463533,146.77999877929688,9.96993293762207,10.10368881225586,0.0,0.0,0.0,135.0,0.1375,0.0,82.0,0.0,0.0,1011.825,138.0,0.305,6.0875,4.824999999999999,28.525,138.0,0.305,4.824999999999999,2.0,289.5,2.75,1.7,180.0,0.0,1.0,1.0,70495,0,1,0,1,0,1,0,0,1,0,0,1,0,0,1,0,0,1,0,0
0.0,0.0,0.0,2.0,0.0,0.4928169894748264,512.4,8595600.0,0.0,0.0,0.0,0.0,0.0,0.0,0.4859511854383679,511.2,8548600.0,0.9787681749131945,17144200.0,95.13229961343822,90.0800003051758,5113296.2,542060.9125,0.0,0.0,6939.010646720853,5113296.2,264.813461675502,262.8799987792969,7.634355449676514,7.973888778686524,0.0,0.0,0.0,99.75,0.4175,0.0,78.66666666666667,0.0,0.0,1015.3083333333332,296.1666666666667,0.17,5.291666666666667,4.362500000000001,26.25,255.0,0.8566666666666667,3.941666666666667,3.0,237.25,14.841666666666669,9.055,255.91666666666663,0.79,4.375,3.395833333333333,23909,3,1,0,1,0,0,0,1,0,0,1,0,0,1,0,0,1,0,0,1
0.0,0.0,0.0,2.0,0.0,0.0,0.0,0.0,0.4774766574435764,511.4,8438800.0,0.4714220784505208,511.2,8290000.0,0.4714752875434027,512.2,8417000.0,1.4203740234375,25145800.0,276.5230856430909,110.12679901123047,9055443.6,785224.5875,0.0,0.0,5904.440369254486,9055443.6,59.956797466243685,55.119999694824216,9.722999572753906,10.09340000152588,0.0,0.0,0.0,254.25,0.1775,0.075,74.5,0.0,0.0,1015.575,230.0,0.86,7.65,6.0375,25.65,276.0,1.17,6.65,2.25,77.25,6.6,4.952500000000001,93.0,0.15,2.725,1.8375,24819,3,1,0,1,0,0,0,1,0,0,1,0,0,1,0,0,1,0,0,1
0.0,0.0,0.0071128743489583,2.2229038854805725,0.0,0.4509261067708333,512.2229038854806,6032210.63394683,0.0,169.2883435582822,755779.1411042943,0.4436513671875,510.6666666666667,2917130.8793456038,0.0,342.157464212679,5264989.775051124,0.9016903483072916,0.0,206.45804112413836,87.51099904378255,4557617.666666667,497334.6041666667,87.25980224609376,4499264.2,492380.275,9056881.866666667,64.83470742973317,54.32147290126434,6.730174654588135,6.718707362566989,90.33333333333331,509.4,366.0,270.0,0.25,0.0,72.66666666666667,456.33333333333337,2400.0,1017.5333333333332,137.33333333333334,0.8133333333333332,6.483333333333333,5.05,22.4,142.66666666666666,0.8733333333333333,4.7,0.0,66.0,6.800000000000001,4.593333333333334,68.66666666666667,0.3066666666666666,2.716666666666667,2.2,37120,15,1,0,1,0,0,0,1,0,0,1,0,0,1,0,0,1,0,0,1
0.0,0.0,0.366728040907118,512.4,6133800.0,0.0,0.0,0.0,0.0,0.0,0.0,0.0,0.0,0.0,0.3623949381510417,511.6,6430800.0,0.7291229790581597,12564600.0,236.5320209742012,71.97360229492188,2570233.0,341014.35625,0.0,0.0,4378.733432595294,2570233.0,224.3469005011566,216.04000244140624,6.739222049713135,6.759799957275391,22.0,135.06666666666666,18.666666666666664,147.33333333333334,0.1633333333333333,0.0,74.0,40.66666666666667,1690.8933333333334,1017.1333333333332,71.66666666666667,0.7066666666666667,4.9,3.95,26.633333333333333,85.0,0.8333333333333333,4.866666666666666,0.0,109.0,6.133333333333334,4.233333333333333,109.33333333333331,0.18,3.05,1.7333333333333334,26161,3,1,0,1,0,0,0,1,0,0,1,0,0,1,0,0,1,0,0,1
0.0,0.0,0.0,2.2,0.0,0.2054166802300347,512.4,3187200.0,0.0,0.0,0.0,0.257758417854532,510.6,3085600.0,0.0,0.0,0.0,0.2054166802300347,6272800.0,278.99959789571227,0.0,0.0,31606.31171875,0.0,0.0,26937.197265625,0.0,277.33738204890943,241.7600006103516,1.0494666337966918,0.1543333351612091,33.0,140.10000000000002,24.75,264.0,0.45,0.275,86.0,57.75,2239.2075,1006.825,180.0,1.34,9.775,9.6375,28.95,180.0,1.36,9.5875,80.0,154.5,5.025,4.2675,156.0,0.12,2.0125,1.7125,104514,1,0,1,0,1,0,0,1,0,0,1,0,0,1,0,0,1,0,0,1
0.0,0.0,0.4921428900824652,511.8,8398800.0,0.4822413330078124,511.4,8358800.0,0.470383795844184,511.2,8262200.0,0.0,0.0,0.0,0.0,0.0,0.0,1.4447680189344618,25019800.0,67.8459913866247,110.4197998046875,8757131.6,757400.05,110.39359893798829,8761425.0,757896.5375,17518556.6,181.9865881895333,182.17999877929688,10.175711059570313,10.371199989318848,253.41666666666663,428.1,345.4166666666667,231.41666666666663,0.5633333333333332,0.2083333333333333,85.0,598.8333333333334,3600.0,1011.325,39.16666666666666,1.7233333333333334,8.4,8.495833333333334,27.3,38.16666666666666,1.8433333333333333,7.933333333333334,8.5,28.33333333333333,8.866666666666667,6.4125,30.25,0.6466666666666667,4.3375,3.466666666666667,67198,0,1,0,1,0,1,0,0,1,0,0,1,0,0,1,0,0,1,0,0
0.0,0.0,0.0,2.0,0.0,0.4862452256944444,512.2,8443600.0,0.0,0.0,0.0,0.4674242892795138,510.8,8386400.0,0.4786856011284722,511.2,8339200.0,1.4323551161024306,25169200.0,278.9995978957122,113.76659851074218,9470035.4,794900.8625,113.4333999633789,9633793.2,811020.9375,19103828.6,347.34824310585105,349.2200012207031,10.021377563476562,10.515244674682616,0.0,0.0,0.0,238.0,0.47,0.0,76.0,0.0,0.0,1008.625,171.25,1.6,9.25,8.975,28.975,169.0,1.67,8.5,2.0,142.5,7.699999999999999,5.93,142.25,0.49,3.9,3.05,104292,0,0,1,0,1,0,0,1,0,0,1,0,0,1,0,0,1,0,0,1
0.0,0.0427925360467698,0.0,3.0,0.0,0.3416300726996528,512.4,5890200.0,0.0,0.0,0.0,0.355896511501736,511.0,6149400.0,0.0,0.0,0.0,0.7403191202481588,12039600.0,62.737007415997226,92.80030661898464,5739296.008623168,580183.906712597,101.19525675843536,7985051.303225806,756259.9651759531,0.0,312.3278860473101,311.5,6.121888637542725,6.564311122894287,88.08333333333333,227.53333333333333,57.083333333333336,165.25,0.2441666666666666,0.0,82.91666666666667,145.16666666666666,3300.0,1008.6916666666668,337.9166666666667,0.225,5.804166666666667,4.195833333333334,28.433333333333334,337.9166666666667,0.225,4.195833333333334,1.0,284.5833333333333,3.2916666666666665,2.075833333333333,259.75,0.0183333333333333,1.1375,1.0916666666666668,88315,6,0,1,0,1,0,0,1,0,0,1,0,0,1,0,0,1,0,0,1
0.0,0.0,0.5064206949869792,512.0,8785200.0,0.0038013191223144,0.0,0.0,0.0,0.0,0.0,0.4963221164279513,510.8,8441400.0,0.0,0.0,0.0,1.006544130537245,17226600.0,278.9995978957123,89.26659851074218,5343466.0,571628.4625,89.27499961853027,5359778.75,573313.359375,10703244.75,271.1509611512889,273.1,7.572622108459472,7.706377792358398,13.333333333333334,71.91666666666666,7.5,162.0,0.1283333333333333,0.0,68.66666666666667,20.83333333333333,223.4833333333333,1013.2166666666668,317.1666666666667,1.3033333333333332,8.191666666666666,8.083333333333334,21.03333333333333,294.8333333333333,2.4766666666666666,6.85,1.8333333333333333,280.1666666666667,14.516666666666666,9.668333333333331,286.8333333333333,2.106666666666667,7.275,5.666666666666666,48339,0,1,0,1,0,0,0,1,0,0,1,0,0,1,0,0,1,0,0,1
0.0,0.0,0.490153578016493,512.2,8702600.0,0.0040777477688259,0.0,0.0,0.0,0.0,0.0,0.5195591905381944,510.8,8867200.0,0.4954735243055556,511.6,8730800.0,1.509264040629069,26300600.0,278.99959789571227,113.01675033569336,9551611.75,807059.5625,112.17340087890624,9407035.2,800816.475,18958646.95,96.53966815856477,99.83999938964844,9.877333641052246,10.165422058105468,60.91666666666666,537.175,153.0,282.8333333333333,0.1683333333333333,0.0,73.58333333333333,213.91666666666663,3444.1125,1021.4333333333334,64.0,0.4,3.9,3.8916666666666666,24.416666666666668,71.0,0.48,3.470833333333333,0.0,92.0,7.175,5.173333333333333,83.0,0.26,2.8125,2.1916666666666664,47072,0,1,0,1,0,0,0,1,0,0,1,0,0,1,0,0,1,0,0,1
0.0,0.0,0.3367544759114583,512.4,5559600.0,0.0,0.0,0.0,0.0,0.0,0.0,0.3493853488498263,511.4,5278400.0,0.0,0.0,0.0,0.6861398247612847,10838000.0,227.7441918369161,74.0,2743706.8,354060.41875,73.0,2621434.2,342915.80625,5365141.0,260.58986784540457,258.0599975585937,7.0993332862854,6.924422359466552,0.0,0.0,0.0,259.8333333333333,0.39,0.0,98.83333333333331,0.0,0.0,1023.5083333333332,240.25,0.28,5.2,4.741666666666667,18.23333333333333,240.25,0.28,4.741666666666667,0.9166666666666666,294.6666666666667,3.8166666666666655,2.8566666666666665,180.0,0.0,1.0,1.0,45876,0,1,0,1,0,1,0,0,1,0,0,1,0,0,1,0,0,1,0,0
0.0,0.0,0.0,2.0,0.0,0.4745058356391058,511.4,8396400.0,0.0,0.0,0.0,0.479908226860894,509.6,8354400.0,0.4852640448676214,510.0,8515200.0,1.4396781073676213,25266000.0,278.9464697468021,113.67524909973145,9508733.25,798793.546875,113.05824851989746,9593747.25,810321.078125,19102480.5,300.7524435793774,300.5599975585937,10.04195556640625,10.659288787841795,167.0,729.2666666666667,625.3333333333334,132.33333333333334,0.27,0.0,81.66666666666667,792.3333333333334,3600.0,1007.5666666666668,185.0,1.5,12.3,10.55,29.2,185.0,1.5,10.55,0.0,150.66666666666666,2.3666666666666667,1.2833333333333334,180.0,0.0,1.0666666666666669,1.0333333333333334,105067,0,1,0,1,0,0,0,1,0,0,1,0,0,1,0,0,1,0,0,1
0.0,0.0,0.0,3.0,0.0,0.4407953559027777,513.4,7918200.0,0.0,0.0,0.0,0.4742216796875,512.6,8008000.0,0.4440070936414931,512.4,7879800.0,1.3590241292317708,23806000.0,102.70814759192872,112.25999908447264,9254039.4,787199.975,111.77320098876952,9338533.6,797837.5375,18592573.0,314.9817308892116,316.35999755859376,10.13455581665039,10.412355613708495,0.0,0.0,0.0,345.3333333333333,0.4,0.0,98.33333333333331,0.0,0.0,1013.9666666666668,223.0,1.153333333333333,7.85,8.2,13.6,217.66666666666663,1.28,7.766666666666667,45.0,162.33333333333334,9.166666666666666,5.986666666666667,183.0,0.5,3.2666666666666666,2.6333333333333333,103447,0,0,1,0,1,0,0,1,0,0,1,0,0,1,0,0,1,0,0,1
0.0,0.0,0.0058995496961806,2.0,0.0,0.4354690212673611,512.6,7484200.0,0.0,0.0,0.0,0.1913863661024306,511.0,3202400.0,0.3442622884114583,511.6,5865400.0,0.9770172254774304,16552000.0,278.99959789571227,89.0,4818606.2,517014.6125,88.99340057373047,4667026.6,500788.9125,9485632.8,63.5290390614356,56.42000045776367,7.891577625274659,8.29284439086914,172.0,753.1666666666666,607.0,102.0,0.1566666666666666,0.0,76.33333333333333,779.0,3600.0,1018.4333333333332,55.0,0.96,6.233333333333333,5.7,23.73333333333333,53.66666666666666,1.04,5.483333333333333,0.6666666666666666,52.66666666666666,6.9,5.06,54.333333333333336,0.36,3.05,2.3666666666666667,37032,0,1,0,1,0,0,0,1,0,0,1,0,0,1,0,0,1,0,0,1
0.0,0.0,0.0,1.0,0.0,0.0,0.0,0.0,0.4565435791015624,511.2,8032600.0,0.0,0.0,0.0,0.4613583577473957,511.6,8131400.0,0.9179019368489584,16164000.0,275.5684453117203,91.41320037841795,5261987.6,549687.85,0.0,0.0,20043.946458099777,5261987.6,206.56097124286632,201.73999633789063,7.932733249664307,8.385444641113281,0.0,0.0,0.0,27.333333333333336,0.4816666666666666,0.0,80.16666666666667,0.0,0.0,1010.5916666666668,219.3333333333333,0.1966666666666666,5.0125,4.254166666666667,23.433333333333334,217.8333333333333,0.22,3.741666666666666,3.0,189.0,6.533333333333333,4.516666666666667,196.5833333333333,0.0866666666666666,2.45,1.9291666666666667,12382,3,1,0,1,0,0,0,1,0,0,1,0,0,1,0,0,1,0,0,1
0.0,0.0,0.0,2.0,0.0,0.3497379964192708,512.4,5990200.0,0.3403121337890624,510.8,5952000.0,0.0,0.0,0.0,0.0,0.0,0.0,0.6900501302083333,11942200.0,210.2881199705168,78.01319885253906,3259723.6,399008.55625,0.0,0.0,17722.41623108184,3259723.6,40.97042798452231,33.91999969482422,7.006733131408692,7.263955307006836,0.0,0.0,0.0,297.0,0.1075,0.0,94.25,0.0,0.0,1007.9,109.0,0.815,6.95,5.075,24.0,109.25,0.945,5.75,45.0,231.0,2.775,1.9825,243.0,0.025,1.125,1.2625000000000002,14424,3,1,0,1,0,0,1,0,0,0,1,0,0,1,0,0,1,0,1,0
0.0,0.0,0.4778921169704861,512.0,8280400.0,0.477435777452257,511.6,8309800.0,0.4748122287326389,510.8,8252200.0,0.4476482340494791,510.2,8194800.0,0.0,0.0,0.0,1.8777883572048613,33037200.0,59.88699542765171,124.26000061035155,12515549.2,961816.4125,124.21320037841797,12804533.6,984390.825,25320082.8,343.6932182246175,345.0399963378906,10.700444221496582,11.338355255126952,0.0,0.0,0.0,164.0,0.36,0.0,75.0,0.0,0.0,1010.0,43.0,0.98,7.65,7.5,27.8,45.0,1.04,6.95,1.0,61.0,7.1,5.28,63.0,0.36,3.25,2.55,94122,0,0,1,0,1,0,0,1,0,0,1,0,0,1,0,0,1,0,0,1
0.0,0.0,0.0,2.6,0.0,0.5214439832899306,511.0,8905000.0,0.4854687228732638,510.6,8571400.0,0.4782030300564235,510.2,8522400.0,0.4757244737413194,510.8,8239200.0,1.9608402099609368,34238000.0,64.04383053725829,125.98000030517578,13242451.2,1003785.625,126.38325119018556,13394709.5,1012085.96875,26637160.7,349.0776277867405,353.17999877929685,11.647021865844726,11.78077793121338,218.0833333333333,604.7166666666666,451.8333333333333,274.6666666666667,0.5475000000000001,0.0,79.0,669.9166666666666,3600.0,1016.1083333333332,91.66666666666669,0.4266666666666666,7.095833333333333,6.670833333333333,27.45833333333333,87.66666666666667,1.5733333333333337,5.270833333333333,2.0,88.33333333333333,13.233333333333333,9.608333333333333,87.66666666666667,1.5083333333333333,5.895833333333333,5.129166666666666,82161,0,0,1,0,1,0,0,1,0,0,1,0,0,1,0,0,1,0,0,1
0.0,0.0,0.0,2.0,0.0,0.4041684705946181,511.8,7105800.0,0.0,0.0,0.0,0.3927191433376736,510.4,6901400.0,0.0,0.0,0.0,0.7968876139322918,14007200.0,175.242732518257,82.00659942626953,3741632.2,435695.96875,0.0,0.0,11578.660429512332,3741632.2,253.0995424820064,248.82000122070312,7.552044296264649,7.696088886260986,2.833333333333332,8.033333333333339,0.833333333333333,90.0,0.07,0.0,88.83333333333333,3.666666666666668,0.0,1018.1666666666669,184.16666666666663,0.42,5.658333333333333,4.75,25.666666666666668,175.83333333333334,0.5533333333333333,5.391666666666667,0.0,111.83333333333331,3.3833333333333333,2.2116666666666664,134.83333333333334,0.0,1.0,0.0,19828,3,1,0,1,0,0,0,1,0,0,1,0,0,1,0,0,1,0,0,1
0.0,0.0,0.5037257283528646,513.0,8804200.0,0.0,0.0,0.0,0.4989238755967881,511.0,8685000.0,0.4870527072482639,511.4,8617400.0,0.0,0.0,0.0,1.4897023111979166,26106600.0,15.181057982115048,110.5199981689453,9179668.4,793178.975,109.98679962158204,9557137.8,829792.4375,18736806.200000003,181.24574468280284,181.32000122070312,9.784733390808103,9.753866386413574,0.0,0.0,0.0,220.5,0.0775,0.0,83.25,0.0,0.0,1013.2,72.0,0.87,7.0,7.125,26.75,80.75,1.475,5.5375000000000005,3.0,86.0,12.65,9.54,85.5,1.18,6.0125,4.8,91227,0,0,1,0,1,0,0,1,0,0,1,0,0,1,0,0,1,0,0,1
0.0,0.0,0.4834049004448785,511.2,8306000.0,0.4642626003689236,510.8,8238400.0,0.0,0.0,0.0,0.0,0.0,0.0,0.4675574137369792,509.6,8306200.0,1.4152249145507814,24850600.0,277.0907080623313,111.92680053710936,9439184.8,805390.525,111.01675033569336,9351430.5,804418.65625,18790615.3,219.36055247446703,216.9,9.939066696166991,9.949355506896971,0.0,0.0,0.0,283.5,0.305,0.05,79.5,0.0,0.0,1014.6,205.0,3.25,16.35,14.225,28.25,201.0,3.36,13.4,1.5,125.0,10.6,8.09,124.5,0.84,5.0,4.1,101037,0,0,1,0,1,0,0,1,0,0,1,0,0,1,0,0,1,0,0,1
0.0,0.0,0.3945990261501736,512.0,6740400.0,0.0,0.0,0.0,0.0,0.0,0.0,0.3626481119791666,510.8,6692000.0,0.0,0.0,0.0,0.7572471381293402,13432400.0,82.39960835909775,79.28679809570312,3351151.2,403614.28125,79.39319915771485,3403335.8,409350.33125,6754487.0,295.5319515255304,295.86000366210936,7.644644355773925,7.71666669845581,0.0,0.0,0.0,297.0,0.34,0.0,72.66666666666667,0.0,0.0,1010.4166666666666,57.833333333333336,0.29,3.9,3.55,29.816666666666663,57.833333333333336,0.29,3.55,3.0,59.5,2.45,1.6083333333333334,180.0,0.0,1.0,1.0,92968,0,0,1,0,1,0,0,1,0,0,1,0,0,1,0,0,1,0,0,1
0.0,0.0,0.4418737445407443,511.6,8075600.0,0.4508382771809896,512.0,8173600.0,0.4721830512152777,510.6,8093800.0,0.0,0.0,0.0,0.0,0.0,0.0,1.3648950729370115,24343000.0,60.94951043139636,110.02680053710938,8926481.6,774734.9375,109.0,8706681.8,762776.9125,17633163.4,79.41109523607437,81.01999969482422,9.311444282531738,9.76415557861328,0.0,0.0,0.0,308.5,0.5725,2.425,81.0,0.0,0.0,1008.275,12.75,0.53,4.05,4.0375,28.375,16.25,0.645,3.65,95.0,33.75,7.800000000000001,4.72,15.25,0.35,2.875,2.4375,64814,0,1,0,1,0,1,0,0,1,0,0,1,0,0,1,0,0,1,0,0
0.0,0.0,0.0,2.0,0.0,0.5047612033420138,511.8,8730400.0,0.5025270657009548,511.0,8847600.0,0.4815455729166668,510.8,8781200.0,0.01055859375,228.4,0.0,1.499392435709635,26359200.0,25.13029385578104,110.63319854736328,9436129.8,814401.2625,110.11999969482422,9424198.0,817242.8875,18860327.8,121.9381943908812,120.06000213623048,10.072821998596192,9.62011127471924,101.75,900.6333333333333,752.0833333333334,155.16666666666666,0.4791666666666666,0.0,77.0,853.8333333333334,3600.0,1013.0666666666668,94.0,0.9433333333333334,7.620833333333333,7.516666666666667,26.46666666666667,86.5,1.6166666666666667,5.658333333333333,0.0,90.83333333333331,12.441666666666666,9.4625,82.41666666666667,1.31,5.7625,5.0875,78747,0,0,1,0,1,0,0,1,0,0,1,0,0,1,0,0,1,0,0,1
0.0,0.0,0.0,2.0,0.0,0.2104316541883681,512.6,3622400.0,0.2224828559027777,511.2,3615200.0,0.0,0.0,0.0,0.2299484456380209,512.0,3585400.0,0.6628629557291668,10823000.0,13.224599898093796,69.31999969482422,2405487.4,325411.909375,67.92659912109374,2209443.0,304981.8875,4614930.4,293.24187984140053,295.6599975585938,6.451133346557617,6.471711158752441,0.0,0.0,0.0,231.8333333333333,0.1983333333333333,0.0,92.0,0.0,0.0,1010.7666666666668,56.0,0.48,8.4,6.491666666666667,25.9,56.0,0.48,6.491666666666667,3.0,26.166666666666668,3.283333333333333,1.7983333333333331,180.0,0.0,1.0,1.0,83536,0,0,1,0,1,0,0,1,0,0,1,0,0,1,0,0,1,0,0,1
0.0,0.0342009128994411,0.0,2.2,0.0,0.465861083984375,511.8,8071800.0,0.4558759155273437,511.0,8123000.0,0.0,0.0,0.0,0.0,0.0,0.0,0.95593791241116,16194800.0,27.96121009684977,91.12680053710938,5008573.8,524852.8,91.03319854736328,5087299.0,533652.2875,10095872.8,351.69317807531326,354.0399963378906,8.827866363525391,8.44717788696289,0.0,0.0,0.0,344.0,0.5933333333333334,0.0,79.33333333333333,0.0,0.0,1014.3333333333334,142.33333333333334,0.36,6.116666666666666,5.25,27.33333333333333,142.33333333333334,0.36,5.25,2.333333333333333,92.66666666666669,1.3333333333333333,0.5033333333333333,180.0,0.0,1.0,1.0,78320,0,1,0,1,0,1,0,0,1,0,0,1,0,0,1,0,0,1,0,0
0.0,0.0,0.0,3.0,0.0,0.4740040418836805,513.0,8353200.0,0.0,0.0,0.0,0.4874965142144097,511.6,8402000.0,0.4788191731770833,511.8,8591600.0,1.4403197292751737,25346800.0,278.99959789571227,114.54679870605467,9713965.4,809837.8,114.87980041503906,10132782.8,842289.1875,19846748.200000003,315.35979372783794,318.02000122070314,10.43293342590332,10.638710975646973,0.0,0.0,0.0,290.1666666666667,0.26,0.0,84.16666666666667,0.0,0.0,1014.1333333333332,194.0833333333333,1.5166666666666666,10.141666666666667,10.191666666666666,20.183333333333334,172.0,2.4,7.545833333333333,2.083333333333333,155.33333333333334,14.641666666666666,10.785,159.08333333333334,1.8633333333333333,7.191666666666667,5.995833333333334,103658,0,0,1,0,1,0,0,1,0,0,1,0,0,1,0,0,1,0,0,1
0.0,0.0,0.4692430352105035,511.8,8201400.0,0.0,0.0,0.0,0.0,0.0,0.0,0.4495937771267361,510.4,8253800.0,0.0,0.0,0.0,0.9188368123372396,16455200.0,50.41477513836484,90.0,4759847.4,505035.48125,89.82659912109375,4742713.0,504190.3875,9502560.4,121.2636404378641,122.06000061035157,8.364866638183594,8.49862232208252,160.83333333333331,357.6,176.83333333333334,191.25,0.0575,0.0,74.08333333333333,337.66666666666663,3600.0,1009.1583333333334,76.41666666666666,0.085,3.020833333333333,3.025,28.98333333333333,293.4166666666667,0.2366666666666666,2.025,3.0,289.4166666666667,5.925,3.619166666666666,291.0,0.215,1.6208333333333331,1.5125,93485,0,0,1,0,1,0,0,1,0,0,1,0,0,1,0,0,1,0,0,1
0.0,0.0,0.2115934244791666,512.4,3228200.0,0.0,0.0,0.0,0.2114043646918403,511.0,3203800.0,0.0,0.0,0.0,0.0,0.0,0.0,0.422997789171007,6432000.0,55.500813351712,41.01320037841797,611964.4,142481.928125,39.0,498382.4,122030.7875,1110346.8,206.7765492833738,206.4600006103516,3.652555465698242,3.63197774887085,0.0,0.0,0.0,52.5,0.07,0.0,50.5,0.0,0.0,1012.5333333333332,278.0,0.02,1.7875,1.7833333333333334,23.10833333333333,278.0,0.02,1.5541666666666667,0.9166666666666666,266.3333333333333,4.074999999999999,2.3625000000000003,180.0,0.0,1.1375,1.1375,58151,0,1,0,1,0,0,0,1,0,0,1,0,0,1,0,0,1,0,0,1
0.0,0.0,0.0,2.0,0.0,0.4498791910807291,511.8,7864400.0,0.4306758965386285,510.8,7902800.0,0.4351658935546875,510.8,7798200.0,0.4381587863498263,511.6,7820600.0,1.7538797675238715,31386000.0,58.22482972388354,121.43299865722656,12004108.5,943990.3125,121.41320037841795,11971396.2,941576.5375,23975504.7,342.62056201803733,344.8799987792969,10.59755516052246,11.081133079528808,0.0,0.0,0.0,226.16666666666663,0.2666666666666666,1.1833333333333331,86.41666666666667,0.0,0.0,1010.3666666666668,54.083333333333336,1.403333333333333,7.65,6.879166666666666,27.0,53.66666666666666,1.44,6.645833333333333,95.0,57.5,6.8,4.884166666666666,43.083333333333336,0.31,3.4166666666666665,2.6791666666666667,70000,0,0,1,0,1,0,0,1,1,0,0,0,0,1,0,0,1,0,0,1
0.0772952389187283,0.0735289883083767,0.2354834187825521,511.8,4131600.0,0.0,0.0,0.0,0.247085706922743,510.8,4105200.0,0.0,0.0,0.0,0.0,0.0,0.0,0.6333933529324003,8236800.0,277.4140489981539,55.98679962158203,1395159.4,237966.36875,55.0,1347528.8,233962.7625,2742688.2,52.38663183280034,50.02000045776367,5.165022277832032,5.000399780273438,0.0,0.0,0.0,300.0,0.1733333333333333,0.0,47.333333333333336,0.0,0.0,1014.1,326.6666666666667,0.32,4.583333333333334,4.5,26.23333333333333,343.0,0.5666666666666667,3.5,0.3333333333333333,18.666666666666664,9.566666666666666,6.993333333333333,348.0,0.4866666666666667,3.2333333333333334,2.783333333333333,59056,0,1,0,1,0,0,0,1,0,0,1,0,0,1,0,0,1,0,0,1
0.0,0.0,0.0,2.0,0.0,0.0,0.0,0.0,0.4601524658203125,511.2,8415800.0,0.4565163167317708,511.0,8306200.0,0.4826886393229166,512.0,8301000.0,1.399357421875,25023000.0,278.5303243669866,109.28000183105468,8631103.6,754220.4,0.0,0.0,4702.747200812781,8631103.6,250.0243490310544,244.0000030517578,9.815599822998047,10.165422058105468,4.033333333333335,1.75,0.2166666666666665,100.5,0.1699999999999999,0.0,92.66666666666669,4.25,0.0,1014.0,197.16666666666663,0.5599999999999999,4.541666666666666,3.4000000000000004,24.85,185.5,0.6766666666666666,4.291666666666667,1.8333333333333333,195.66666666666663,5.016666666666667,4.233333333333333,175.33333333333334,0.1333333333333333,1.0,1.9666666666666663,25876,3,1,0,1,0,0,0,1,0,0,1,0,0,1,0,0,1,0,0,1
0.0278832431369357,0.0,0.4555604773627387,512.8,8175600.0,0.0,0.0,0.0,0.4704505004882812,511.4,8136000.0,0.0,0.0,0.0,0.4587219916449652,511.4,8222600.0,1.412616212632921,24534200.0,129.460053074601,111.99340057373048,9260336.2,789597.925,111.02659912109377,8890689.0,764678.375,18151025.2,122.49704031673848,131.9,10.083110809326172,10.402066802978515,0.0,0.0,0.0,272.3333333333333,0.1066666666666666,0.0,67.5,0.0,0.0,1016.3666666666668,269.3333333333333,0.4,6.225,5.258333333333333,20.0,201.0,0.9166666666666669,3.758333333333333,3.0,184.5,11.783333333333331,8.378333333333334,193.66666666666663,0.8166666666666667,3.6,3.433333333333333,55550,0,0,1,0,1,0,0,1,1,0,0,0,0,1,0,0,1,0,0,1
0.0,0.0,0.2481080796983507,512.2,4203000.0,0.0,0.0,0.0,0.0,0.0,0.0,0.0,0.0,0.0,0.2614821031358507,512.0,4428200.0,0.5095901828342013,8631200.0,278.9995978957122,63.99174976348877,1812285.75,270441.5390625,63.39999961853027,1781765.0,268381.625,3594050.75,91.1221754417847,93.93999938964843,5.967555522918701,6.029288959503174,14.666666666666666,9.9,0.9166666666666666,2.25,0.12,0.0,53.91666666666666,15.583333333333334,0.0,1024.125,284.0,0.6,4.345833333333333,4.595833333333333,18.2,282.0,0.64,4.304166666666666,3.0,252.41666666666663,5.308333333333334,3.899166666666667,261.0,0.18,2.6791666666666667,2.0875,55127,0,0,1,0,1,0,0,1,1,0,0,0,0,1,0,0,1,0,0,1
0.0,0.0,0.4536565823025174,512.6,8018000.0,0.0,0.0,0.0,0.4517845730251736,511.2,7928400.0,0.0,0.0,0.0,0.4504832085503473,512.0,7996600.0,1.3559243638780385,23943000.0,131.82706870720327,112.0,9245401.0,788277.4625,111.0531982421875,9054335.0,778569.5,18299736.0,114.90183820837107,122.73999938964845,10.288888931274414,10.402066802978515,0.0,0.0,0.0,79.16666666666666,0.2991666666666666,0.0916666666666666,64.58333333333333,0.0,0.0,1016.7,281.0,0.4,5.254166666666666,4.775,20.041666666666668,196.0,0.9,4.029166666666667,3.0,210.16666666666663,12.85,7.7475,187.0,0.8,4.079166666666667,3.875,55571,0,0,1,0,1,0,0,1,1,0,0,0,0,1,0,0,1,0,0,1
0.0,0.0,0.4534244113498264,512.0,8310000.0,0.0,0.0,0.0,0.0,0.0,0.0,0.0260082736545138,0.0,0.0,0.4617326117621528,511.8,8224600.0,0.9411652967664932,16534600.0,246.30348923817465,92.90660095214844,5376296.4,552592.85,92.0,5159437.6,535532.6125,10535734.0,61.92961321019882,56.279999542236325,8.580932998657227,8.580932998657227,0.0,0.0,0.0,246.0,0.175,0.0,73.0,0.0,0.0,1025.025,102.25,0.45,5.8,4.7125,24.4,77.5,0.5549999999999999,3.9,2.25,53.0,7.675,5.6325,77.25,0.3,3.0125,2.475,44998,0,1,0,1,0,0,0,1,0,0,1,0,0,1,0,0,1,0,0,1
0.0,0.0,0.0,2.0,0.0,0.26596142578125,512.2,4298000.0,0.0,0.0,0.0,0.2515358072916666,511.2,4290000.0,0.0,0.0,0.0,0.5174972330729166,8588000.0,278.9995978957122,55.98659973144531,1366244.8,233033.165625,0.0,0.0,14141.211424467489,1366244.8,235.2493174081248,223.64000244140624,5.0929999351501465,5.144444465637207,0.0,0.0,0.0,304.0,0.36,0.1,67.0,0.0,0.0,1009.4,243.0,1.32,7.65,5.65,23.0,243.0,1.34,6.6,51.0,271.0,5.3,5.2,161.0,0.0,1.0,0.2,17574,3,1,0,1,0,0,0,1,0,0,1,1,0,0,1,0,0,1,0,0
0.0,0.0,0.248266126844618,511.4,4290800.0,0.0,0.0,0.0,0.2575280219184027,510.6,4346800.0,0.0,94.2,0.0,0.0,0.0,0.0,0.5057941487630209,8637600.0,55.35442883938352,58.09979934692383,1393521.0,229029.559375,57.97999954223633,1337733.2,220325.146875,2731254.2,253.10260041671427,249.5200012207032,5.442822265625,5.5457111358642575,51.5,270.51666666666665,55.833333333333336,294.8333333333333,0.1816666666666666,0.0,80.5,107.33333333333331,3000.0,1014.5666666666666,261.5,0.1066666666666666,2.4083333333333337,2.591666666666667,22.55,277.6666666666667,0.1866666666666666,3.1416666666666666,0.0,315.3333333333333,5.0,1.9516666666666669,30.83333333333333,0.05,1.8166666666666669,1.4916666666666667,7706,0,1,0,1,0,1,0,0,1,0,0,0,1,0,0,1,0,0,1,0
0.0,0.0,0.0,1.0,0.0,0.2662218695746528,512.4,4360800.0,0.0,0.0,0.0,0.2597127143012152,510.6,4380600.0,0.0,0.0,0.0,0.525934583875868,8741400.0,68.94488943866112,67.53339996337891,2178997.6,308119.28125,67.0,2031018.0,289474.51875,4210015.6,232.62987410766823,228.06000366210932,6.358533477783203,6.4922887802124025,0.0,0.0,0.0,132.0,0.1141666666666666,0.0,50.0,0.0,0.0,1015.875,222.91666666666669,0.225,6.3,4.291666666666667,18.941666666666663,212.16666666666669,0.5116666666666667,4.15,0.0,321.6666666666667,8.616666666666667,6.555833333333333,303.3333333333333,0.2433333333333333,2.3791666666666664,2.1041666666666665,4049,0,1,0,1,0,0,0,1,0,0,1,0,0,1,0,0,1,0,0,1
0.0,0.0,0.4259749620225694,512.6,7354400.0,0.425404324001736,512.0,7532600.0,0.4345794745551215,511.6,7390000.0,0.0,0.0,0.0,0.4351521809895834,511.8,7743600.0,1.7211109415690102,30020600.0,26.04033047120405,120.95979919433594,11678316.8,921970.475,120.93360137939452,11773749.4,929703.0375,23452066.200000003,208.94254001641684,207.20000305175785,10.834199714660643,10.947377586364746,0.0,0.0,0.0,268.8333333333333,0.4833333333333333,0.0,82.16666666666667,0.0,0.0,1010.3,77.33333333333333,1.02,9.25,9.175,26.0,65.0,2.553333333333333,6.941666666666666,2.833333333333333,62.16666666666666,14.433333333333334,10.766666666666667,62.833333333333336,2.3266666666666667,7.65,6.433333333333334,75150,0,1,0,1,0,1,0,0,1,0,0,1,0,0,1,0,0,1,0,0
0.0,0.0,0.4493843790690103,511.6666666666667,8300500.0,0.0,0.0,0.0,0.0,0.0,0.0,0.4682774929470485,510.0,8252166.666666667,0.4693416341145832,511.0,8303000.0,1.3870035061306425,24855666.666666668,26.16967971614283,110.84660034179689,8819976.0,759829.675,110.0,8688360.4,754252.0875,17508336.4,131.73795140701057,132.03333282470703,10.237443923950195,10.05738878250122,0.0,0.0,0.0,158.33333333333334,0.2666666666666666,0.0,79.0,0.0,0.0,1011.7666666666668,140.66666666666666,0.3333333333333333,6.35,5.116666666666666,28.866666666666667,140.66666666666666,0.3333333333333333,5.116666666666666,1.3333333333333337,290.0,2.7,1.17,180.0,0.0,1.0,1.0,70476,0,1,0,1,0,1,0,0,1,0,0,1,0,0,1,0,0,1,0,0
0.0,0.0,0.4667870551215278,511.4,8454400.0,0.4776628960503473,512.6,8453600.0,0.0,0.0,0.0,0.4683741861979166,511.2,8320000.0,0.0,0.0,0.0,1.4128241373697918,25228000.0,262.5538014917747,114.0,9538245.8,798978.4,114.9802017211914,9849189.4,817992.8875,19387435.200000003,93.93559320798768,94.9199996948242,10.185999870300291,10.535822296142578,40.24999999999999,48.775000000000006,11.099999999999998,236.5,0.2825,0.0,89.75,51.275000000000006,759.1950000000002,1017.65,122.25,0.135,3.5875,3.0875,19.675,287.0,0.43,2.975,2.0,263.75,7.925,6.525,276.0,0.37,2.45,2.4625,7425,0,1,0,1,0,0,0,1,0,0,1,1,0,0,1,0,0,1,0,0
0.0,0.047916473282708,0.3011881103515625,511.4,5134400.0,0.3111343180338541,511.2,5027000.0,0.0,0.0,0.0,0.0,0.0,0.0,0.0,0.0,0.0,0.6602389016681247,10161400.0,35.69469997359985,61.0,1605130.6,251276.515625,60.25320053100586,1560770.0,247357.415625,3165900.6,298.3492498850118,299.8399963378906,5.916110992431641,5.741200065612793,424.3333333333333,97.975,91.25,297.9166666666667,0.46,0.75,79.66666666666667,515.5833333333334,1189.0358333333334,1011.625,120.0,0.2383333333333333,3.55,3.5375,28.23333333333333,120.0,0.2383333333333333,3.5375,73.58333333333333,46.5,3.225,1.8666666666666667,71.83333333333333,0.0183333333333333,1.1375,1.0916666666666668,84195,0,0,1,0,1,0,0,1,0,0,1,0,0,1,0,0,1,0,0,1
0.0,0.0,0.0,1.0,0.0,0.4702333170572916,512.8,8278600.0,0.0,0.0,0.0,0.4616874457465278,512.2,8364000.0,0.0,0.0,0.0,0.9319207628038194,16642600.0,278.9995978957122,94.10019989013672,5798191.4,588403.45,93.8667999267578,5614999.2,571237.6,11413190.6,272.7565704467544,276.0599975585937,8.406022262573241,8.920466423034668,55.0,400.1,84.0,0.0,0.2,0.0,83.0,139.0,3600.0,1019.9,5.0,1.1,7.65,5.15,19.1,8.0,1.2,6.05,1.0,329.0,6.0,3.5,335.0,0.22,2.95,2.05,2232,0,1,0,1,0,1,0,0,1,0,0,0,0,1,0,0,1,0,0,1
0.0645403512318929,0.0,0.0,2.0,0.0,0.3222249213324652,512.2,5126200.0,0.0,0.0,0.0,0.289208251953125,510.6,5178000.0,0.0,0.0,0.0,0.6759735245174832,10304200.0,32.17590422236163,61.0,1657022.2,259399.928125,61.0,1674769.2,262178.15625,3331791.4,116.96904877888558,115.34000091552734,5.813222408294678,5.545710945129395,0.0,0.0,0.0,255.0,0.1466666666666666,1.1333333333333333,89.0,0.0,0.0,1013.7666666666668,164.66666666666666,0.12,3.55,3.2,26.766666666666666,58.66666666666666,0.3133333333333333,2.45,54.333333333333336,51.333333333333336,7.333333333333334,5.083333333333334,60.0,0.2933333333333333,2.6,2.35,77388,0,1,0,1,0,1,0,0,1,0,0,1,0,0,1,0,0,1,0,0
0.0,0.0767718590630425,0.0,2.4,0.0,0.4739813774956596,511.2,8289600.0,0.4714830796983507,511.4,8218800.0,0.0,0.0,0.0,0.0,0.0,0.0,1.022236316257053,16508400.0,61.91126743712383,89.21999969482422,4783375.4,511996.89375,88.99340057373047,4773634.0,512229.3,9557009.4,170.7814355791235,170.95999755859376,8.28255558013916,8.395733261108399,0.0,0.0,0.0,208.0,0.3275,0.925,85.0,0.0,0.0,1010.15,39.75,1.6749999999999998,9.075,7.925000000000001,27.4,34.75,1.94,7.125,91.25,27.75,10.45,7.9175,20.0,1.005,5.325,4.1,75361,0,1,0,1,0,1,0,0,1,0,0,1,0,0,1,0,0,1,0,0
0.0,0.0,0.0,2.0,0.0,0.0,0.0,0.0,0.0,3.8,0.0,0.3994726019965277,510.8,7304600.0,0.4180821940104166,511.8,7204200.0,0.8175547960069443,14508800.0,177.83491423447856,84.0,3915747.4,445150.39375,0.0,0.0,4598.153282651347,3915747.4,247.8230771360768,241.03999938964844,7.71666669845581,8.344288635253907,0.0,0.0,0.0,315.0,0.1575,0.0,81.75,0.0,0.0,1015.5,138.25,0.48,4.0,4.699999999999999,26.375,161.5,0.575,4.9375,1.0,110.75,2.975,2.0625,314.25,0.02,1.125,0.5125,25968,3,1,0,1,0,0,0,1,0,0,1,0,0,1,0,0,1,0,0,1
0.0,0.0,0.0,2.0,0.0,0.3054672309027778,512.2,5545000.0,0.0,0.0,0.0,0.1785592990451389,306.2,874600.0,0.2952075466579861,511.4,5416000.0,0.7792340766059028,11835600.0,179.81647162275303,72.0,2604241.4,345398.25625,72.0,2521646.5,334443.796875,5125887.9,54.0444985285392,46.82000045776367,6.636333465576172,6.749510955810547,30.25,5.9750000000000005,1.5,316.5,0.0733333333333333,0.0,60.25,31.75,29.241666666666664,1015.75,126.33333333333331,0.3183333333333333,3.945833333333333,3.6375,24.591666666666665,126.33333333333331,0.3183333333333333,3.6375,3.0,97.0,4.949999999999999,1.9533333333333327,180.0,0.0,1.0125,1.0083333333333333,40133,0,1,0,1,0,1,0,0,1,0,0,1,0,0,1,0,0,1,0,0
0.0,0.0,0.0,2.2,0.0,0.4328880072699652,512.6,7463200.0,0.0,0.0,0.0,0.4157406684027778,511.6,7661800.0,0.0,0.0,0.0,0.848628675672743,15125000.0,278.99959789571227,87.0,4407933.8,483823.7625,86.95000076293945,4239125.5,465564.5625,8647059.3,244.8009886964926,235.7800048828125,7.768111228942871,8.138511276245117,0.0,0.0,0.0,52.83333333333333,0.52,0.0,94.16666666666669,0.0,0.0,1019.1166666666668,170.16666666666669,0.0966666666666666,4.75,3.675,22.066666666666663,171.33333333333334,0.14,4.558333333333334,0.3333333333333335,166.66666666666666,2.9833333333333334,2.0283333333333333,180.0,0.0,1.0,0.0,29947,0,1,0,1,0,0,0,1,0,0,1,0,0,1,0,0,1,0,0,1
0.0,0.0,0.4611465928819444,512.6,7835600.0,0.0,0.0,0.0,0.0,0.0,0.0,0.449466091579861,511.8,8043000.0,0.0,0.0,0.0,0.9106126844618054,15878600.0,175.89724324829865,87.95340118408203,5074734.6,550976.6125,87.62660064697266,4943951.8,538775.6375,10018686.4,255.37062379358213,257.1599975585938,7.315399837493897,7.510888862609863,0.0,0.0,0.0,119.33333333333331,0.43,0.0,78.83333333333333,0.0,0.0,1008.3583333333332,311.9166666666667,0.0916666666666666,10.141666666666667,6.604166666666666,23.15,263.4166666666667,1.9566666666666668,5.5125,0.0,249.75,19.625,13.730833333333331,263.4166666666667,1.9566666666666668,5.429166666666667,4.925,27952,0,1,0,1,0,0,0,1,0,0,1,0,0,1,0,0,1,0,0,1
0.0,0.0,0.0,1.2,0.0,0.0,0.0,0.0,0.4619437527126736,511.2,8384000.0,0.0,0.0,0.0,0.4771292724609375,511.6,8198200.0,0.9390730251736112,16582200.0,278.99959789571227,92.95825004577635,5481631.25,563106.265625,0.0,0.0,20416.84651415359,5481631.25,271.01842281606366,271.74000244140626,8.498622512817382,8.68382225036621,0.0,0.0,0.0,288.0,0.24,0.0,83.75,0.0,0.0,1012.875,281.75,0.455,3.55,3.3875,23.3,269.75,0.5800000000000001,4.3125,2.75,295.0,7.425000000000001,5.58,281.5,0.235,3.175,2.0875,12054,3,1,0,1,0,0,0,1,0,0,1,0,0,1,0,0,1,0,0,1
0.0,0.0,0.454844970703125,512.2,8014200.0,0.4728958604600694,512.2,8084400.0,0.0,0.0,0.0,0.4439794921874999,511.2,7876400.0,0.0,0.0,0.0,1.3717203233506945,23975000.0,278.89447300169786,109.95340118408204,8638710.0,750259.05,109.00659942626952,8433603.8,738808.1,17072313.8,247.39310429273883,242.84000244140623,10.185999870300291,10.3300443649292,0.0,0.0,0.0,176.25,0.1483333333333333,0.8750000000000001,79.16666666666667,0.0,0.0,1008.5583333333334,193.5833333333333,0.38,9.666666666666668,3.4875,26.916666666666668,191.0,0.7266666666666667,3.5583333333333336,41.75,187.3333333333333,11.141666666666667,5.92,214.91666666666663,0.5716666666666667,3.1333333333333333,2.7875,34022,0,1,0,1,0,0,0,1,0,0,1,0,0,1,0,0,1,0,0,1
0.0,0.0408002229266696,0.0,3.0,0.0,0.2830756971571181,512.4,5053200.0,0.0,0.0,0.0,0.2921038004557291,510.6,5005600.0,0.0,0.0,0.0,0.6159797205395169,10058800.0,65.89197323773034,93.27452840144416,5845903.109442368,587597.9783971687,100.38268638230488,7930179.4564516125,757348.6519428153,0.0,7.636333587303378,10.079999923706056,5.916110992431641,6.008711147308349,0.0,0.0,0.0,323.0,0.25,0.2,77.0,0.0,0.0,1010.3,353.0,0.22,5.9,4.05,28.6,353.0,0.22,4.05,80.0,58.0,2.4,1.53,180.0,0.0,1.15,1.1,88410,6,0,1,0,1,0,0,1,0,0,1,0,0,1,0,0,1,0,0,1
0.0,0.0,0.0,2.0,0.0,0.4021488715277778,512.2,6982600.0,0.3955491672092014,511.0,7035600.0,0.0,0.0,0.0,0.0,0.0,0.0,0.7976980387369792,14018200.0,84.75356257702134,84.0,3942694.8,448213.8375,0.0,0.0,15161.00212654148,3942694.8,264.6558837394181,267.4599975585937,7.768111228942871,8.056199836730958,0.0,0.0,0.0,317.5,0.19,0.0,81.0,0.0,0.0,1015.9,81.0,0.23,4.575,3.55,25.9,86.0,0.25,4.0,1.5,142.5,5.5,3.51,121.5,0.06,1.725,1.4,16677,3,1,0,1,0,0,0,1,0,0,1,0,0,1,0,0,1,0,0,1
0.0,0.0,0.2374488118489583,510.8,3899200.0,0.0,0.0,0.0,0.2137652587890625,511.4,3600800.0,0.0,0.0,0.0,0.0,0.0,0.0,0.4512140706380209,7500000.0,278.9995978957122,57.02660064697265,1521293.4,254751.940625,56.88659973144532,1445647.0,242698.865625,2966940.4,227.0620456118376,221.6200012207032,4.87693338394165,5.082711029052734,0.0,0.0,0.0,58.5,0.2666666666666666,0.0,75.58333333333333,0.0,0.0,1014.9666666666668,265.5,1.2516666666666667,6.3,5.391666666666667,16.0,265.6666666666667,1.3633333333333333,6.3125,0.0,217.8333333333333,9.35,6.929166666666667,224.41666666666663,0.1716666666666666,2.65,1.8583333333333327,3437,0,1,0,1,0,0,0,1,0,0,1,0,0,1,0,0,1,0,0,1
0.0,0.0,0.0,1.0,0.0,0.2852059597439236,512.0,4747400.0,0.0,0.0,0.0,0.2762180853949653,511.0,4843000.0,0.0,0.0,0.0,0.5614240451388889,9590400.0,278.99959789571227,69.07339935302734,2272280.8,314140.5375,69.00659942626953,2242899.6,310379.89375,4515180.4,90.02402174952849,91.75999908447264,6.914133453369141,6.800955486297608,0.0,0.0,0.0,57.0,0.2116666666666666,0.0,65.16666666666667,0.0,0.0,1013.55,13.166666666666668,0.3166666666666666,7.775,5.925,19.916666666666664,84.5,0.4866666666666667,4.608333333333333,2.833333333333333,228.3333333333333,8.5,6.576666666666667,210.66666666666663,0.18,2.65,2.15,4274,0,1,0,1,0,0,0,1,0,0,1,1,0,0,1,0,0,1,0,0
0.0,0.0,0.1437703857421875,511.8,2131600.0,0.0,0.0,0.0,0.1524901801215277,510.8,2131800.0,0.1554370795355902,510.8,2070000.0,0.0,4.6,0.0,0.4516976453993054,6333400.0,86.2634087996993,41.0,606452.25,141248.62890625,41.619999694824216,612847.2,136745.8921875,1219299.45,86.54911987378205,81.41999969482421,3.714288949966431,3.77602219581604,160.1,307.4,137.78333333333333,153.0,0.11,0.0,56.41666666666666,297.975,3600.0,1018.0166666666668,162.0,0.14,2.0,3.0541666666666667,23.25,230.0,0.26,3.0416666666666665,1.0,287.6666666666667,7.175,4.3275,265.0,0.2,1.85,1.9541666666666664,7403,0,1,0,1,0,0,0,1,0,0,1,1,0,0,1,0,0,1,0,0
0.0,0.0,0.4420506591796875,511.8,8200400.0,0.0,0.0,0.0,0.0,0.0,0.0,0.4711937391493055,510.4,8168000.0,0.4608870985243055,511.2,8103600.0,1.3741314968532985,24472000.0,62.02035326138248,110.82000122070312,8786705.2,757146.5375,110.0,8637253.0,749815.3875,17423958.2,150.74684512478711,153.02000122070314,9.568666458129885,10.093399810791016,0.0,0.0,0.0,209.25,0.3791666666666666,0.0,82.0,0.0,0.0,1010.6083333333332,132.83333333333334,0.26,4.9625,4.4,28.4,132.83333333333334,0.26,4.4,1.4166666666666667,266.9166666666667,2.583333333333333,1.6625,180.0,0.0,1.0,1.0,70535,0,1,0,1,0,1,0,0,1,0,0,1,0,0,1,0,0,1,0,0
0.0,0.0,0.3106023491753472,512.0,4690200.0,0.3275816514756944,511.8,4803400.0,0.0,0.0,0.0,0.3072246907552083,510.4,4544400.0,0.0182610948350694,371.8,574600.0,0.9636697862413194,14612600.0,276.85858119623697,87.94000091552735,4983165.2,532849.45,92.21133168538412,6005655.333333333,618833.6875,10988820.533333331,315.147920384947,317.9800048828125,7.541755485534668,7.932733249664307,244.5833333333333,444.675,308.0833333333333,315.5,0.2191666666666666,0.0,87.0,552.6666666666666,3600.0,1012.425,194.0833333333333,1.48,8.4,10.033333333333331,19.5,173.0,2.2816666666666663,7.495833333333334,2.0,165.0,13.775,10.344166666666666,159.08333333333334,1.7416666666666667,6.95,5.841666666666667,103598,0,0,1,0,1,0,0,1,0,0,1,0,0,1,0,0,1,0,0,1
0.0,0.0,0.455283955891927,512.4,7752800.0,0.0,0.0,0.0,0.0,0.0,0.0,0.4062335883246527,510.4,7810400.0,0.0,0.0,0.0,0.8615175442165798,15563200.0,21.72630338336871,89.00659942626953,4587787.2,492211.2625,88.00659942626953,4556481.4,494408.49375,9144268.6,355.553566786877,356.939990234375,8.519200134277344,8.385444450378419,0.0,0.0,0.0,313.8333333333333,0.415,0.0,85.91666666666667,0.0,0.0,1009.5166666666668,169.83333333333334,0.4783333333333333,4.75,4.191666666666666,28.10833333333333,169.83333333333334,0.48,4.191666666666666,3.0,175.08333333333334,2.433333333333333,1.125,180.91666666666663,0.0066666666666666,1.05,1.025,94483,0,0,1,0,1,0,0,1,0,0,1,0,0,1,0,0,1,0,0,1
0.0,0.0,0.0,2.0,0.0,0.492222669813368,512.2,8496400.0,0.4726691623263889,510.8,8597200.0,0.4740669759114583,510.6,8626400.0,0.0,0.0,0.0,1.4389588080512152,25720000.0,142.60004249762824,110.01319885253906,9062301.0,786619.0,0.0,0.0,10325.807192404707,9062301.0,264.8831964511757,263.0399963378906,9.805311012268067,10.21686668395996,111.66666666666669,815.4666666666667,623.3333333333334,114.66666666666669,0.8766666666666667,0.0,76.33333333333333,735.0,3600.0,1012.2333333333332,299.3333333333333,0.1333333333333333,4.3,3.066666666666667,26.73333333333333,253.0,0.5866666666666667,3.3166666666666664,0.0,255.0,7.966666666666667,5.87,250.66666666666663,0.5333333333333333,3.783333333333333,2.9,20930,3,1,0,1,0,0,0,1,0,0,1,1,0,0,1,0,0,1,0,0
0.0,0.0550960947672526,0.4669219699435764,512.2,8207400.0,0.0,0.0,0.0,0.0,0.0,0.0,0.489451402452257,510.8,8368400.0,0.0,0.0,0.0,1.011469467163086,16575800.0,29.358688757074543,89.99340057373047,4901154.4,520067.4875,89.09320068359375,4851143.4,519961.85625,9752297.8,32.55729678779785,35.68000030517578,7.973888874053955,8.056199836730958,0.5,0.0,0.0,329.4166666666667,0.4808333333333333,0.0,82.16666666666667,0.5,0.0,1013.4,323.0833333333333,0.1566666666666666,2.5416666666666665,2.720833333333333,27.40833333333333,323.0833333333333,0.1566666666666666,2.720833333333333,3.0,59.0,1.775,0.9858333333333332,180.0,0.0,1.0,1.0,80379,0,0,1,0,1,0,0,1,0,0,1,0,0,1,0,0,1,0,0,1
0.0,0.0,0.4635749918619792,512.0,8342200.0,0.0,0.0,0.0,0.0,0.0,0.0,0.499363525390625,510.6,8397800.0,0.0,0.0,0.0,0.9629385172526044,16740000.0,278.9995978957123,92.10660095214844,5116257.6,530440.95,92.00659942626952,5083378.6,527599.35,10199636.2,49.69424433431757,43.04000015258789,8.488333702087402,8.714688873291015,0.0,0.0,0.0,15.666666666666664,0.2075,0.0,78.83333333333333,0.0,0.0,1007.2916666666666,120.91666666666669,0.845,5.116666666666667,5.05,25.20833333333333,128.83333333333334,0.8866666666666667,4.808333333333334,1.0,197.0833333333333,7.725,5.6258333333333335,188.0833333333333,0.2616666666666666,2.9208333333333334,2.3875,49068,0,1,0,1,0,0,0,1,0,0,1,0,0,1,0,0,1,0,0,1
0.0,0.0,0.0,2.0,0.0,0.0,0.0,0.0,0.0269621853298611,365.8,0.0,0.3453615587022569,510.6,6283600.0,0.3603509114583333,511.2,6152400.0,0.7326746554904513,12436000.0,206.39219831741752,77.0,3098975.6,384325.14375,0.0,0.0,16104.621170823992,3098975.6,256.8383306982299,255.1200012207032,7.006733131408692,7.1713556289672855,0.0,0.0,0.0,35.666666666666664,0.2166666666666666,0.0,80.66666666666667,0.0,0.0,1015.5,94.0,0.3133333333333333,3.9,3.5500000000000003,24.03333333333333,121.66666666666669,0.5066666666666667,3.4833333333333334,0.0,237.3333333333333,6.666666666666667,4.656666666666666,23.666666666666668,0.3266666666666666,2.9833333333333334,2.3666666666666667,15847,3,1,0,1,0,0,0,1,0,0,1,0,0,1,0,0,1,0,0,1
0.0,0.0,0.4694510311550564,512.2,8404600.0,0.475854746500651,512.2,8296200.0,0.4858549160427517,511.0,8283600.0,0.0,0.0,0.0,0.0057482136620415,0.0,0.0,1.4369089073605008,24984400.0,65.60604364456886,97.44268827885176,6782923.416642713,652763.7663615622,93.24062044473686,7447884.803225806,766917.6356304985,0.0,111.49519292528444,113.01999969482422,9.76415557861328,10.083110809326172,0.0,0.0,0.0,335.5,0.3775,2.7916666666666665,80.58333333333333,0.0,0.0,1010.025,311.1666666666667,0.2683333333333333,4.091666666666667,3.3208333333333333,29.08333333333333,300.5833333333333,0.2883333333333333,3.216666666666667,95.0,265.3333333333333,4.4,2.6533333333333333,274.75,0.0849999999999999,1.3791666666666669,1.2875,89245,6,0,1,0,1,0,0,1,0,0,1,0,0,1,0,0,1,0,0,1
0.0,0.0,0.4493516438802083,512.2,8157600.0,0.0,0.0,0.0,0.0,0.0,0.0,0.4760805935329861,510.8,8456200.0,0.0,0.0,0.0,0.9254322374131944,16613800.0,95.87654973315308,90.30639953613282,4846535.0,512482.825,90.03339996337891,4924258.8,522285.85625,9770793.8,136.80995069840935,133.0,7.99446668624878,8.313422012329102,0.0,0.0,0.0,270.0,0.4875,1.4666666666666666,85.58333333333333,0.0,0.0,1012.2833333333332,17.166666666666668,0.4566666666666666,5.429166666666667,5.295833333333333,27.08333333333333,62.16666666666667,0.9966666666666668,4.158333333333333,86.25,74.33333333333333,14.466666666666669,8.886666666666667,70.66666666666667,0.8783333333333333,4.4875,3.9041666666666655,68514,0,0,1,0,1,0,0,1,1,0,0,0,0,1,0,0,1,0,0,1
0.0,0.0,0.480242194281684,512.2,8225200.0,0.4654290228949653,512.2,8251800.0,0.4864395073784721,510.8,8256200.0,0.4984555935329861,510.6,8196400.0,0.0,0.0,0.0,1.930566318088108,32929600.0,65.63886550415354,101.88040580102584,7780541.444308709,722143.868757186,85.63667239863152,6934399.837096774,777105.4517961877,0.0,343.04723407543327,343.9200012207031,11.050266647338868,11.585288619995117,0.0,0.0,0.0,234.0,0.16,0.0666666666666666,82.66666666666667,0.0,0.0,1009.6666666666666,53.66666666666666,0.44,6.95,4.783333333333333,27.5,54.333333333333336,0.46,4.65,3.0,81.33333333333333,4.2,2.873333333333333,81.0,0.0933333333333333,1.9166666666666663,1.55,90134,6,0,1,0,1,0,0,1,0,0,1,0,0,1,0,0,1,0,0,1
0.0,0.0,0.3300702311197916,512.2,5495200.0,0.0030050292544894,0.0,0.0,0.0,0.0,0.0,0.0311534288194444,0.0,0.0,0.3228408745659722,511.6,5496400.0,0.6870695637596979,10991600.0,278.9995978957123,67.00659942626953,2139743.6,304939.63125,67.0,2105134.4,300038.11875,4244878.0,14.413780686905875,11.080000114440915,6.255644416809082,6.286511135101319,2.666666666666667,7.933333333333334,0.6666666666666667,327.0,0.12,0.0,76.0,3.333333333333333,0.0,1021.2,331.0,0.3133333333333333,5.75,4.716666666666667,23.73333333333333,331.0,0.3133333333333333,4.716666666666667,2.0,349.0,2.933333333333333,1.7366666666666666,180.0,0.0,1.0,1.0,47481,0,1,0,1,0,0,0,1,0,0,1,0,0,1,0,0,1,0,0,1
0.0,0.0,0.2801604987250433,512.6,4690600.0,0.0,0.0,0.0,0.2769659152560764,511.6,4629800.0,0.0,0.0,0.0,0.0,0.0,0.0,0.5571264139811197,9320400.0,210.117048100574,64.59360046386719,1985739.2,293499.25625,64.2134002685547,1944447.6,289051.98125,3930186.8,8.78850271553345,5.739999961853028,5.442822265625,5.813222217559814,0.0,0.0,0.0,167.25,0.23,0.0,66.0,0.0,0.0,1011.825,274.25,0.7250000000000001,6.9375,6.0,19.85,270.25,0.78,5.6875,3.0,315.75,9.5,5.28,192.0,0.13,3.0125,2.3375,55965,0,0,1,0,1,0,0,1,0,0,1,0,0,1,0,0,1,0,0,1
0.0,0.0,0.4782552151150174,512.0,8400600.0,0.0,0.0,0.0,0.477729254828559,510.4,8263400.0,0.4703609619140625,510.8,8229600.0,0.0,0.0,0.0,1.426345431857639,24893600.0,21.99103486559932,107.99360046386718,8996100.6,795492.4125,108.14679870605468,9169340.8,809668.7625,18165441.4,39.6367436098421,38.53999938964844,9.085088539123536,9.465777587890624,0.0,0.0,0.0,251.5,0.395,0.0,81.0,0.0,0.0,1011.3,72.0,1.28,8.425,8.725,25.700000000000003,69.5,2.18,6.725,3.0,68.5,13.45,10.1,68.0,1.78,7.050000000000001,5.95,74818,0,1,0,1,0,1,0,0,1,0,0,1,0,0,1,0,0,1,0,0
